==> [1/4] Synthesis (yosys)

 /----------------------------------------------------------------------------\
 |  yosys -- Yosys Open SYnthesis Suite                                       |
 |  Copyright (C) 2012 - 2026  Claire Xenia Wolf <claire@yosyshq.com>         |
 |  Distributed under an ISC-like license, type "license" to see terms        |
 \----------------------------------------------------------------------------/
 Yosys 0.68 (git sha1 38e001a6f, Release, Clang /workspace/YoWASP/yosys/wasi-sdk-33.0-x86_64-linux/share/cmake/../..//bin/clang++ 22.1.0)

-- Running command `read_verilog cpu/src/alu.v; read_verilog cpu/src/alu_control_unit.v; read_verilog cpu/src/control_unit.v; read_verilog cpu/src/imm_gen.v; read_verilog cpu/src/instr_mem.v; read_verilog cpu/src/pc.v; read_verilog cpu/src/reg_file.v; read_verilog cpu/src/cpu.v; read_verilog data_mem.v; read_verilog uart/src/uart_tx.v; read_verilog uart/src/uart_rx.v; read_verilog soc_top/soc_top.v;  synth_gowin -top soc_top -json build/soc_top.json' --

1. Executing Verilog-2005 frontend: cpu/src/alu.v
Parsing Verilog input from `cpu/src/alu.v' to AST representation.
Generating RTLIL representation for module `\alu'.
Successfully finished Verilog frontend.

2. Executing Verilog-2005 frontend: cpu/src/alu_control_unit.v
Parsing Verilog input from `cpu/src/alu_control_unit.v' to AST representation.
Generating RTLIL representation for module `\alu_control_unit'.
Successfully finished Verilog frontend.

3. Executing Verilog-2005 frontend: cpu/src/control_unit.v
Parsing Verilog input from `cpu/src/control_unit.v' to AST representation.
Generating RTLIL representation for module `\control_unit'.
Successfully finished Verilog frontend.

4. Executing Verilog-2005 frontend: cpu/src/imm_gen.v
Parsing Verilog input from `cpu/src/imm_gen.v' to AST representation.
Generating RTLIL representation for module `\imm_gen'.
Successfully finished Verilog frontend.

5. Executing Verilog-2005 frontend: cpu/src/instr_mem.v
Parsing Verilog input from `cpu/src/instr_mem.v' to AST representation.
Generating RTLIL representation for module `\instr_mem'.
Successfully finished Verilog frontend.

6. Executing Verilog-2005 frontend: cpu/src/pc.v
Parsing Verilog input from `cpu/src/pc.v' to AST representation.
Generating RTLIL representation for module `\pc'.
Successfully finished Verilog frontend.

7. Executing Verilog-2005 frontend: cpu/src/reg_file.v
Parsing Verilog input from `cpu/src/reg_file.v' to AST representation.
Generating RTLIL representation for module `\reg_file'.
Successfully finished Verilog frontend.

8. Executing Verilog-2005 frontend: cpu/src/cpu.v
Parsing Verilog input from `cpu/src/cpu.v' to AST representation.
Generating RTLIL representation for module `\cpu'.
Successfully finished Verilog frontend.

9. Executing Verilog-2005 frontend: data_mem.v
Parsing Verilog input from `data_mem.v' to AST representation.
Generating RTLIL representation for module `\data_mem'.
Successfully finished Verilog frontend.

10. Executing Verilog-2005 frontend: uart/src/uart_tx.v
Parsing Verilog input from `uart/src/uart_tx.v' to AST representation.
Generating RTLIL representation for module `\uart_tx'.
Successfully finished Verilog frontend.

11. Executing Verilog-2005 frontend: uart/src/uart_rx.v
Parsing Verilog input from `uart/src/uart_rx.v' to AST representation.
Generating RTLIL representation for module `\uart_rx'.
Successfully finished Verilog frontend.

12. Executing Verilog-2005 frontend: soc_top/soc_top.v
Parsing Verilog input from `soc_top/soc_top.v' to AST representation.
Generating RTLIL representation for module `\soc_top'.
Successfully finished Verilog frontend.

13. Executing SYNTH_GOWIN pass.

13.1. Executing Verilog-2005 frontend: /share/gowin/cells_sim.v
Parsing Verilog input from `/share/gowin/cells_sim.v' to AST representation.
Generating RTLIL representation for module `\LUT1'.
Generating RTLIL representation for module `\LUT2'.
Generating RTLIL representation for module `\LUT3'.
Generating RTLIL representation for module `\LUT4'.
Generating RTLIL representation for module `\__APICULA_LUT5'.
Generating RTLIL representation for module `\__APICULA_LUT6'.
Generating RTLIL representation for module `\__APICULA_LUT7'.
Generating RTLIL representation for module `\__APICULA_LUT8'.
Generating RTLIL representation for module `\MUX2'.
Generating RTLIL representation for module `\MUX2_LUT5'.
Generating RTLIL representation for module `\MUX2_LUT6'.
Generating RTLIL representation for module `\MUX2_LUT7'.
Generating RTLIL representation for module `\MUX2_LUT8'.
Generating RTLIL representation for module `\DFF'.
Generating RTLIL representation for module `\DFFE'.
Generating RTLIL representation for module `\DFFS'.
Generating RTLIL representation for module `\DFFSE'.
Generating RTLIL representation for module `\DFFR'.
Generating RTLIL representation for module `\DFFRE'.
Generating RTLIL representation for module `\DFFP'.
Generating RTLIL representation for module `\DFFPE'.
Generating RTLIL representation for module `\DFFC'.
Generating RTLIL representation for module `\DFFCE'.
Generating RTLIL representation for module `\DFFN'.
Generating RTLIL representation for module `\DFFNE'.
Generating RTLIL representation for module `\DFFNS'.
Generating RTLIL representation for module `\DFFNSE'.
Generating RTLIL representation for module `\DFFNR'.
Generating RTLIL representation for module `\DFFNRE'.
Generating RTLIL representation for module `\DFFNP'.
Generating RTLIL representation for module `\DFFNPE'.
Generating RTLIL representation for module `\DFFNC'.
Generating RTLIL representation for module `\DFFNCE'.
Generating RTLIL representation for module `\DL'.
Generating RTLIL representation for module `\DLN'.
Generating RTLIL representation for module `\DLE'.
Generating RTLIL representation for module `\DLNE'.
Generating RTLIL representation for module `\DLC'.
Generating RTLIL representation for module `\DLCE'.
Generating RTLIL representation for module `\DLNC'.
Generating RTLIL representation for module `\DLNCE'.
Generating RTLIL representation for module `\DLP'.
Generating RTLIL representation for module `\DLPE'.
Generating RTLIL representation for module `\DLNP'.
Generating RTLIL representation for module `\DLNPE'.
Generating RTLIL representation for module `\VCC'.
Generating RTLIL representation for module `\GND'.
Generating RTLIL representation for module `\IBUF'.
Generating RTLIL representation for module `\OBUF'.
Generating RTLIL representation for module `\TBUF'.
Generating RTLIL representation for module `\IOBUF'.
Generating RTLIL representation for module `\ELVDS_OBUF'.
Generating RTLIL representation for module `\TLVDS_OBUF'.
Generating RTLIL representation for module `\OSER4'.
Generating RTLIL representation for module `\OSER4_MEM'.
Generating RTLIL representation for module `\OSER8'.
Generating RTLIL representation for module `\OSER10'.
Generating RTLIL representation for module `\OVIDEO'.
Generating RTLIL representation for module `\OSER16'.
Generating RTLIL representation for module `\IDES4'.
Generating RTLIL representation for module `\IDES4_MEM'.
Generating RTLIL representation for module `\IDES8'.
Generating RTLIL representation for module `\IDES10'.
Generating RTLIL representation for module `\IVIDEO'.
Generating RTLIL representation for module `\IDES16'.
Generating RTLIL representation for module `\IDDR'.
Generating RTLIL representation for module `\IDDRC'.
Generating RTLIL representation for module `\DQS'.
Generating RTLIL representation for module `\ODDR'.
Generating RTLIL representation for module `\ODDRC'.
Generating RTLIL representation for module `\GSR'.
Generating RTLIL representation for module `\BANDGAP'.
Generating RTLIL representation for module `\ALU'.
Generating RTLIL representation for module `\RAM16S1'.
Generating RTLIL representation for module `\RAM16S2'.
Generating RTLIL representation for module `\RAM16S4'.
Generating RTLIL representation for module `\RAM16SDP1'.
Generating RTLIL representation for module `\RAM16SDP2'.
Generating RTLIL representation for module `\RAM16SDP4'.
Generating RTLIL representation for module `\SP'.
Generating RTLIL representation for module `\SPX9'.
Generating RTLIL representation for module `\SDP'.
Generating RTLIL representation for module `\SDPX9'.
Generating RTLIL representation for module `\DP'.
Generating RTLIL representation for module `\DPX9'.
Generating RTLIL representation for module `\rPLL'.
Generating RTLIL representation for module `\PLLVR'.
Generating RTLIL representation for module `\OSC'.
Generating RTLIL representation for module `\OSCZ'.
Generating RTLIL representation for module `\OSCF'.
Generating RTLIL representation for module `\OSCH'.
Generating RTLIL representation for module `\OSCW'.
Generating RTLIL representation for module `\OSCO'.
Generating RTLIL representation for module `\EMCU'.
Successfully finished Verilog frontend.

13.2. Executing Verilog-2005 frontend: /share/gowin/cells_xtra_gw1n.v
Parsing Verilog input from `/share/gowin/cells_xtra_gw1n.v' to AST representation.
Generating RTLIL representation for module `\LUT5'.
Generating RTLIL representation for module `\LUT6'.
Generating RTLIL representation for module `\LUT7'.
Generating RTLIL representation for module `\LUT8'.
Generating RTLIL representation for module `\INV'.
Generating RTLIL representation for module `\IODELAY'.
Generating RTLIL representation for module `\IEM'.
Generating RTLIL representation for module `\ROM16'.
Generating RTLIL representation for module `\ROM'.
Generating RTLIL representation for module `\ROMX9'.
Generating RTLIL representation for module `\pROM'.
Generating RTLIL representation for module `\pROMX9'.
Generating RTLIL representation for module `\SDPB'.
Generating RTLIL representation for module `\SDPX9B'.
Generating RTLIL representation for module `\DPB'.
Generating RTLIL representation for module `\DPX9B'.
Generating RTLIL representation for module `\PADD18'.
Generating RTLIL representation for module `\PADD9'.
Generating RTLIL representation for module `\MULT9X9'.
Generating RTLIL representation for module `\MULT18X18'.
Generating RTLIL representation for module `\MULT36X36'.
Generating RTLIL representation for module `\MULTALU36X18'.
Generating RTLIL representation for module `\MULTADDALU18X18'.
Generating RTLIL representation for module `\MULTALU18X18'.
Generating RTLIL representation for module `\ALU54D'.
Generating RTLIL representation for module `\BUFG'.
Generating RTLIL representation for module `\BUFS'.
Generating RTLIL representation for module `\PLL'.
Generating RTLIL representation for module `\TLVDS_IBUF'.
Generating RTLIL representation for module `\TLVDS_TBUF'.
Generating RTLIL representation for module `\TLVDS_IOBUF'.
Generating RTLIL representation for module `\ELVDS_IBUF'.
Generating RTLIL representation for module `\ELVDS_TBUF'.
Generating RTLIL representation for module `\ELVDS_IOBUF'.
Generating RTLIL representation for module `\MIPI_IBUF'.
Generating RTLIL representation for module `\MIPI_IBUF_HS'.
Generating RTLIL representation for module `\MIPI_IBUF_LP'.
Generating RTLIL representation for module `\MIPI_OBUF'.
Generating RTLIL representation for module `\MIPI_OBUF_A'.
Generating RTLIL representation for module `\ELVDS_IBUF_MIPI'.
Generating RTLIL representation for module `\I3C_IOBUF'.
Generating RTLIL representation for module `\CLKDIV'.
Generating RTLIL representation for module `\DHCEN'.
Generating RTLIL representation for module `\DLLDLY'.
Generating RTLIL representation for module `\FLASH96K'.
Generating RTLIL representation for module `\FLASH256K'.
Generating RTLIL representation for module `\FLASH608K'.
Generating RTLIL representation for module `\DCS'.
Generating RTLIL representation for module `\DQCE'.
Generating RTLIL representation for module `\CLKDIV2'.
Generating RTLIL representation for module `\DHCENC'.
Generating RTLIL representation for module `\FLASH64K'.
Generating RTLIL representation for module `\FLASH64KZ'.
Successfully finished Verilog frontend.

13.3. Executing HIERARCHY pass (managing design hierarchy).

13.3.1. Analyzing design hierarchy..
Top module:  \soc_top
Used module:     \uart_rx
Used module:     \uart_tx
Used module:     \data_mem
Used module:     \cpu
Used module:         \alu
Used module:         \imm_gen
Used module:         \alu_control_unit
Used module:         \reg_file
Used module:         \control_unit
Used module:         \instr_mem
Used module:         \pc
Parameter \CLKS_PER_BIT = 234

13.3.2. Executing AST frontend in derive mode using pre-parsed AST for module `\uart_rx'.
Parameter \CLKS_PER_BIT = 234
Generating RTLIL representation for module `$paramod\uart_rx\CLKS_PER_BIT=s32'00000000000000000000000011101010'.
Parameter \CLKS_PER_BIT = 234

13.3.3. Executing AST frontend in derive mode using pre-parsed AST for module `\uart_tx'.
Parameter \CLKS_PER_BIT = 234
Generating RTLIL representation for module `$paramod\uart_tx\CLKS_PER_BIT=s32'00000000000000000000000011101010'.

13.3.4. Analyzing design hierarchy..
Top module:  \soc_top
Used module:     $paramod\uart_rx\CLKS_PER_BIT=s32'00000000000000000000000011101010
Used module:     $paramod\uart_tx\CLKS_PER_BIT=s32'00000000000000000000000011101010
Used module:     \data_mem
Used module:     \cpu
Used module:         \alu
Used module:         \imm_gen
Used module:         \alu_control_unit
Used module:         \reg_file
Used module:         \control_unit
Used module:         \instr_mem
Used module:         \pc

13.3.5. Analyzing design hierarchy..
Top module:  \soc_top
Used module:     $paramod\uart_rx\CLKS_PER_BIT=s32'00000000000000000000000011101010
Used module:     $paramod\uart_tx\CLKS_PER_BIT=s32'00000000000000000000000011101010
Used module:     \data_mem
Used module:     \cpu
Used module:         \alu
Used module:         \imm_gen
Used module:         \alu_control_unit
Used module:         \reg_file
Used module:         \control_unit
Used module:         \instr_mem
Used module:         \pc
Removing unused module `\uart_rx'.
Removing unused module `\uart_tx'.
Removed 2 unused modules.

13.4. Executing PROC pass (convert processes to netlists).

13.4.1. Executing PROC_CLEAN pass (remove empty switches from decision trees).
Cleaned up 0 empty switches.

13.4.2. Executing PROC_RMDEAD pass (remove dead branches from decision trees).
Marked 2 switch rules as full_case in process $proc$soc_top/soc_top.v:94$155 in module soc_top.
Marked 1 switch rules as full_case in process $proc$soc_top/soc_top.v:51$151 in module soc_top.
Marked 5 switch rules as full_case in process $proc$uart/src/uart_tx.v:29$533 in module $paramod\uart_tx\CLKS_PER_BIT=s32'00000000000000000000000011101010.
Marked 7 switch rules as full_case in process $proc$uart/src/uart_rx.v:36$502 in module $paramod\uart_rx\CLKS_PER_BIT=s32'00000000000000000000000011101010.
Marked 1 switch rules as full_case in process $proc$data_mem.v:11$85 in module data_mem.
Marked 1 switch rules as full_case in process $proc$cpu/src/cpu.v:44$77 in module cpu.
Marked 1 switch rules as full_case in process $proc$cpu/src/reg_file.v:16$41 in module reg_file.
Marked 1 switch rules as full_case in process $proc$cpu/src/pc.v:8$38 in module pc.
Marked 1 switch rules as full_case in process $proc$cpu/src/imm_gen.v:11$17 in module imm_gen.
Removed 1 dead cases from process $proc$cpu/src/control_unit.v:16$15 in module control_unit.
Marked 2 switch rules as full_case in process $proc$cpu/src/control_unit.v:16$15 in module control_unit.
Removed 1 dead cases from process $proc$cpu/src/alu_control_unit.v:14$13 in module alu_control_unit.
Marked 2 switch rules as full_case in process $proc$cpu/src/alu_control_unit.v:14$13 in module alu_control_unit.
Marked 1 switch rules as full_case in process $proc$cpu/src/alu.v:11$2 in module alu.
Removed a total of 2 dead cases.

13.4.3. Executing PROC_PRUNE pass (remove redundant assignments in processes).
Removed 3 redundant assignments.
Promoted 40 assignments to connections.

13.4.4. Executing PROC_INIT pass (extract init attributes).
Found init rule in `$paramod\uart_tx\CLKS_PER_BIT=s32'00000000000000000000000011101010.$proc$uart/src/uart_tx.v:27$549'.
  Set init value: \r_Tx_Active = 1'0
Found init rule in `$paramod\uart_tx\CLKS_PER_BIT=s32'00000000000000000000000011101010.$proc$uart/src/uart_tx.v:26$548'.
  Set init value: \r_Tx_Done = 1'0
Found init rule in `$paramod\uart_tx\CLKS_PER_BIT=s32'00000000000000000000000011101010.$proc$uart/src/uart_tx.v:25$547'.
  Set init value: \r_Tx_Data = 8'00000000
Found init rule in `$paramod\uart_tx\CLKS_PER_BIT=s32'00000000000000000000000011101010.$proc$uart/src/uart_tx.v:24$546'.
  Set init value: \r_Bit_Index = 3'000
Found init rule in `$paramod\uart_tx\CLKS_PER_BIT=s32'00000000000000000000000011101010.$proc$uart/src/uart_tx.v:23$545'.
  Set init value: \r_Clock_Count = 8'00000000
Found init rule in `$paramod\uart_tx\CLKS_PER_BIT=s32'00000000000000000000000011101010.$proc$uart/src/uart_tx.v:22$544'.
  Set init value: \r_SM_Main = 3'000
Found init rule in `$paramod\uart_rx\CLKS_PER_BIT=s32'00000000000000000000000011101010.$proc$uart/src/uart_rx.v:28$532'.
  Set init value: \r_SM_Main = 3'000
Found init rule in `$paramod\uart_rx\CLKS_PER_BIT=s32'00000000000000000000000011101010.$proc$uart/src/uart_rx.v:27$531'.
  Set init value: \r_Rx_DV = 1'0
Found init rule in `$paramod\uart_rx\CLKS_PER_BIT=s32'00000000000000000000000011101010.$proc$uart/src/uart_rx.v:26$530'.
  Set init value: \r_Rx_Byte = 8'00000000
Found init rule in `$paramod\uart_rx\CLKS_PER_BIT=s32'00000000000000000000000011101010.$proc$uart/src/uart_rx.v:25$529'.
  Set init value: \r_Bit_Index = 3'000
Found init rule in `$paramod\uart_rx\CLKS_PER_BIT=s32'00000000000000000000000011101010.$proc$uart/src/uart_rx.v:24$528'.
  Set init value: \r_Clock_Count = 8'00000000
Found init rule in `$paramod\uart_rx\CLKS_PER_BIT=s32'00000000000000000000000011101010.$proc$uart/src/uart_rx.v:22$527'.
  Set init value: \r_Rx_Data = 1'1
Found init rule in `$paramod\uart_rx\CLKS_PER_BIT=s32'00000000000000000000000011101010.$proc$uart/src/uart_rx.v:21$526'.
  Set init value: \r_Rx_Data_R = 1'1

13.4.5. Executing PROC_ARST pass (detect async resets in processes).

13.4.6. Executing PROC_ROM pass (convert switches to ROMs).
Converted 0 switches.
<suppressed ~28 debug messages>

13.4.7. Executing PROC_MUX pass (convert decision trees to multiplexers).
Creating decoders for process `\soc_top.$proc$soc_top/soc_top.v:94$155'.
     1/2: $0\rx_ready[0:0]
     2/2: $0\rx_byte_latched[7:0]
Creating decoders for process `\soc_top.$proc$soc_top/soc_top.v:51$151'.
     1/1: $0\gpio_out[31:0]
Creating decoders for process `$paramod\uart_tx\CLKS_PER_BIT=s32'00000000000000000000000011101010.$proc$uart/src/uart_tx.v:27$549'.
Creating decoders for process `$paramod\uart_tx\CLKS_PER_BIT=s32'00000000000000000000000011101010.$proc$uart/src/uart_tx.v:26$548'.
Creating decoders for process `$paramod\uart_tx\CLKS_PER_BIT=s32'00000000000000000000000011101010.$proc$uart/src/uart_tx.v:25$547'.
Creating decoders for process `$paramod\uart_tx\CLKS_PER_BIT=s32'00000000000000000000000011101010.$proc$uart/src/uart_tx.v:24$546'.
Creating decoders for process `$paramod\uart_tx\CLKS_PER_BIT=s32'00000000000000000000000011101010.$proc$uart/src/uart_tx.v:23$545'.
Creating decoders for process `$paramod\uart_tx\CLKS_PER_BIT=s32'00000000000000000000000011101010.$proc$uart/src/uart_tx.v:22$544'.
Creating decoders for process `$paramod\uart_tx\CLKS_PER_BIT=s32'00000000000000000000000011101010.$proc$uart/src/uart_tx.v:29$533'.
     1/7: $0\r_Tx_Active[0:0]
     2/7: $0\r_Tx_Done[0:0]
     3/7: $0\r_Tx_Data[7:0]
     4/7: $0\r_Bit_Index[2:0]
     5/7: $0\r_Clock_Count[7:0]
     6/7: $0\r_SM_Main[2:0]
     7/7: $0\o_Tx_Serial[0:0]
Creating decoders for process `$paramod\uart_rx\CLKS_PER_BIT=s32'00000000000000000000000011101010.$proc$uart/src/uart_rx.v:28$532'.
Creating decoders for process `$paramod\uart_rx\CLKS_PER_BIT=s32'00000000000000000000000011101010.$proc$uart/src/uart_rx.v:27$531'.
Creating decoders for process `$paramod\uart_rx\CLKS_PER_BIT=s32'00000000000000000000000011101010.$proc$uart/src/uart_rx.v:26$530'.
Creating decoders for process `$paramod\uart_rx\CLKS_PER_BIT=s32'00000000000000000000000011101010.$proc$uart/src/uart_rx.v:25$529'.
Creating decoders for process `$paramod\uart_rx\CLKS_PER_BIT=s32'00000000000000000000000011101010.$proc$uart/src/uart_rx.v:24$528'.
Creating decoders for process `$paramod\uart_rx\CLKS_PER_BIT=s32'00000000000000000000000011101010.$proc$uart/src/uart_rx.v:22$527'.
Creating decoders for process `$paramod\uart_rx\CLKS_PER_BIT=s32'00000000000000000000000011101010.$proc$uart/src/uart_rx.v:21$526'.
Creating decoders for process `$paramod\uart_rx\CLKS_PER_BIT=s32'00000000000000000000000011101010.$proc$uart/src/uart_rx.v:36$502'.
     1/8: $2$lookahead\r_Rx_Byte$501[7:0]$513
     2/8: $2$bitselwrite$pos$uart/src/uart_rx.v:72$499[2:0]$512
     3/8: $0\r_SM_Main[2:0]
     4/8: $1$lookahead\r_Rx_Byte$501[7:0]$506
     5/8: $1$bitselwrite$pos$uart/src/uart_rx.v:72$499[2:0]$505
     6/8: $0\r_Rx_DV[0:0]
     7/8: $0\r_Bit_Index[2:0]
     8/8: $0\r_Clock_Count[7:0]
Creating decoders for process `$paramod\uart_rx\CLKS_PER_BIT=s32'00000000000000000000000011101010.$proc$uart/src/uart_rx.v:31$500'.
Creating decoders for process `\data_mem.$proc$data_mem.v:11$85'.
     1/3: $1$memwr$\mem$data_mem.v:13$84_EN[31:0]$91
     2/3: $1$memwr$\mem$data_mem.v:13$84_DATA[31:0]$90
     3/3: $1$memwr$\mem$data_mem.v:13$84_ADDR[29:0]$89
Creating decoders for process `\cpu.$proc$cpu/src/cpu.v:44$77'.
     1/1: $0\load_stage[0:0]
Creating decoders for process `\reg_file.$proc$cpu/src/reg_file.v:16$41'.
     1/2: $1$lookahead\regs_flat$40[511:0]$47
     2/2: $1$bitselwrite$pos$cpu/src/reg_file.v:18$39[31:0]$46
Creating decoders for process `\pc.$proc$cpu/src/pc.v:8$38'.
     1/1: $0\o_pc_out[31:0]
Creating decoders for process `\instr_mem.$proc$cpu/src/instr_mem.v:14$31'.
Creating decoders for process `\imm_gen.$proc$cpu/src/imm_gen.v:11$17'.
     1/1: $1\o_imm[31:0]
Creating decoders for process `\control_unit.$proc$cpu/src/control_unit.v:16$15'.
     1/8: $2\o_mem_read[0:0]
     2/8: $2\o_mem_to_reg[0:0]
     3/8: $1\o_branch[0:0]
     4/8: $1\o_mem_to_reg[0:0]
     5/8: $1\o_mem_read[0:0]
     6/8: $1\o_mem_write[0:0]
     7/8: $1\o_alu_src[0:0]
     8/8: $1\o_reg_write[0:0]
Creating decoders for process `\alu_control_unit.$proc$cpu/src/alu_control_unit.v:14$13'.
     1/2: $2\o_alu_op[3:0]
     2/2: $1\o_alu_op[3:0]
Creating decoders for process `\alu.$proc$cpu/src/alu.v:11$2'.
     1/1: $1\o_result[31:0]

13.4.8. Executing PROC_DLATCH pass (convert process syncs to latches).
No latch inferred for signal `\instr_mem.$memwr$\instr_mem$cpu/src/instr_mem.v:15$18_EN' from process `\instr_mem.$proc$cpu/src/instr_mem.v:14$31'.
No latch inferred for signal `\instr_mem.$memwr$\instr_mem$cpu/src/instr_mem.v:16$19_EN' from process `\instr_mem.$proc$cpu/src/instr_mem.v:14$31'.
No latch inferred for signal `\instr_mem.$memwr$\instr_mem$cpu/src/instr_mem.v:17$20_EN' from process `\instr_mem.$proc$cpu/src/instr_mem.v:14$31'.
No latch inferred for signal `\instr_mem.$memwr$\instr_mem$cpu/src/instr_mem.v:18$21_EN' from process `\instr_mem.$proc$cpu/src/instr_mem.v:14$31'.
No latch inferred for signal `\instr_mem.$memwr$\instr_mem$cpu/src/instr_mem.v:19$22_EN' from process `\instr_mem.$proc$cpu/src/instr_mem.v:14$31'.
No latch inferred for signal `\instr_mem.$memwr$\instr_mem$cpu/src/instr_mem.v:20$23_EN' from process `\instr_mem.$proc$cpu/src/instr_mem.v:14$31'.
No latch inferred for signal `\imm_gen.\o_imm' from process `\imm_gen.$proc$cpu/src/imm_gen.v:11$17'.
No latch inferred for signal `\control_unit.\o_reg_write' from process `\control_unit.$proc$cpu/src/control_unit.v:16$15'.
No latch inferred for signal `\control_unit.\o_alu_src' from process `\control_unit.$proc$cpu/src/control_unit.v:16$15'.
No latch inferred for signal `\control_unit.\o_mem_write' from process `\control_unit.$proc$cpu/src/control_unit.v:16$15'.
No latch inferred for signal `\control_unit.\o_mem_read' from process `\control_unit.$proc$cpu/src/control_unit.v:16$15'.
No latch inferred for signal `\control_unit.\o_mem_to_reg' from process `\control_unit.$proc$cpu/src/control_unit.v:16$15'.
No latch inferred for signal `\control_unit.\o_branch' from process `\control_unit.$proc$cpu/src/control_unit.v:16$15'.
No latch inferred for signal `\alu_control_unit.\o_alu_op' from process `\alu_control_unit.$proc$cpu/src/alu_control_unit.v:14$13'.
No latch inferred for signal `\alu.\o_result' from process `\alu.$proc$cpu/src/alu.v:11$2'.

13.4.9. Executing PROC_DFF pass (convert process syncs to FFs).
Creating register for signal `\soc_top.\rx_byte_latched' using process `\soc_top.$proc$soc_top/soc_top.v:94$155'.
  created $dff cell `$procdff$836' with positive edge clock.
Creating register for signal `\soc_top.\rx_ready' using process `\soc_top.$proc$soc_top/soc_top.v:94$155'.
  created $dff cell `$procdff$837' with positive edge clock.
Creating register for signal `\soc_top.\gpio_out' using process `\soc_top.$proc$soc_top/soc_top.v:51$151'.
  created $dff cell `$procdff$838' with positive edge clock.
Creating register for signal `$paramod\uart_tx\CLKS_PER_BIT=s32'00000000000000000000000011101010.\o_Tx_Serial' using process `$paramod\uart_tx\CLKS_PER_BIT=s32'00000000000000000000000011101010.$proc$uart/src/uart_tx.v:29$533'.
  created $dff cell `$procdff$839' with positive edge clock.
Creating register for signal `$paramod\uart_tx\CLKS_PER_BIT=s32'00000000000000000000000011101010.\r_SM_Main' using process `$paramod\uart_tx\CLKS_PER_BIT=s32'00000000000000000000000011101010.$proc$uart/src/uart_tx.v:29$533'.
  created $dff cell `$procdff$840' with positive edge clock.
Creating register for signal `$paramod\uart_tx\CLKS_PER_BIT=s32'00000000000000000000000011101010.\r_Clock_Count' using process `$paramod\uart_tx\CLKS_PER_BIT=s32'00000000000000000000000011101010.$proc$uart/src/uart_tx.v:29$533'.
  created $dff cell `$procdff$841' with positive edge clock.
Creating register for signal `$paramod\uart_tx\CLKS_PER_BIT=s32'00000000000000000000000011101010.\r_Bit_Index' using process `$paramod\uart_tx\CLKS_PER_BIT=s32'00000000000000000000000011101010.$proc$uart/src/uart_tx.v:29$533'.
  created $dff cell `$procdff$842' with positive edge clock.
Creating register for signal `$paramod\uart_tx\CLKS_PER_BIT=s32'00000000000000000000000011101010.\r_Tx_Data' using process `$paramod\uart_tx\CLKS_PER_BIT=s32'00000000000000000000000011101010.$proc$uart/src/uart_tx.v:29$533'.
  created $dff cell `$procdff$843' with positive edge clock.
Creating register for signal `$paramod\uart_tx\CLKS_PER_BIT=s32'00000000000000000000000011101010.\r_Tx_Done' using process `$paramod\uart_tx\CLKS_PER_BIT=s32'00000000000000000000000011101010.$proc$uart/src/uart_tx.v:29$533'.
  created $dff cell `$procdff$844' with positive edge clock.
Creating register for signal `$paramod\uart_tx\CLKS_PER_BIT=s32'00000000000000000000000011101010.\r_Tx_Active' using process `$paramod\uart_tx\CLKS_PER_BIT=s32'00000000000000000000000011101010.$proc$uart/src/uart_tx.v:29$533'.
  created $dff cell `$procdff$845' with positive edge clock.
Creating register for signal `$paramod\uart_rx\CLKS_PER_BIT=s32'00000000000000000000000011101010.\r_SM_Main' using process `$paramod\uart_rx\CLKS_PER_BIT=s32'00000000000000000000000011101010.$proc$uart/src/uart_rx.v:36$502'.
  created $dff cell `$procdff$846' with positive edge clock.
Creating register for signal `$paramod\uart_rx\CLKS_PER_BIT=s32'00000000000000000000000011101010.\r_Clock_Count' using process `$paramod\uart_rx\CLKS_PER_BIT=s32'00000000000000000000000011101010.$proc$uart/src/uart_rx.v:36$502'.
  created $dff cell `$procdff$847' with positive edge clock.
Creating register for signal `$paramod\uart_rx\CLKS_PER_BIT=s32'00000000000000000000000011101010.\r_Bit_Index' using process `$paramod\uart_rx\CLKS_PER_BIT=s32'00000000000000000000000011101010.$proc$uart/src/uart_rx.v:36$502'.
  created $dff cell `$procdff$848' with positive edge clock.
Creating register for signal `$paramod\uart_rx\CLKS_PER_BIT=s32'00000000000000000000000011101010.\r_Rx_Byte' using process `$paramod\uart_rx\CLKS_PER_BIT=s32'00000000000000000000000011101010.$proc$uart/src/uart_rx.v:36$502'.
  created $dff cell `$procdff$849' with positive edge clock.
Creating register for signal `$paramod\uart_rx\CLKS_PER_BIT=s32'00000000000000000000000011101010.\r_Rx_DV' using process `$paramod\uart_rx\CLKS_PER_BIT=s32'00000000000000000000000011101010.$proc$uart/src/uart_rx.v:36$502'.
  created $dff cell `$procdff$850' with positive edge clock.
Creating register for signal `$paramod\uart_rx\CLKS_PER_BIT=s32'00000000000000000000000011101010.$bitselwrite$pos$uart/src/uart_rx.v:72$499' using process `$paramod\uart_rx\CLKS_PER_BIT=s32'00000000000000000000000011101010.$proc$uart/src/uart_rx.v:36$502'.
  created $dff cell `$procdff$851' with positive edge clock.
Creating register for signal `$paramod\uart_rx\CLKS_PER_BIT=s32'00000000000000000000000011101010.$lookahead\r_Rx_Byte$501' using process `$paramod\uart_rx\CLKS_PER_BIT=s32'00000000000000000000000011101010.$proc$uart/src/uart_rx.v:36$502'.
  created $dff cell `$procdff$852' with positive edge clock.
Creating register for signal `$paramod\uart_rx\CLKS_PER_BIT=s32'00000000000000000000000011101010.\r_Rx_Data_R' using process `$paramod\uart_rx\CLKS_PER_BIT=s32'00000000000000000000000011101010.$proc$uart/src/uart_rx.v:31$500'.
  created $dff cell `$procdff$853' with positive edge clock.
Creating register for signal `$paramod\uart_rx\CLKS_PER_BIT=s32'00000000000000000000000011101010.\r_Rx_Data' using process `$paramod\uart_rx\CLKS_PER_BIT=s32'00000000000000000000000011101010.$proc$uart/src/uart_rx.v:31$500'.
  created $dff cell `$procdff$854' with positive edge clock.
Creating register for signal `\data_mem.\o_data_out' using process `\data_mem.$proc$data_mem.v:11$85'.
  created $dff cell `$procdff$855' with positive edge clock.
Creating register for signal `\data_mem.$memwr$\mem$data_mem.v:13$84_ADDR' using process `\data_mem.$proc$data_mem.v:11$85'.
  created $dff cell `$procdff$856' with positive edge clock.
Creating register for signal `\data_mem.$memwr$\mem$data_mem.v:13$84_DATA' using process `\data_mem.$proc$data_mem.v:11$85'.
  created $dff cell `$procdff$857' with positive edge clock.
Creating register for signal `\data_mem.$memwr$\mem$data_mem.v:13$84_EN' using process `\data_mem.$proc$data_mem.v:11$85'.
  created $dff cell `$procdff$858' with positive edge clock.
Creating register for signal `\cpu.\load_stage' using process `\cpu.$proc$cpu/src/cpu.v:44$77'.
  created $dff cell `$procdff$859' with positive edge clock.
Creating register for signal `\reg_file.\regs_flat' using process `\reg_file.$proc$cpu/src/reg_file.v:16$41'.
  created $dff cell `$procdff$860' with positive edge clock.
Creating register for signal `\reg_file.$bitselwrite$pos$cpu/src/reg_file.v:18$39' using process `\reg_file.$proc$cpu/src/reg_file.v:16$41'.
  created $dff cell `$procdff$861' with positive edge clock.
Creating register for signal `\reg_file.$lookahead\regs_flat$40' using process `\reg_file.$proc$cpu/src/reg_file.v:16$41'.
  created $dff cell `$procdff$862' with positive edge clock.
Creating register for signal `\pc.\o_pc_out' using process `\pc.$proc$cpu/src/pc.v:8$38'.
  created $dff cell `$procdff$863' with positive edge clock.

13.4.10. Executing PROC_MEMWR pass (convert process memory writes to cells).

13.4.11. Executing PROC_CLEAN pass (remove empty switches from decision trees).
Found and cleaned up 3 empty switches in `\soc_top.$proc$soc_top/soc_top.v:94$155'.
Removing empty process `soc_top.$proc$soc_top/soc_top.v:94$155'.
Found and cleaned up 2 empty switches in `\soc_top.$proc$soc_top/soc_top.v:51$151'.
Removing empty process `soc_top.$proc$soc_top/soc_top.v:51$151'.
Removing empty process `$paramod\uart_tx\CLKS_PER_BIT=s32'00000000000000000000000011101010.$proc$uart/src/uart_tx.v:27$549'.
Removing empty process `$paramod\uart_tx\CLKS_PER_BIT=s32'00000000000000000000000011101010.$proc$uart/src/uart_tx.v:26$548'.
Removing empty process `$paramod\uart_tx\CLKS_PER_BIT=s32'00000000000000000000000011101010.$proc$uart/src/uart_tx.v:25$547'.
Removing empty process `$paramod\uart_tx\CLKS_PER_BIT=s32'00000000000000000000000011101010.$proc$uart/src/uart_tx.v:24$546'.
Removing empty process `$paramod\uart_tx\CLKS_PER_BIT=s32'00000000000000000000000011101010.$proc$uart/src/uart_tx.v:23$545'.
Removing empty process `$paramod\uart_tx\CLKS_PER_BIT=s32'00000000000000000000000011101010.$proc$uart/src/uart_tx.v:22$544'.
Found and cleaned up 6 empty switches in `$paramod\uart_tx\CLKS_PER_BIT=s32'00000000000000000000000011101010.$proc$uart/src/uart_tx.v:29$533'.
Removing empty process `$paramod\uart_tx\CLKS_PER_BIT=s32'00000000000000000000000011101010.$proc$uart/src/uart_tx.v:29$533'.
Removing empty process `$paramod\uart_rx\CLKS_PER_BIT=s32'00000000000000000000000011101010.$proc$uart/src/uart_rx.v:28$532'.
Removing empty process `$paramod\uart_rx\CLKS_PER_BIT=s32'00000000000000000000000011101010.$proc$uart/src/uart_rx.v:27$531'.
Removing empty process `$paramod\uart_rx\CLKS_PER_BIT=s32'00000000000000000000000011101010.$proc$uart/src/uart_rx.v:26$530'.
Removing empty process `$paramod\uart_rx\CLKS_PER_BIT=s32'00000000000000000000000011101010.$proc$uart/src/uart_rx.v:25$529'.
Removing empty process `$paramod\uart_rx\CLKS_PER_BIT=s32'00000000000000000000000011101010.$proc$uart/src/uart_rx.v:24$528'.
Removing empty process `$paramod\uart_rx\CLKS_PER_BIT=s32'00000000000000000000000011101010.$proc$uart/src/uart_rx.v:22$527'.
Removing empty process `$paramod\uart_rx\CLKS_PER_BIT=s32'00000000000000000000000011101010.$proc$uart/src/uart_rx.v:21$526'.
Found and cleaned up 7 empty switches in `$paramod\uart_rx\CLKS_PER_BIT=s32'00000000000000000000000011101010.$proc$uart/src/uart_rx.v:36$502'.
Removing empty process `$paramod\uart_rx\CLKS_PER_BIT=s32'00000000000000000000000011101010.$proc$uart/src/uart_rx.v:36$502'.
Removing empty process `$paramod\uart_rx\CLKS_PER_BIT=s32'00000000000000000000000011101010.$proc$uart/src/uart_rx.v:31$500'.
Found and cleaned up 1 empty switch in `\data_mem.$proc$data_mem.v:11$85'.
Removing empty process `data_mem.$proc$data_mem.v:11$85'.
Found and cleaned up 1 empty switch in `\cpu.$proc$cpu/src/cpu.v:44$77'.
Removing empty process `cpu.$proc$cpu/src/cpu.v:44$77'.
Found and cleaned up 1 empty switch in `\reg_file.$proc$cpu/src/reg_file.v:16$41'.
Removing empty process `reg_file.$proc$cpu/src/reg_file.v:16$41'.
Found and cleaned up 1 empty switch in `\pc.$proc$cpu/src/pc.v:8$38'.
Removing empty process `pc.$proc$cpu/src/pc.v:8$38'.
Removing empty process `instr_mem.$proc$cpu/src/instr_mem.v:14$31'.
Found and cleaned up 1 empty switch in `\imm_gen.$proc$cpu/src/imm_gen.v:11$17'.
Removing empty process `imm_gen.$proc$cpu/src/imm_gen.v:11$17'.
Found and cleaned up 2 empty switches in `\control_unit.$proc$cpu/src/control_unit.v:16$15'.
Removing empty process `control_unit.$proc$cpu/src/control_unit.v:16$15'.
Found and cleaned up 2 empty switches in `\alu_control_unit.$proc$cpu/src/alu_control_unit.v:14$13'.
Removing empty process `alu_control_unit.$proc$cpu/src/alu_control_unit.v:14$13'.
Found and cleaned up 1 empty switch in `\alu.$proc$cpu/src/alu.v:11$2'.
Removing empty process `alu.$proc$cpu/src/alu.v:11$2'.
Cleaned up 28 empty switches.

13.4.12. Executing OPT_EXPR pass (perform const folding).
Optimizing module soc_top.
<suppressed ~3 debug messages>
Optimizing module $paramod\uart_tx\CLKS_PER_BIT=s32'00000000000000000000000011101010.
<suppressed ~8 debug messages>
Optimizing module $paramod\uart_rx\CLKS_PER_BIT=s32'00000000000000000000000011101010.
<suppressed ~9 debug messages>
Optimizing module data_mem.
Optimizing module cpu.
<suppressed ~2 debug messages>
Optimizing module reg_file.
<suppressed ~3 debug messages>
Optimizing module pc.
Optimizing module instr_mem.
Optimizing module imm_gen.
Optimizing module control_unit.
<suppressed ~6 debug messages>
Optimizing module alu_control_unit.
<suppressed ~1 debug messages>
Optimizing module alu.
<suppressed ~2 debug messages>

13.5. Executing CHECK pass (checking for obvious problems).
Checking module soc_top...
Checking module $paramod\uart_tx\CLKS_PER_BIT=s32'00000000000000000000000011101010...
Checking module $paramod\uart_rx\CLKS_PER_BIT=s32'00000000000000000000000011101010...
Checking module data_mem...
Checking module cpu...
Checking module reg_file...
Checking module pc...
Checking module instr_mem...
Checking module imm_gen...
Checking module control_unit...
Checking module alu_control_unit...
Checking module alu...
Found and reported 0 problems.

13.6. Executing FLATTEN pass (flatten design).
Deleting now unused module $paramod\uart_tx\CLKS_PER_BIT=s32'00000000000000000000000011101010.
Deleting now unused module $paramod\uart_rx\CLKS_PER_BIT=s32'00000000000000000000000011101010.
Deleting now unused module data_mem.
Deleting now unused module cpu.
Deleting now unused module reg_file.
Deleting now unused module pc.
Deleting now unused module instr_mem.
Deleting now unused module imm_gen.
Deleting now unused module control_unit.
Deleting now unused module alu_control_unit.
Deleting now unused module alu.
<suppressed ~11 debug messages>

13.7. Executing TRIBUF pass.

13.8. Executing DEMINOUT pass (demote inout ports to input or output).

13.9. Executing OPT_EXPR pass (perform const folding).
Optimizing module soc_top.
<suppressed ~11 debug messages>

13.10. Executing OPT_CLEAN pass (remove unused cells and wires).
Finding unused cells or wires in module \soc_top..
Removed 22 unused cells and 197 unused wires.
<suppressed ~34 debug messages>

13.11. Executing CHECK pass (checking for obvious problems).
Checking module soc_top...
Found and reported 0 problems.

13.12. Executing OPT pass (performing simple optimizations).

13.12.1. Executing OPT_EXPR pass (perform const folding).
Optimizing module soc_top.

13.12.2. Executing OPT_MERGE pass (detect identical cells).
Finding identical cells in module `\soc_top'.
Computing hashes of 264 cells of `\soc_top'.
Finding duplicate cells in `\soc_top'.
Computing hashes of 200 cells of `\soc_top'.
Finding duplicate cells in `\soc_top'.
Computing hashes of 199 cells of `\soc_top'.
Finding duplicate cells in `\soc_top'.
<suppressed ~195 debug messages>
Removed a total of 65 cells.

13.12.3. Executing OPT_MUXTREE pass (detect dead branches in mux trees).
Running muxtree optimizer on module \soc_top..
  Creating internal representation of mux trees.
  Evaluating internal representation of mux trees.
  Analyzing evaluation results.
    dead port 2/2 on $mux $flatten\u_uart_rx.$procmux$658.
    dead port 2/2 on $mux $flatten\u_cpu.\u_control_unit.$procmux$780.
    dead port 2/2 on $mux $flatten\u_cpu.\u_control_unit.$procmux$773.
    dead port 2/2 on $mux $flatten\u_cpu.\u_alu_control_unit.$procmux$817.
Removed 4 multiplexer ports.
<suppressed ~117 debug messages>

13.12.4. Executing OPT_REDUCE pass (consolidate $*mux and $reduce_* inputs).
  Optimizing cells in module \soc_top.
    New ctrl vector for $pmux cell $flatten\u_uart_tx.$procmux$647: { $auto$opt_reduce.cc:137:opt_pmux$877 $flatten\u_uart_tx.$procmux$606_CMP $flatten\u_uart_tx.$procmux$622_CMP }
    Consolidated identical input bits for $mux cell $flatten\u_ram.$procmux$743:
      Old ports: A=0, B=32'11111111111111111111111111111111, Y=$flatten\u_ram.$0$memwr$\mem$data_mem.v:13$84_EN[31:0]$88
      New ports: A=1'0, B=1'1, Y=$flatten\u_ram.$0$memwr$\mem$data_mem.v:13$84_EN[31:0]$88 [0]
      New connections: $flatten\u_ram.$0$memwr$\mem$data_mem.v:13$84_EN[31:0]$88 [31:1] = { $flatten\u_ram.$0$memwr$\mem$data_mem.v:13$84_EN[31:0]$88 [0] $flatten\u_ram.$0$memwr$\mem$data_mem.v:13$84_EN[31:0]$88 [0] $flatten\u_ram.$0$memwr$\mem$data_mem.v:13$84_EN[31:0]$88 [0] $flatten\u_ram.$0$memwr$\mem$data_mem.v:13$84_EN[31:0]$88 [0] $flatten\u_ram.$0$memwr$\mem$data_mem.v:13$84_EN[31:0]$88 [0] $flatten\u_ram.$0$memwr$\mem$data_mem.v:13$84_EN[31:0]$88 [0] $flatten\u_ram.$0$memwr$\mem$data_mem.v:13$84_EN[31:0]$88 [0] $flatten\u_ram.$0$memwr$\mem$data_mem.v:13$84_EN[31:0]$88 [0] $flatten\u_ram.$0$memwr$\mem$data_mem.v:13$84_EN[31:0]$88 [0] $flatten\u_ram.$0$memwr$\mem$data_mem.v:13$84_EN[31:0]$88 [0] $flatten\u_ram.$0$memwr$\mem$data_mem.v:13$84_EN[31:0]$88 [0] $flatten\u_ram.$0$memwr$\mem$data_mem.v:13$84_EN[31:0]$88 [0] $flatten\u_ram.$0$memwr$\mem$data_mem.v:13$84_EN[31:0]$88 [0] $flatten\u_ram.$0$memwr$\mem$data_mem.v:13$84_EN[31:0]$88 [0] $flatten\u_ram.$0$memwr$\mem$data_mem.v:13$84_EN[31:0]$88 [0] $flatten\u_ram.$0$memwr$\mem$data_mem.v:13$84_EN[31:0]$88 [0] $flatten\u_ram.$0$memwr$\mem$data_mem.v:13$84_EN[31:0]$88 [0] $flatten\u_ram.$0$memwr$\mem$data_mem.v:13$84_EN[31:0]$88 [0] $flatten\u_ram.$0$memwr$\mem$data_mem.v:13$84_EN[31:0]$88 [0] $flatten\u_ram.$0$memwr$\mem$data_mem.v:13$84_EN[31:0]$88 [0] $flatten\u_ram.$0$memwr$\mem$data_mem.v:13$84_EN[31:0]$88 [0] $flatten\u_ram.$0$memwr$\mem$data_mem.v:13$84_EN[31:0]$88 [0] $flatten\u_ram.$0$memwr$\mem$data_mem.v:13$84_EN[31:0]$88 [0] $flatten\u_ram.$0$memwr$\mem$data_mem.v:13$84_EN[31:0]$88 [0] $flatten\u_ram.$0$memwr$\mem$data_mem.v:13$84_EN[31:0]$88 [0] $flatten\u_ram.$0$memwr$\mem$data_mem.v:13$84_EN[31:0]$88 [0] $flatten\u_ram.$0$memwr$\mem$data_mem.v:13$84_EN[31:0]$88 [0] $flatten\u_ram.$0$memwr$\mem$data_mem.v:13$84_EN[31:0]$88 [0] $flatten\u_ram.$0$memwr$\mem$data_mem.v:13$84_EN[31:0]$88 [0] $flatten\u_ram.$0$memwr$\mem$data_mem.v:13$84_EN[31:0]$88 [0] $flatten\u_ram.$0$memwr$\mem$data_mem.v:13$84_EN[31:0]$88 [0] }
    New ctrl vector for $pmux cell $flatten\u_cpu.\u_control_unit.$procmux$807: { $auto$opt_reduce.cc:137:opt_pmux$881 $auto$opt_reduce.cc:137:opt_pmux$879 }
    New ctrl vector for $pmux cell $flatten\u_cpu.\u_control_unit.$procmux$802: { $auto$opt_reduce.cc:137:opt_pmux$885 $auto$opt_reduce.cc:137:opt_pmux$883 }
    New ctrl vector for $pmux cell $flatten\u_cpu.\u_control_unit.$procmux$797: { $flatten\u_cpu.\u_imm_gen.$procmux$765_CMP $auto$opt_reduce.cc:137:opt_pmux$887 }
    New ctrl vector for $pmux cell $flatten\u_cpu.\u_control_unit.$procmux$792: { $auto$opt_reduce.cc:137:opt_pmux$889 $flatten\u_cpu.\u_control_unit.$procmux$810_CMP }
    New ctrl vector for $pmux cell $flatten\u_cpu.\u_control_unit.$procmux$787: { $auto$opt_reduce.cc:137:opt_pmux$891 $flatten\u_cpu.\u_control_unit.$procmux$810_CMP }
    New ctrl vector for $pmux cell $flatten\u_uart_rx.$procmux$704: { $auto$opt_reduce.cc:137:opt_pmux$893 $flatten\u_uart_rx.$procmux$674_CMP }
    New ctrl vector for $pmux cell $flatten\u_cpu.\u_control_unit.$procmux$782: { $auto$opt_reduce.cc:137:opt_pmux$895 $flatten\u_cpu.\u_control_unit.$procmux$809_CMP }
  Optimizing cells in module \soc_top.
Performed a total of 9 changes.

13.12.5. Executing OPT_MERGE pass (detect identical cells).
Finding identical cells in module `\soc_top'.
Computing hashes of 205 cells of `\soc_top'.
Finding duplicate cells in `\soc_top'.
Computing hashes of 200 cells of `\soc_top'.
Finding duplicate cells in `\soc_top'.
Computing hashes of 199 cells of `\soc_top'.
Finding duplicate cells in `\soc_top'.
<suppressed ~18 debug messages>
Removed a total of 6 cells.

13.12.6. Executing OPT_DFF pass (perform DFF optimizations).

13.12.7. Executing OPT_CLEAN pass (remove unused cells and wires).
Finding unused cells or wires in module \soc_top..
Removed 0 unused cells and 74 unused wires.
<suppressed ~1 debug messages>

13.12.8. Executing OPT_EXPR pass (perform const folding).
Optimizing module soc_top.

13.12.9. Rerunning OPT passes. (Maybe there is more to do..)

13.12.10. Executing OPT_MUXTREE pass (detect dead branches in mux trees).
Running muxtree optimizer on module \soc_top..
  Creating internal representation of mux trees.
  Evaluating internal representation of mux trees.
  Analyzing evaluation results.
Removed 0 multiplexer ports.
<suppressed ~114 debug messages>

13.12.11. Executing OPT_REDUCE pass (consolidate $*mux and $reduce_* inputs).
  Optimizing cells in module \soc_top.
    New ctrl vector for $pmux cell $flatten\u_uart_rx.$procmux$728: { $auto$opt_reduce.cc:137:opt_pmux$897 $flatten\u_uart_rx.$procmux$688_CMP $flatten\u_uart_rx.$procmux$692_CMP }
    New ctrl vector for $pmux cell $flatten\u_uart_tx.$procmux$613: { $auto$opt_reduce.cc:137:opt_pmux$899 $flatten\u_uart_tx.$procmux$578_CMP }
  Optimizing cells in module \soc_top.
Performed a total of 2 changes.

13.12.12. Executing OPT_MERGE pass (detect identical cells).
Finding identical cells in module `\soc_top'.
Computing hashes of 201 cells of `\soc_top'.
Finding duplicate cells in `\soc_top'.
Removed a total of 0 cells.

13.12.13. Executing OPT_DFF pass (perform DFF optimizations).

13.12.14. Executing OPT_CLEAN pass (remove unused cells and wires).
Finding unused cells or wires in module \soc_top..

13.12.15. Executing OPT_EXPR pass (perform const folding).
Optimizing module soc_top.

13.12.16. Rerunning OPT passes. (Maybe there is more to do..)

13.12.17. Executing OPT_MUXTREE pass (detect dead branches in mux trees).
Running muxtree optimizer on module \soc_top..
  Creating internal representation of mux trees.
  Evaluating internal representation of mux trees.
  Analyzing evaluation results.
Removed 0 multiplexer ports.
<suppressed ~107 debug messages>

13.12.18. Executing OPT_REDUCE pass (consolidate $*mux and $reduce_* inputs).
  Optimizing cells in module \soc_top.
Performed a total of 0 changes.

13.12.19. Executing OPT_MERGE pass (detect identical cells).
Finding identical cells in module `\soc_top'.
Computing hashes of 201 cells of `\soc_top'.
Finding duplicate cells in `\soc_top'.
Removed a total of 0 cells.

13.12.20. Executing OPT_DFF pass (perform DFF optimizations).

13.12.21. Executing OPT_CLEAN pass (remove unused cells and wires).
Finding unused cells or wires in module \soc_top..

13.12.22. Executing OPT_EXPR pass (perform const folding).
Optimizing module soc_top.

13.12.23. Finished fast OPT passes. (There is nothing left to do.)

13.13. Executing FSM pass (extract and optimize FSM).

13.13.1. Executing FSM_DETECT pass (finding FSMs in design).
Not marking soc_top.u_uart_tx.r_SM_Main as FSM state register:
    Register has an initialization value.
    Circuit seems to be self-resetting.
Not marking soc_top.u_uart_rx.r_SM_Main as FSM state register:
    Register has an initialization value.
    Circuit seems to be self-resetting.

13.13.2. Executing FSM_EXTRACT pass (extracting FSM from design).

13.13.3. Executing FSM_OPT pass (simple optimizations of FSMs).

13.13.4. Executing OPT_CLEAN pass (remove unused cells and wires).
Finding unused cells or wires in module \soc_top..

13.13.5. Executing FSM_OPT pass (simple optimizations of FSMs).

13.13.6. Executing FSM_RECODE pass (re-assigning FSM state encoding).

13.13.7. Executing FSM_INFO pass (dumping all available information on FSM cells).

13.13.8. Executing FSM_MAP pass (mapping FSMs to basic logic).

13.14. Executing OPT pass (performing simple optimizations).

13.14.1. Executing OPT_EXPR pass (perform const folding).
Optimizing module soc_top.

13.14.2. Executing OPT_MERGE pass (detect identical cells).
Finding identical cells in module `\soc_top'.
Computing hashes of 201 cells of `\soc_top'.
Finding duplicate cells in `\soc_top'.
Removed a total of 0 cells.

13.14.3. Executing OPT_MUXTREE pass (detect dead branches in mux trees).
Running muxtree optimizer on module \soc_top..
  Creating internal representation of mux trees.
  Evaluating internal representation of mux trees.
  Analyzing evaluation results.
Removed 0 multiplexer ports.
<suppressed ~107 debug messages>

13.14.4. Executing OPT_REDUCE pass (consolidate $*mux and $reduce_* inputs).
  Optimizing cells in module \soc_top.
Performed a total of 0 changes.

13.14.5. Executing OPT_MERGE pass (detect identical cells).
Finding identical cells in module `\soc_top'.
Computing hashes of 201 cells of `\soc_top'.
Finding duplicate cells in `\soc_top'.
Removed a total of 0 cells.

13.14.6. Executing OPT_DFF pass (perform DFF optimizations).
Adding SRST signal on $flatten\u_cpu.$procdff$859 ($dff) from module soc_top (D = \u_cpu.stall_read, Q = \u_cpu.load_stage, rval = 1'0).
Adding EN signal on $flatten\u_uart_tx.$procdff$845 ($dff) from module soc_top (D = $flatten\u_uart_tx.$0\r_Tx_Active[0:0], Q = \u_uart_tx.r_Tx_Active).
Adding SRST signal on $procdff$836 ($dff) from module soc_top (D = $procmux$559_Y, Q = \rx_byte_latched, rval = 8'00000000).
Adding EN signal on $auto$ff.cc:337:slice$910 ($sdff) from module soc_top (D = \u_uart_rx.r_Rx_Byte, Q = \rx_byte_latched).
Adding SRST signal on $procdff$837 ($dff) from module soc_top (D = $procmux$553_Y, Q = \rx_ready, rval = 1'0).
Adding EN signal on $auto$ff.cc:337:slice$912 ($sdff) from module soc_top (D = $procmux$553_Y, Q = \rx_ready).
Adding SRST signal on $procdff$838 ($dff) from module soc_top (D = $procmux$564_Y, Q = \gpio_out, rval = 0).
Adding EN signal on $auto$ff.cc:337:slice$916 ($sdff) from module soc_top (D = \mem_write_data, Q = \gpio_out).
Adding EN signal on $flatten\u_cpu.\u_reg_file.$procdff$860 ($dff) from module soc_top (D = $flatten\u_cpu.\u_reg_file.$or$cpu/src/reg_file.v:18$56_Y, Q = \u_cpu.u_reg_file.regs_flat).
Adding EN signal on $flatten\u_uart_rx.$procdff$850 ($dff) from module soc_top (D = $flatten\u_uart_rx.$0\r_Rx_DV[0:0], Q = \u_uart_rx.r_Rx_DV).
Adding EN signal on $flatten\u_uart_rx.$procdff$849 ($dff) from module soc_top (D = $flatten\u_uart_rx.$or$uart/src/uart_rx.v:72$521_Y, Q = \u_uart_rx.r_Rx_Byte).
Adding EN signal on $flatten\u_uart_rx.$procdff$848 ($dff) from module soc_top (D = $flatten\u_uart_rx.$0\r_Bit_Index[2:0], Q = \u_uart_rx.r_Bit_Index).
Adding EN signal on $flatten\u_uart_rx.$procdff$847 ($dff) from module soc_top (D = $flatten\u_uart_rx.$0\r_Clock_Count[7:0], Q = \u_uart_rx.r_Clock_Count).
Adding SRST signal on $flatten\u_cpu.\u_pc.$procdff$863 ($dff) from module soc_top (D = \u_cpu.u_pc.i_pc_next, Q = \u_cpu.u_pc.o_pc_out, rval = 0).
Adding EN signal on $auto$ff.cc:337:slice$945 ($sdff) from module soc_top (D = $flatten\u_cpu.$ternary$cpu/src/cpu.v:23$74_Y, Q = \u_cpu.u_pc.o_pc_out).
Adding EN signal on $flatten\u_uart_tx.$procdff$843 ($dff) from module soc_top (D = \mem_write_data [7:0], Q = \u_uart_tx.r_Tx_Data).
Adding EN signal on $flatten\u_uart_tx.$procdff$842 ($dff) from module soc_top (D = $flatten\u_uart_tx.$0\r_Bit_Index[2:0], Q = \u_uart_tx.r_Bit_Index).
Adding EN signal on $flatten\u_uart_tx.$procdff$841 ($dff) from module soc_top (D = $flatten\u_uart_tx.$0\r_Clock_Count[7:0], Q = \u_uart_tx.r_Clock_Count).
Adding EN signal on $flatten\u_uart_tx.$procdff$840 ($dff) from module soc_top (D = $flatten\u_uart_tx.$0\r_SM_Main[2:0], Q = \u_uart_tx.r_SM_Main).
Adding EN signal on $flatten\u_uart_tx.$procdff$839 ($dff) from module soc_top (D = $flatten\u_uart_tx.$0\o_Tx_Serial[0:0], Q = \u_uart_tx.o_Tx_Serial).

13.14.7. Executing OPT_CLEAN pass (remove unused cells and wires).
Finding unused cells or wires in module \soc_top..
Removed 13 unused cells and 14 unused wires.
<suppressed ~16 debug messages>

13.14.8. Executing OPT_EXPR pass (perform const folding).
Optimizing module soc_top.
<suppressed ~8 debug messages>

13.14.9. Rerunning OPT passes. (Maybe there is more to do..)

13.14.10. Executing OPT_MUXTREE pass (detect dead branches in mux trees).
Running muxtree optimizer on module \soc_top..
  Creating internal representation of mux trees.
  Evaluating internal representation of mux trees.
  Analyzing evaluation results.
Removed 0 multiplexer ports.
<suppressed ~84 debug messages>

13.14.11. Executing OPT_REDUCE pass (consolidate $*mux and $reduce_* inputs).
  Optimizing cells in module \soc_top.
Performed a total of 0 changes.

13.14.12. Executing OPT_MERGE pass (detect identical cells).
Finding identical cells in module `\soc_top'.
Computing hashes of 211 cells of `\soc_top'.
Finding duplicate cells in `\soc_top'.
Computing hashes of 210 cells of `\soc_top'.
Finding duplicate cells in `\soc_top'.
<suppressed ~3 debug messages>
Removed a total of 1 cells.

13.14.13. Executing OPT_DFF pass (perform DFF optimizations).

13.14.14. Executing OPT_CLEAN pass (remove unused cells and wires).
Finding unused cells or wires in module \soc_top..
Removed 0 unused cells and 1 unused wires.
<suppressed ~1 debug messages>

13.14.15. Executing OPT_EXPR pass (perform const folding).
Optimizing module soc_top.

13.14.16. Rerunning OPT passes. (Maybe there is more to do..)

13.14.17. Executing OPT_MUXTREE pass (detect dead branches in mux trees).
Running muxtree optimizer on module \soc_top..
  Creating internal representation of mux trees.
  Evaluating internal representation of mux trees.
  Analyzing evaluation results.
Removed 0 multiplexer ports.
<suppressed ~84 debug messages>

13.14.18. Executing OPT_REDUCE pass (consolidate $*mux and $reduce_* inputs).
  Optimizing cells in module \soc_top.
Performed a total of 0 changes.

13.14.19. Executing OPT_MERGE pass (detect identical cells).
Finding identical cells in module `\soc_top'.
Computing hashes of 210 cells of `\soc_top'.
Finding duplicate cells in `\soc_top'.
Removed a total of 0 cells.

13.14.20. Executing OPT_DFF pass (perform DFF optimizations).

13.14.21. Executing OPT_CLEAN pass (remove unused cells and wires).
Finding unused cells or wires in module \soc_top..

13.14.22. Executing OPT_EXPR pass (perform const folding).
Optimizing module soc_top.

13.14.23. Finished fast OPT passes. (There is nothing left to do.)

13.15. Executing WREDUCE pass (reducing word size of cells).
Removed top 22 address bits (of 30) from memory init port soc_top.$flatten\u_ram.$auto$proc_memwr.cc:45:proc_memwr$864 (u_ram.mem).
Removed top 22 address bits (of 30) from memory read port soc_top.$flatten\u_cpu.\u_instr_mem.$memrd$\instr_mem$cpu/src/instr_mem.v:23$24 (u_cpu.u_instr_mem.instr_mem).
Removed top 24 address bits (of 32) from memory init port soc_top.$flatten\u_cpu.\u_instr_mem.$meminit$\instr_mem$cpu/src/instr_mem.v:20$30 (u_cpu.u_instr_mem.instr_mem).
Removed top 24 address bits (of 32) from memory init port soc_top.$flatten\u_cpu.\u_instr_mem.$meminit$\instr_mem$cpu/src/instr_mem.v:19$29 (u_cpu.u_instr_mem.instr_mem).
Removed top 24 address bits (of 32) from memory init port soc_top.$flatten\u_cpu.\u_instr_mem.$meminit$\instr_mem$cpu/src/instr_mem.v:18$28 (u_cpu.u_instr_mem.instr_mem).
Removed top 24 address bits (of 32) from memory init port soc_top.$flatten\u_cpu.\u_instr_mem.$meminit$\instr_mem$cpu/src/instr_mem.v:17$27 (u_cpu.u_instr_mem.instr_mem).
Removed top 24 address bits (of 32) from memory init port soc_top.$flatten\u_cpu.\u_instr_mem.$meminit$\instr_mem$cpu/src/instr_mem.v:16$26 (u_cpu.u_instr_mem.instr_mem).
Removed top 24 address bits (of 32) from memory init port soc_top.$flatten\u_cpu.\u_instr_mem.$meminit$\instr_mem$cpu/src/instr_mem.v:15$25 (u_cpu.u_instr_mem.instr_mem).
Removed top 22 address bits (of 30) from memory read port soc_top.$flatten\u_ram.$memrd$\mem$data_mem.v:14$92 (u_ram.mem).
Removed top 21 bits (of 32) from port B of cell soc_top.$lt$soc_top/soc_top.v:31$145 ($lt).
Removed top 21 bits (of 32) from port B of cell soc_top.$eq$soc_top/soc_top.v:32$146 ($eq).
Removed top 21 bits (of 32) from port B of cell soc_top.$eq$soc_top/soc_top.v:33$147 ($eq).
Removed top 21 bits (of 32) from port B of cell soc_top.$eq$soc_top/soc_top.v:34$148 ($eq).
Removed top 21 bits (of 32) from port B of cell soc_top.$eq$soc_top/soc_top.v:35$149 ($eq).
Removed top 30 bits (of 32) from mux cell soc_top.$ternary$soc_top/soc_top.v:110$156 ($mux).
Removed top 24 bits (of 32) from mux cell soc_top.$ternary$soc_top/soc_top.v:109$157 ($mux).
Removed top 1 bits (of 4) from port B of cell soc_top.$flatten\u_cpu.\u_alu.$procmux$828_CMP0 ($eq).
Removed top 1 bits (of 4) from port B of cell soc_top.$flatten\u_cpu.\u_alu.$procmux$829_CMP0 ($eq).
Removed top 1 bits (of 4) from port B of cell soc_top.$flatten\u_cpu.\u_alu.$procmux$830_CMP0 ($eq).
Removed top 1 bits (of 4) from port B of cell soc_top.$flatten\u_cpu.\u_alu.$procmux$831_CMP0 ($eq).
Removed top 2 bits (of 4) from port B of cell soc_top.$flatten\u_cpu.\u_alu.$procmux$832_CMP0 ($eq).
Removed top 2 bits (of 4) from port B of cell soc_top.$flatten\u_cpu.\u_alu.$procmux$833_CMP0 ($eq).
Removed top 3 bits (of 4) from port B of cell soc_top.$flatten\u_cpu.\u_alu.$procmux$834_CMP0 ($eq).
Removed top 23 bits (of 33) from port A of cell soc_top.$flatten\u_cpu.\u_reg_file.$neg$cpu/src/reg_file.v:18$54 ($neg).
Converting cell soc_top.$flatten\u_cpu.\u_reg_file.$neg$cpu/src/reg_file.v:18$54 ($neg) from signed to unsigned.
Removed top 1 bits (of 10) from port A of cell soc_top.$flatten\u_cpu.\u_reg_file.$neg$cpu/src/reg_file.v:18$54 ($neg).
Removed top 22 bits (of 32) from port B of cell soc_top.$flatten\u_cpu.\u_reg_file.$shiftx$cpu/src/reg_file.v:22$60 ($shiftx).
Removed top 22 bits (of 32) from port B of cell soc_top.$flatten\u_cpu.\u_reg_file.$shiftx$cpu/src/reg_file.v:23$65 ($shiftx).
Removed top 1 bits (of 2) from port B of cell soc_top.$flatten\u_cpu.\u_control_unit.$procmux$810_CMP0 ($eq).
Removed top 29 bits (of 32) from port B of cell soc_top.$flatten\u_cpu.$add$cpu/src/cpu.v:23$73 ($add).
Removed top 22 bits (of 30) from mux cell soc_top.$flatten\u_ram.$procmux$749 ($mux).
Removed top 1 bits (of 3) from mux cell soc_top.$flatten\u_uart_tx.$procmux$639 ($mux).
Removed top 2 bits (of 3) from mux cell soc_top.$flatten\u_uart_tx.$procmux$632 ($mux).
Removed top 2 bits (of 3) from port B of cell soc_top.$flatten\u_uart_tx.$procmux$622_CMP0 ($eq).
Removed top 1 bits (of 3) from port B of cell soc_top.$flatten\u_uart_tx.$procmux$606_CMP0 ($eq).
Removed top 1 bits (of 3) from port B of cell soc_top.$flatten\u_uart_tx.$procmux$575_CMP0 ($eq).
Removed top 31 bits (of 32) from port B of cell soc_top.$flatten\u_uart_tx.$add$uart/src/uart_tx.v:72$541 ($add).
Removed top 29 bits (of 32) from port Y of cell soc_top.$flatten\u_uart_tx.$add$uart/src/uart_tx.v:72$541 ($add).
Removed top 29 bits (of 32) from port B of cell soc_top.$flatten\u_uart_tx.$lt$uart/src/uart_tx.v:71$540 ($lt).
Removed top 31 bits (of 32) from port B of cell soc_top.$flatten\u_uart_tx.$add$uart/src/uart_tx.v:52$536 ($add).
Removed top 24 bits (of 32) from port Y of cell soc_top.$flatten\u_uart_tx.$add$uart/src/uart_tx.v:52$536 ($add).
Removed top 24 bits (of 32) from port B of cell soc_top.$flatten\u_uart_tx.$lt$uart/src/uart_tx.v:51$535 ($lt).
Removed top 2 bits (of 3) from mux cell soc_top.$flatten\u_uart_rx.$procmux$690 ($mux).
Removed top 2 bits (of 3) from port B of cell soc_top.$flatten\u_uart_rx.$procmux$688_CMP0 ($eq).
Removed top 1 bits (of 3) from mux cell soc_top.$flatten\u_uart_rx.$procmux$684 ($mux).
Removed top 1 bits (of 3) from port B of cell soc_top.$flatten\u_uart_rx.$procmux$681_CMP0 ($eq).
Removed top 2 bits (of 3) from mux cell soc_top.$flatten\u_uart_rx.$procmux$676 ($mux).
Removed top 1 bits (of 3) from port B of cell soc_top.$flatten\u_uart_rx.$procmux$674_CMP0 ($eq).
Removed top 31 bits (of 32) from port B of cell soc_top.$flatten\u_uart_rx.$add$uart/src/uart_rx.v:87$525 ($add).
Removed top 24 bits (of 32) from port Y of cell soc_top.$flatten\u_uart_rx.$add$uart/src/uart_rx.v:87$525 ($add).
Removed top 24 bits (of 32) from port B of cell soc_top.$flatten\u_uart_rx.$lt$uart/src/uart_rx.v:86$524 ($lt).
Removed top 31 bits (of 32) from port B of cell soc_top.$flatten\u_uart_rx.$add$uart/src/uart_rx.v:76$523 ($add).
Removed top 29 bits (of 32) from port Y of cell soc_top.$flatten\u_uart_rx.$add$uart/src/uart_rx.v:76$523 ($add).
Removed top 29 bits (of 32) from port B of cell soc_top.$flatten\u_uart_rx.$lt$uart/src/uart_rx.v:75$522 ($lt).
Converting cell soc_top.$flatten\u_uart_rx.$neg$uart/src/uart_rx.v:72$519 ($neg) from signed to unsigned.
Removed top 1 bits (of 4) from port A of cell soc_top.$flatten\u_uart_rx.$neg$uart/src/uart_rx.v:72$519 ($neg).
Removed top 1 bits (of 8) from port B of cell soc_top.$flatten\u_uart_rx.$eq$uart/src/uart_rx.v:53$508 ($eq).
Removed top 29 bits (of 32) from wire soc_top.$flatten\u_uart_tx.$add$uart/src/uart_tx.v:72$541_Y.
Removed top 24 bits (of 32) from wire soc_top.$flatten\u_uart_tx.$add$uart/src/uart_tx.v:52$536_Y.
Removed top 2 bits (of 3) from wire soc_top.$flatten\u_uart_rx.$procmux$690_Y.
Removed top 1 bits (of 3) from wire soc_top.$flatten\u_uart_rx.$procmux$684_Y.
Removed top 2 bits (of 3) from wire soc_top.$flatten\u_uart_rx.$procmux$676_Y.
Removed top 22 bits (of 30) from wire soc_top.$flatten\u_ram.$0$memwr$\mem$data_mem.v:13$84_ADDR[29:0]$86.
Removed top 29 bits (of 32) from wire soc_top.$flatten\u_uart_rx.$add$uart/src/uart_rx.v:76$523_Y.
Removed top 2 bits (of 3) from wire soc_top.$flatten\u_uart_tx.$procmux$632_Y.
Removed top 24 bits (of 32) from wire soc_top.$flatten\u_uart_rx.$add$uart/src/uart_rx.v:61$510_Y.
Removed top 1 bits (of 3) from wire soc_top.$flatten\u_uart_tx.$procmux$639_Y.
Removed top 24 bits (of 32) from wire soc_top.$ternary$soc_top/soc_top.v:109$157_Y.
Removed top 30 bits (of 32) from wire soc_top.$ternary$soc_top/soc_top.v:110$156_Y.
Removed top 30 bits (of 32) from wire soc_top.status_data.

13.16. Executing PEEPOPT pass (run peephole optimizers).
shiftpow2 pattern in soc_top: shift=$flatten\u_cpu.\u_reg_file.$shiftx$cpu/src/reg_file.v:23$65, index=\u_cpu.u_imm_gen.i_instr [19:16], stride=32, width=32, ways=16
shiftpow2 pattern in soc_top: shift=$flatten\u_cpu.\u_reg_file.$shiftx$cpu/src/reg_file.v:22$60, index=\u_cpu.instr [15:12], stride=32, width=32, ways=16

13.17. Executing OPT_CLEAN pass (remove unused cells and wires).
Finding unused cells or wires in module \soc_top..
Removed 0 unused cells and 13 unused wires.
<suppressed ~1 debug messages>

13.18. Executing SHARE pass (SAT-based resource sharing).
Found 3 cells in module soc_top that may be considered for resource sharing.
  Analyzing resource sharing options for $flatten\u_cpu.\u_alu.$shl$cpu/src/alu.v:18$8 ($shl):
    Found 1 activation_patterns using ctrl signal $flatten\u_cpu.\u_alu.$procmux$830_CMP.
    No candidates found.
  Analyzing resource sharing options for $flatten\u_cpu.\u_alu.$shr$cpu/src/alu.v:19$9 ($shr):
    Found 1 activation_patterns using ctrl signal $flatten\u_cpu.\u_alu.$procmux$829_CMP.
    No candidates found.
  Analyzing resource sharing options for $flatten\u_cpu.\u_alu.$sshr$cpu/src/alu.v:20$10 ($sshr):
    Found 1 activation_patterns using ctrl signal $flatten\u_cpu.\u_alu.$procmux$828_CMP.
    No candidates found.

13.19. Executing TECHMAP pass (map to technology primitives).

13.19.1. Executing Verilog-2005 frontend: /share/mul2dsp.v
Parsing Verilog input from `/share/mul2dsp.v' to AST representation.
Generating RTLIL representation for module `\_80_mul'.
Generating RTLIL representation for module `\_90_soft_mul'.
Successfully finished Verilog frontend.

13.19.2. Continuing TECHMAP pass.
No more expansions possible.
<suppressed ~4 debug messages>

13.20. Executing TECHMAP pass (map to technology primitives).

13.20.1. Executing Verilog-2005 frontend: /share/mul2dsp.v
Parsing Verilog input from `/share/mul2dsp.v' to AST representation.
Generating RTLIL representation for module `\_80_mul'.
Generating RTLIL representation for module `\_90_soft_mul'.
Successfully finished Verilog frontend.

13.20.2. Continuing TECHMAP pass.
No more expansions possible.
<suppressed ~4 debug messages>

13.21. Executing TECHMAP pass (map to technology primitives).

13.21.1. Executing Verilog-2005 frontend: /share/mul2dsp.v
Parsing Verilog input from `/share/mul2dsp.v' to AST representation.
Generating RTLIL representation for module `\_80_mul'.
Generating RTLIL representation for module `\_90_soft_mul'.
Successfully finished Verilog frontend.

13.21.2. Continuing TECHMAP pass.
No more expansions possible.
<suppressed ~4 debug messages>

13.22. Executing TECHMAP pass (map to technology primitives).

13.22.1. Executing Verilog-2005 frontend: /share/mul2dsp.v
Parsing Verilog input from `/share/mul2dsp.v' to AST representation.
Generating RTLIL representation for module `\_80_mul'.
Generating RTLIL representation for module `\_90_soft_mul'.
Successfully finished Verilog frontend.

13.22.2. Continuing TECHMAP pass.
No more expansions possible.
<suppressed ~4 debug messages>

13.23. Executing TECHMAP pass (map to technology primitives).

13.23.1. Executing Verilog-2005 frontend: /share/gowin/dsp_map.v
Parsing Verilog input from `/share/gowin/dsp_map.v' to AST representation.
Generating RTLIL representation for module `$__MUL9X9'.
Generating RTLIL representation for module `$__MUL18X18'.
Generating RTLIL representation for module `$__MUL36X36'.
Successfully finished Verilog frontend.

13.23.2. Continuing TECHMAP pass.
No more expansions possible.
<suppressed ~5 debug messages>

13.24. Executing ALUMACC pass (create $alu and $macc cells).
Extracting $alu and $macc cells in module soc_top:
  creating $macc model for $flatten\u_uart_rx.$neg$uart/src/uart_rx.v:72$519 ($neg).
  creating $macc model for $flatten\u_cpu.$add$cpu/src/cpu.v:18$68 ($add).
  creating $macc model for $flatten\u_cpu.$add$cpu/src/cpu.v:23$73 ($add).
  creating $macc model for $flatten\u_uart_tx.$add$uart/src/uart_tx.v:52$536 ($add).
  creating $macc model for $flatten\u_uart_tx.$add$uart/src/uart_tx.v:72$541 ($add).
  creating $macc model for $flatten\u_cpu.\u_reg_file.$neg$cpu/src/reg_file.v:18$54 ($neg).
  creating $macc model for $flatten\u_uart_rx.$add$uart/src/uart_rx.v:87$525 ($add).
  creating $macc model for $flatten\u_uart_rx.$add$uart/src/uart_rx.v:76$523 ($add).
  creating $macc model for $flatten\u_cpu.\u_alu.$sub$cpu/src/alu.v:14$4 ($sub).
  creating $macc model for $flatten\u_cpu.\u_alu.$add$cpu/src/alu.v:13$3 ($add).
  creating $alu model for $macc $flatten\u_cpu.\u_alu.$add$cpu/src/alu.v:13$3.
  creating $alu model for $macc $flatten\u_cpu.\u_alu.$sub$cpu/src/alu.v:14$4.
  creating $alu model for $macc $flatten\u_uart_rx.$add$uart/src/uart_rx.v:76$523.
  creating $alu model for $macc $flatten\u_uart_rx.$add$uart/src/uart_rx.v:87$525.
  creating $alu model for $macc $flatten\u_cpu.\u_reg_file.$neg$cpu/src/reg_file.v:18$54.
  creating $alu model for $macc $flatten\u_uart_tx.$add$uart/src/uart_tx.v:72$541.
  creating $alu model for $macc $flatten\u_uart_tx.$add$uart/src/uart_tx.v:52$536.
  creating $alu model for $macc $flatten\u_cpu.$add$cpu/src/cpu.v:23$73.
  creating $alu model for $macc $flatten\u_cpu.$add$cpu/src/cpu.v:18$68.
  creating $alu model for $macc $flatten\u_uart_rx.$neg$uart/src/uart_rx.v:72$519.
  creating $alu model for $flatten\u_uart_rx.$lt$uart/src/uart_rx.v:75$522 ($lt): new $alu
  creating $alu model for $flatten\u_uart_tx.$lt$uart/src/uart_tx.v:51$535 ($lt): new $alu
  creating $alu model for $flatten\u_uart_tx.$lt$uart/src/uart_tx.v:71$540 ($lt): new $alu
  creating $alu model for $flatten\u_uart_rx.$lt$uart/src/uart_rx.v:86$524 ($lt): new $alu
  creating $alu model for $flatten\u_cpu.\u_alu.$lt$cpu/src/alu.v:22$12 ($lt): merged with $flatten\u_cpu.\u_alu.$sub$cpu/src/alu.v:14$4.
  creating $alu model for $flatten\u_cpu.\u_alu.$lt$cpu/src/alu.v:21$11 ($lt): merged with $flatten\u_cpu.\u_alu.$sub$cpu/src/alu.v:14$4.
  creating $alu model for $lt$soc_top/soc_top.v:31$145 ($lt): new $alu
  creating $alu model for $eq$soc_top/soc_top.v:32$146 ($eq): merged with $lt$soc_top/soc_top.v:31$145.
  creating $alu cell for $lt$soc_top/soc_top.v:31$145, $eq$soc_top/soc_top.v:32$146: $auto$alumacc.cc:548:replace_alu$986
  creating $alu cell for $flatten\u_uart_rx.$lt$uart/src/uart_rx.v:86$524: $auto$alumacc.cc:548:replace_alu$993
  creating $alu cell for $flatten\u_uart_tx.$lt$uart/src/uart_tx.v:71$540: $auto$alumacc.cc:548:replace_alu$998
  creating $alu cell for $flatten\u_uart_tx.$lt$uart/src/uart_tx.v:51$535: $auto$alumacc.cc:548:replace_alu$1003
  creating $alu cell for $flatten\u_uart_rx.$lt$uart/src/uart_rx.v:75$522: $auto$alumacc.cc:548:replace_alu$1008
  creating $alu cell for $flatten\u_uart_rx.$neg$uart/src/uart_rx.v:72$519: $auto$alumacc.cc:548:replace_alu$1013
  creating $alu cell for $flatten\u_cpu.$add$cpu/src/cpu.v:18$68: $auto$alumacc.cc:548:replace_alu$1016
  creating $alu cell for $flatten\u_cpu.$add$cpu/src/cpu.v:23$73: $auto$alumacc.cc:548:replace_alu$1019
  creating $alu cell for $flatten\u_uart_tx.$add$uart/src/uart_tx.v:52$536: $auto$alumacc.cc:548:replace_alu$1022
  creating $alu cell for $flatten\u_uart_tx.$add$uart/src/uart_tx.v:72$541: $auto$alumacc.cc:548:replace_alu$1025
  creating $alu cell for $flatten\u_cpu.\u_reg_file.$neg$cpu/src/reg_file.v:18$54: $auto$alumacc.cc:548:replace_alu$1028
  creating $alu cell for $flatten\u_uart_rx.$add$uart/src/uart_rx.v:87$525: $auto$alumacc.cc:548:replace_alu$1031
  creating $alu cell for $flatten\u_uart_rx.$add$uart/src/uart_rx.v:76$523: $auto$alumacc.cc:548:replace_alu$1034
  creating $alu cell for $flatten\u_cpu.\u_alu.$sub$cpu/src/alu.v:14$4, $flatten\u_cpu.\u_alu.$lt$cpu/src/alu.v:22$12, $flatten\u_cpu.\u_alu.$lt$cpu/src/alu.v:21$11: $auto$alumacc.cc:548:replace_alu$1037
  creating $alu cell for $flatten\u_cpu.\u_alu.$add$cpu/src/alu.v:13$3: $auto$alumacc.cc:548:replace_alu$1046
  created 15 $alu and 0 $macc cells.

13.25. Executing OPT pass (performing simple optimizations).

13.25.1. Executing OPT_EXPR pass (perform const folding).
Optimizing module soc_top.
<suppressed ~17 debug messages>

13.25.2. Executing OPT_MERGE pass (detect identical cells).
Finding identical cells in module `\soc_top'.
Computing hashes of 215 cells of `\soc_top'.
Finding duplicate cells in `\soc_top'.
Removed a total of 0 cells.

13.25.3. Executing OPT_MUXTREE pass (detect dead branches in mux trees).
Running muxtree optimizer on module \soc_top..
  Creating internal representation of mux trees.
  Evaluating internal representation of mux trees.
  Analyzing evaluation results.
Removed 0 multiplexer ports.
<suppressed ~84 debug messages>

13.25.4. Executing OPT_REDUCE pass (consolidate $*mux and $reduce_* inputs).
  Optimizing cells in module \soc_top.
Performed a total of 0 changes.

13.25.5. Executing OPT_MERGE pass (detect identical cells).
Finding identical cells in module `\soc_top'.
Computing hashes of 215 cells of `\soc_top'.
Finding duplicate cells in `\soc_top'.
Removed a total of 0 cells.

13.25.6. Executing OPT_DFF pass (perform DFF optimizations).

13.25.7. Executing OPT_CLEAN pass (remove unused cells and wires).
Finding unused cells or wires in module \soc_top..
Removed 2 unused cells and 11 unused wires.
<suppressed ~3 debug messages>

13.25.8. Executing OPT_EXPR pass (perform const folding).
Optimizing module soc_top.

13.25.9. Rerunning OPT passes. (Maybe there is more to do..)

13.25.10. Executing OPT_MUXTREE pass (detect dead branches in mux trees).
Running muxtree optimizer on module \soc_top..
  Creating internal representation of mux trees.
  Evaluating internal representation of mux trees.
  Analyzing evaluation results.
Removed 0 multiplexer ports.
<suppressed ~84 debug messages>

13.25.11. Executing OPT_REDUCE pass (consolidate $*mux and $reduce_* inputs).
  Optimizing cells in module \soc_top.
Performed a total of 0 changes.

13.25.12. Executing OPT_MERGE pass (detect identical cells).
Finding identical cells in module `\soc_top'.
Computing hashes of 213 cells of `\soc_top'.
Finding duplicate cells in `\soc_top'.
Removed a total of 0 cells.

13.25.13. Executing OPT_DFF pass (perform DFF optimizations).

13.25.14. Executing OPT_CLEAN pass (remove unused cells and wires).
Finding unused cells or wires in module \soc_top..

13.25.15. Executing OPT_EXPR pass (perform const folding).
Optimizing module soc_top.

13.25.16. Finished fast OPT passes. (There is nothing left to do.)

13.26. Executing MEMORY pass.

13.26.1. Executing OPT_MEM pass (optimize memories).
soc_top.u_cpu.u_instr_mem.instr_mem: removing const-0 lane 6
soc_top.u_cpu.u_instr_mem.instr_mem: removing const-0 lane 7
soc_top.u_cpu.u_instr_mem.instr_mem: removing const-0 lane 14
soc_top.u_cpu.u_instr_mem.instr_mem: removing const-0 lane 15
Performed a total of 1 transformations.

13.26.2. Executing OPT_MEM_PRIORITY pass (removing unnecessary memory write priority relations).
Performed a total of 0 transformations.

13.26.3. Executing OPT_MEM_FEEDBACK pass (finding memory read-to-write feedback paths).
  Analyzing soc_top.u_ram.mem write port 0.

13.26.4. Executing MEMORY_BMUX2ROM pass (converting muxes to ROMs).

13.26.5. Executing MEMORY_DFF pass (merging $dff cells to $memrd).
Checking read port `\u_ram.mem'[0] in module `\soc_top': merging output FF to cell.
    Write port 0: non-transparent.
Checking read port `\u_cpu.u_instr_mem.instr_mem'[0] in module `\soc_top': no output FF found.
Checking read port address `\u_cpu.u_instr_mem.instr_mem'[0] in module `\soc_top': merged address FF to cell.

13.26.6. Executing OPT_CLEAN pass (remove unused cells and wires).
Finding unused cells or wires in module \soc_top..
Removed 1 unused cells and 33 unused wires.
<suppressed ~2 debug messages>

13.26.7. Executing MEMORY_SHARE pass (consolidating $memrd/$memwr cells).

13.26.8. Executing OPT_MEM_WIDEN pass (optimize memories where all ports are wide).
Performed a total of 0 transformations.

13.26.9. Executing OPT_CLEAN pass (remove unused cells and wires).
Finding unused cells or wires in module \soc_top..

13.26.10. Executing MEMORY_COLLECT pass (generating $mem cells).

13.27. Executing OPT_CLEAN pass (remove unused cells and wires).
Finding unused cells or wires in module \soc_top..

13.28. Executing MEMORY_LIBMAP pass (mapping memories to cells).
mapping memory soc_top.u_cpu.u_instr_mem.instr_mem via $__GOWIN_SP_
mapping memory soc_top.u_ram.mem via $__GOWIN_SP_
<suppressed ~528 debug messages>

13.29. Executing TECHMAP pass (map to technology primitives).

13.29.1. Executing Verilog-2005 frontend: /share/gowin/lutrams_map.v
Parsing Verilog input from `/share/gowin/lutrams_map.v' to AST representation.
Generating RTLIL representation for module `$__GOWIN_LUTRAM_'.
Successfully finished Verilog frontend.

13.29.2. Executing Verilog-2005 frontend: /share/gowin/brams_map.v
Parsing Verilog input from `/share/gowin/brams_map.v' to AST representation.
Generating RTLIL representation for module `$__GOWIN_SP_'.
Generating RTLIL representation for module `$__GOWIN_DP_'.
Generating RTLIL representation for module `$__GOWIN_SDP_'.
Successfully finished Verilog frontend.

13.29.3. Continuing TECHMAP pass.
Using template $paramod$6489089f2689bfbcb3b0bfd7c56a1789f898cfd8$__GOWIN_SP_ for cells of type $__GOWIN_SP_.
Using template $paramod$feaba94033d38ac6027fb636f8ba7f3da936ed6c$__GOWIN_SP_ for cells of type $__GOWIN_SP_.
No more expansions possible.
<suppressed ~46 debug messages>

13.30. Executing OPT pass (performing simple optimizations).

13.30.1. Executing OPT_EXPR pass (perform const folding).
Optimizing module soc_top.
<suppressed ~36 debug messages>

13.30.2. Executing OPT_MERGE pass (detect identical cells).
Finding identical cells in module `\soc_top'.
Computing hashes of 199 cells of `\soc_top'.
Finding duplicate cells in `\soc_top'.
Removed a total of 0 cells.

13.30.3. Executing OPT_DFF pass (perform DFF optimizations).
Adding SRST signal on $auto$ff.cc:337:slice$931 ($dffe) from module soc_top (D = $flatten\u_uart_rx.$procmux$718_Y, Q = \u_uart_rx.r_Bit_Index, rval = 3'000).
Adding EN signal on $auto$ff.cc:337:slice$946 ($sdffe) from module soc_top (D = $flatten\u_cpu.$ternary$cpu/src/cpu.v:23$74_Y [0], Q = \u_cpu.u_pc.o_pc_out [0]).
Adding EN signal on $auto$ff.cc:337:slice$946 ($sdffe) from module soc_top (D = $flatten\u_cpu.$ternary$cpu/src/cpu.v:23$74_Y [1], Q = \u_cpu.u_pc.o_pc_out [1]).
Adding SRST signal on $auto$ff.cc:337:slice$950 ($dffe) from module soc_top (D = $flatten\u_uart_tx.$procmux$603_Y, Q = \u_uart_tx.r_Bit_Index, rval = 3'000).
Adding SRST signal on $auto$ff.cc:337:slice$957 ($dffe) from module soc_top (D = $auto$wreduce.cc:514:run$967 [7:0], Q = \u_uart_tx.r_Clock_Count, rval = 8'00000000).

13.30.4. Executing OPT_CLEAN pass (remove unused cells and wires).
Finding unused cells or wires in module \soc_top..
Removed 14 unused cells and 68 unused wires.
<suppressed ~17 debug messages>

13.30.5. Rerunning OPT passes. (Removed registers in this run.)

13.30.6. Executing OPT_EXPR pass (perform const folding).
Optimizing module soc_top.
<suppressed ~4 debug messages>

13.30.7. Executing OPT_MERGE pass (detect identical cells).
Finding identical cells in module `\soc_top'.
Computing hashes of 191 cells of `\soc_top'.
Finding duplicate cells in `\soc_top'.
Removed a total of 0 cells.

13.30.8. Executing OPT_DFF pass (perform DFF optimizations).
Adding SRST signal on $auto$ff.cc:337:slice$1443 ($sdffce) from module soc_top (D = $auto$wreduce.cc:514:run$972 [2:0], Q = \u_uart_rx.r_Bit_Index, rval = 3'000).
Adding SRST signal on $auto$ff.cc:337:slice$1459 ($sdffce) from module soc_top (D = $auto$wreduce.cc:514:run$966 [2:0], Q = \u_uart_tx.r_Bit_Index, rval = 3'000).

13.30.9. Executing OPT_CLEAN pass (remove unused cells and wires).
Finding unused cells or wires in module \soc_top..
Removed 2 unused cells and 5 unused wires.
<suppressed ~3 debug messages>

13.30.10. Rerunning OPT passes. (Removed registers in this run.)

13.30.11. Executing OPT_EXPR pass (perform const folding).
Optimizing module soc_top.

13.30.12. Executing OPT_MERGE pass (detect identical cells).
Finding identical cells in module `\soc_top'.
Computing hashes of 193 cells of `\soc_top'.
Finding duplicate cells in `\soc_top'.
Removed a total of 0 cells.

13.30.13. Executing OPT_DFF pass (perform DFF optimizations).

13.30.14. Executing OPT_CLEAN pass (remove unused cells and wires).
Finding unused cells or wires in module \soc_top..

13.30.15. Finished fast OPT passes.

13.31. Executing MEMORY_MAP pass (converting memories to logic and flip-flops).

13.32. Executing OPT pass (performing simple optimizations).

13.32.1. Executing OPT_EXPR pass (perform const folding).
Optimizing module soc_top.

13.32.2. Executing OPT_MERGE pass (detect identical cells).
Finding identical cells in module `\soc_top'.
Computing hashes of 193 cells of `\soc_top'.
Finding duplicate cells in `\soc_top'.
Removed a total of 0 cells.

13.32.3. Executing OPT_MUXTREE pass (detect dead branches in mux trees).
Running muxtree optimizer on module \soc_top..
  Creating internal representation of mux trees.
  Evaluating internal representation of mux trees.
  Analyzing evaluation results.
Removed 0 multiplexer ports.
<suppressed ~50 debug messages>

13.32.4. Executing OPT_REDUCE pass (consolidate $*mux and $reduce_* inputs).
  Optimizing cells in module \soc_top.
    Consolidated identical input bits for $mux cell $flatten\u_uart_tx.$procmux$627:
      Old ports: A=3'011, B=3'100, Y=$flatten\u_uart_tx.$procmux$627_Y
      New ports: A=2'01, B=2'10, Y={ $flatten\u_uart_tx.$procmux$627_Y [2] $flatten\u_uart_tx.$procmux$627_Y [0] }
      New connections: $flatten\u_uart_tx.$procmux$627_Y [1] = $flatten\u_uart_tx.$procmux$627_Y [0]
    Consolidated identical input bits for $mux cell $flatten\u_uart_tx.$procmux$635:
      Old ports: A=3'010, B={ 2'01 $auto$alumacc.cc:565:replace_alu$1000 [2] }, Y=$flatten\u_uart_tx.$procmux$635_Y
      New ports: A=1'0, B=$auto$alumacc.cc:565:replace_alu$1000 [2], Y=$flatten\u_uart_tx.$procmux$635_Y [0]
      New connections: $flatten\u_uart_tx.$procmux$635_Y [2:1] = 2'01
    Consolidated identical input bits for $mux cell $flatten\u_cpu.$ternary$cpu/src/cpu.v:23$74:
      Old ports: A={ $flatten\u_cpu.$add$cpu/src/cpu.v:23$73_Y [31:2] 2'x }, B={ \u_cpu.branch_target [31:1] 1'x }, Y=$flatten\u_cpu.$ternary$cpu/src/cpu.v:23$74_Y
      New ports: A={ $flatten\u_cpu.$add$cpu/src/cpu.v:23$73_Y [31:2] 1'x }, B=\u_cpu.branch_target [31:1], Y=$flatten\u_cpu.$ternary$cpu/src/cpu.v:23$74_Y [31:1]
      New connections: $flatten\u_cpu.$ternary$cpu/src/cpu.v:23$74_Y [0] = 1'x
    Consolidated identical input bits for $mux cell $flatten\u_uart_rx.$procmux$671:
      Old ports: A=3'011, B=3'100, Y=$flatten\u_uart_rx.$procmux$671_Y
      New ports: A=2'01, B=2'10, Y={ $flatten\u_uart_rx.$procmux$671_Y [2] $flatten\u_uart_rx.$procmux$671_Y [0] }
      New connections: $flatten\u_uart_rx.$procmux$671_Y [1] = $flatten\u_uart_rx.$procmux$671_Y [0]
    New ctrl vector for $bmux cell $auto$peepopt_pm.h:1372:block_17$980: \u_cpu.instr [13:12]
    Consolidated identical input bits for $mux cell $flatten\u_uart_rx.$procmux$684:
      Old ports: A=2'10, B=2'00, Y=$auto$wreduce.cc:514:run$969 [1:0]
      New ports: A=1'1, B=1'0, Y=$auto$wreduce.cc:514:run$969 [1]
      New connections: $auto$wreduce.cc:514:run$969 [0] = 1'0
    Consolidated identical input bits for $mux cell $flatten\u_uart_rx.$procmux$686:
      Old ports: A=3'001, B={ 1'0 $auto$wreduce.cc:514:run$969 [1:0] }, Y=$flatten\u_uart_rx.$procmux$686_Y
      New ports: A=2'01, B=$auto$wreduce.cc:514:run$969 [1:0], Y=$flatten\u_uart_rx.$procmux$686_Y [1:0]
      New connections: $flatten\u_uart_rx.$procmux$686_Y [2] = 1'0
    Consolidated identical input bits for $pmux cell $flatten\u_cpu.\u_imm_gen.$procmux$764:
      Old ports: A=0, B={ \u_cpu.u_imm_gen.i_instr [31] \u_cpu.u_imm_gen.i_instr [31] \u_cpu.u_imm_gen.i_instr [31] \u_cpu.u_imm_gen.i_instr [31] \u_cpu.u_imm_gen.i_instr [31] \u_cpu.u_imm_gen.i_instr [31] \u_cpu.u_imm_gen.i_instr [31] \u_cpu.u_imm_gen.i_instr [31] \u_cpu.u_imm_gen.i_instr [31] \u_cpu.u_imm_gen.i_instr [31] \u_cpu.u_imm_gen.i_instr [31] \u_cpu.u_imm_gen.i_instr [31] \u_cpu.u_imm_gen.i_instr [31] \u_cpu.u_imm_gen.i_instr [31] \u_cpu.u_imm_gen.i_instr [31] \u_cpu.u_imm_gen.i_instr [31] \u_cpu.u_imm_gen.i_instr [31:16] \u_cpu.u_imm_gen.i_instr [31] \u_cpu.u_imm_gen.i_instr [31] \u_cpu.u_imm_gen.i_instr [31] \u_cpu.u_imm_gen.i_instr [31] \u_cpu.u_imm_gen.i_instr [31] \u_cpu.u_imm_gen.i_instr [31] \u_cpu.u_imm_gen.i_instr [31] \u_cpu.u_imm_gen.i_instr [31] \u_cpu.u_imm_gen.i_instr [31] \u_cpu.u_imm_gen.i_instr [31] \u_cpu.u_imm_gen.i_instr [31] \u_cpu.u_imm_gen.i_instr [31] \u_cpu.u_imm_gen.i_instr [31] \u_cpu.u_imm_gen.i_instr [31] \u_cpu.u_imm_gen.i_instr [31] \u_cpu.u_imm_gen.i_instr [31:20] \u_cpu.u_imm_gen.i_instr [11:8] 1'0 \u_cpu.u_imm_gen.i_instr [31] \u_cpu.u_imm_gen.i_instr [31] \u_cpu.u_imm_gen.i_instr [31] \u_cpu.u_imm_gen.i_instr [31] \u_cpu.u_imm_gen.i_instr [31] \u_cpu.u_imm_gen.i_instr [31] \u_cpu.u_imm_gen.i_instr [31] \u_cpu.u_imm_gen.i_instr [31] \u_cpu.u_imm_gen.i_instr [31] \u_cpu.u_imm_gen.i_instr [31] \u_cpu.u_imm_gen.i_instr [31] \u_cpu.u_imm_gen.i_instr [31] \u_cpu.u_imm_gen.i_instr [31] \u_cpu.u_imm_gen.i_instr [31] \u_cpu.u_imm_gen.i_instr [31] \u_cpu.u_imm_gen.i_instr [31] \u_cpu.u_imm_gen.i_instr [31:20] \u_cpu.u_imm_gen.i_instr [11:8] }, Y=\u_cpu.imm_out
      New ports: A=17'00000000000000000, B={ \u_cpu.u_imm_gen.i_instr [31] \u_cpu.u_imm_gen.i_instr [31:16] \u_cpu.u_imm_gen.i_instr [31:20] \u_cpu.u_imm_gen.i_instr [11:8] 1'0 \u_cpu.u_imm_gen.i_instr [31] \u_cpu.u_imm_gen.i_instr [31:20] \u_cpu.u_imm_gen.i_instr [11:8] }, Y=\u_cpu.imm_out [16:0]
      New connections: \u_cpu.imm_out [31:17] = { \u_cpu.imm_out [16] \u_cpu.imm_out [16] \u_cpu.imm_out [16] \u_cpu.imm_out [16] \u_cpu.imm_out [16] \u_cpu.imm_out [16] \u_cpu.imm_out [16] \u_cpu.imm_out [16] \u_cpu.imm_out [16] \u_cpu.imm_out [16] \u_cpu.imm_out [16] \u_cpu.imm_out [16] \u_cpu.imm_out [16] \u_cpu.imm_out [16] \u_cpu.imm_out [16] }
    Consolidated identical input bits for $mux cell $flatten\u_uart_rx.$procmux$679:
      Old ports: A=3'010, B={ 2'01 $auto$alumacc.cc:565:replace_alu$1010 [2] }, Y=$flatten\u_uart_rx.$procmux$679_Y
      New ports: A=1'0, B=$auto$alumacc.cc:565:replace_alu$1010 [2], Y=$flatten\u_uart_rx.$procmux$679_Y [0]
      New connections: $flatten\u_uart_rx.$procmux$679_Y [2:1] = 2'01
  Optimizing cells in module \soc_top.
Performed a total of 9 changes.

13.32.5. Executing OPT_MERGE pass (detect identical cells).
Finding identical cells in module `\soc_top'.
Computing hashes of 193 cells of `\soc_top'.
Finding duplicate cells in `\soc_top'.
Computing hashes of 191 cells of `\soc_top'.
Finding duplicate cells in `\soc_top'.
<suppressed ~6 debug messages>
Removed a total of 2 cells.

13.32.6. Executing OPT_DFF pass (perform DFF optimizations).

13.32.7. Executing OPT_CLEAN pass (remove unused cells and wires).
Finding unused cells or wires in module \soc_top..
Removed 0 unused cells and 2 unused wires.
<suppressed ~1 debug messages>

13.32.8. Executing OPT_EXPR pass (perform const folding).
Optimizing module soc_top.

13.32.9. Rerunning OPT passes. (Maybe there is more to do..)

13.32.10. Executing OPT_MUXTREE pass (detect dead branches in mux trees).
Running muxtree optimizer on module \soc_top..
  Creating internal representation of mux trees.
  Evaluating internal representation of mux trees.
  Analyzing evaluation results.
Removed 0 multiplexer ports.
<suppressed ~54 debug messages>

13.32.11. Executing OPT_REDUCE pass (consolidate $*mux and $reduce_* inputs).
  Optimizing cells in module \soc_top.
Performed a total of 0 changes.

13.32.12. Executing OPT_MERGE pass (detect identical cells).
Finding identical cells in module `\soc_top'.
Computing hashes of 191 cells of `\soc_top'.
Finding duplicate cells in `\soc_top'.
Removed a total of 0 cells.

13.32.13. Executing OPT_DFF pass (perform DFF optimizations).

13.32.14. Executing OPT_CLEAN pass (remove unused cells and wires).
Finding unused cells or wires in module \soc_top..

13.32.15. Executing OPT_EXPR pass (perform const folding).
Optimizing module soc_top.

13.32.16. Finished fast OPT passes. (There is nothing left to do.)

13.33. Executing TECHMAP pass (map to technology primitives).

13.33.1. Executing Verilog-2005 frontend: /share/techmap.v
Parsing Verilog input from `/share/techmap.v' to AST representation.
Generating RTLIL representation for module `\_90_simplemap_bool_ops'.
Generating RTLIL representation for module `\_90_simplemap_reduce_ops'.
Generating RTLIL representation for module `\_90_simplemap_logic_ops'.
Generating RTLIL representation for module `\_90_simplemap_compare_ops'.
Generating RTLIL representation for module `\_90_simplemap_various'.
Generating RTLIL representation for module `\_90_simplemap_registers'.
Generating RTLIL representation for module `\_90_shift_ops_shr_shl_sshl_sshr'.
Generating RTLIL representation for module `\_90_shift_shiftx'.
Generating RTLIL representation for module `\_90_fa'.
Generating RTLIL representation for module `\_90_lcu_brent_kung'.
Generating RTLIL representation for module `\_90_alu'.
Generating RTLIL representation for module `\_90_macc'.
Generating RTLIL representation for module `\_90_alumacc'.
Generating RTLIL representation for module `$__div_mod_u'.
Generating RTLIL representation for module `$__div_mod_trunc'.
Generating RTLIL representation for module `\_90_div'.
Generating RTLIL representation for module `\_90_mod'.
Generating RTLIL representation for module `$__div_mod_floor'.
Generating RTLIL representation for module `\_90_divfloor'.
Generating RTLIL representation for module `\_90_modfloor'.
Generating RTLIL representation for module `\_90_pow'.
Generating RTLIL representation for module `\_90_demux'.
Generating RTLIL representation for module `\_90_lut'.
Generating RTLIL representation for module `$connect'.
Generating RTLIL representation for module `$input_port'.
Successfully finished Verilog frontend.

13.33.2. Executing Verilog-2005 frontend: /share/gowin/arith_map.v
Parsing Verilog input from `/share/gowin/arith_map.v' to AST representation.
Generating RTLIL representation for module `\_80_gw1n_alu'.
Successfully finished Verilog frontend.

13.33.3. Continuing TECHMAP pass.
Using extmapper simplemap for cells of type $reduce_or.
Using extmapper simplemap for cells of type $not.
Using extmapper simplemap for cells of type $sdffce.
Using extmapper simplemap for cells of type $sdffe.
Using extmapper simplemap for cells of type $reduce_and.
Using extmapper simplemap for cells of type $mux.
Using template $paramod$fbc7873bff55778c0b3173955b7e4bce1d9d6834\_80_gw1n_alu for cells of type $alu.
Using extmapper simplemap for cells of type $xor.
Using template $paramod$3ef7d3dd227da7627a99c5e5a6a4deb817573e39\_80_gw1n_alu for cells of type $alu.
Using template $paramod$c3cd1564c35d873179656addd6052d7ea8b6d991\_80_gw1n_alu for cells of type $alu.
Using template $paramod$91e48372c4727ea71d55ab176117dd734d7fabbc\_80_gw1n_alu for cells of type $alu.
Using template $paramod$44a13d10af618e7fbe7b9aad2f6151ffcee1e2fa\_80_gw1n_alu for cells of type $alu.
Using template $paramod$ebf89ea36a793f0f77858f212141d47c833068ad\_80_gw1n_alu for cells of type $alu.
Using template $paramod$025d767fc934a3e7d59a671de523743ebaa07759\_80_gw1n_alu for cells of type $alu.
Using template $paramod$78e969f2586efcf3a5b0b0440bcca0db83d5cca2\_80_gw1n_alu for cells of type $alu.
Using template $paramod$a1bc51c02ce12ac21eb18988e83292af48ed7d72\_80_gw1n_alu for cells of type $alu.
Using template $paramod$336b1fb79b1d6be5a93bb9daed6b253aadd9b6ea\_80_gw1n_alu for cells of type $alu.
Using extmapper simplemap for cells of type $bmux.
Using extmapper simplemap for cells of type $reduce_bool.
Using extmapper simplemap for cells of type $dffe.
Using extmapper simplemap for cells of type $ne.
Using extmapper simplemap for cells of type $sdff.
Using extmapper simplemap for cells of type $eq.
Using extmapper simplemap for cells of type $and.
Using extmapper simplemap for cells of type $or.
Using template $paramod$constmap:6111415c3ecfd9bb520e2072bfee38e7d8bfb139$paramod$335cfd09f1afa8139c4aafcbbe5f361887b79c5e\_90_shift_ops_shr_shl_sshl_sshr for cells of type $shl.
Using template $paramod$constmap:6111415c3ecfd9bb520e2072bfee38e7d8bfb139$paramod$feecc7a0dbd012970970f2858f15e786e251f677\_90_shift_ops_shr_shl_sshl_sshr for cells of type $shr.
Using template $paramod$constmap:6111415c3ecfd9bb520e2072bfee38e7d8bfb139$paramod$5180471e6f22625c8e3c4261cd538e11648586b5\_90_shift_ops_shr_shl_sshl_sshr for cells of type $sshr.
Using extmapper simplemap for cells of type $pmux.
Using extmapper simplemap for cells of type $logic_not.
Using extmapper simplemap for cells of type $logic_and.
Using template $paramod$constmap:6cd8f90721c88644dc26020a777b0852d3620e18$paramod$c3074ebf10f4d9279c8fcaff5babfb6674335b21\_90_shift_shiftx for cells of type $shift.
Analyzing pattern of constant bits for this cell:
Creating constmapped module `$paramod$constmap:8d612b521fc2385a6a818bff9675d62bbff9e4c4$paramod$c3074ebf10f4d9279c8fcaff5babfb6674335b21\_90_shift_shiftx'.

13.33.44. Executing OPT_MUXTREE pass (detect dead branches in mux trees).
Running muxtree optimizer on module $paramod$constmap:8d612b521fc2385a6a818bff9675d62bbff9e4c4$paramod$c3074ebf10f4d9279c8fcaff5babfb6674335b21\_90_shift_shiftx..
  Creating internal representation of mux trees.
  Evaluating internal representation of mux trees.
  Analyzing evaluation results.
    dead port 2/2 on $mux $procmux$6452.
    dead port 2/2 on $mux $procmux$6458.
    dead port 2/2 on $mux $procmux$6464.
    dead port 2/2 on $mux $procmux$6470.
    dead port 2/2 on $mux $procmux$6476.
    dead port 2/2 on $mux $procmux$6482.
    dead port 2/2 on $mux $procmux$6488.
    dead port 2/2 on $mux $procmux$6494.
    dead port 2/2 on $mux $procmux$6500.
    dead port 2/2 on $mux $procmux$6506.
Removed 10 multiplexer ports.
<suppressed ~2197 debug messages>

13.33.45. Executing OPT_EXPR pass (perform const folding).
Optimizing module $paramod$constmap:8d612b521fc2385a6a818bff9675d62bbff9e4c4$paramod$c3074ebf10f4d9279c8fcaff5babfb6674335b21\_90_shift_shiftx.
<suppressed ~24 debug messages>
Removed 0 unused cells and 15 unused wires.
Using template $paramod$constmap:8d612b521fc2385a6a818bff9675d62bbff9e4c4$paramod$c3074ebf10f4d9279c8fcaff5babfb6674335b21\_90_shift_shiftx for cells of type $shift.
Using template $paramod$constmap:8876c1e1fa289f4793438d4e34d232728e6a9746$paramod$92adee9538f2381d8e5006822c900eb986d754e8\_90_shift_shiftx for cells of type $shiftx.
Using extmapper simplemap for cells of type $dff.
Using template $paramod$constmap:ed202111594f0a1b622ac8dc4bd7c990ea27025c$paramod$40ccfd5a7f1418017a9af25543d0c43a198b5946\_90_shift_shiftx for cells of type $shift.
Analyzing pattern of constant bits for this cell:
  Constant input on bit 0 of port A: 1'1
Creating constmapped module `$paramod$constmap:aaa79bdfe7451deca7ae697c0784fd1c184bd8f2$paramod$40ccfd5a7f1418017a9af25543d0c43a198b5946\_90_shift_shiftx'.

13.33.56. Executing OPT_MUXTREE pass (detect dead branches in mux trees).
Running muxtree optimizer on module $paramod$constmap:aaa79bdfe7451deca7ae697c0784fd1c184bd8f2$paramod$40ccfd5a7f1418017a9af25543d0c43a198b5946\_90_shift_shiftx..
  Creating internal representation of mux trees.
  Evaluating internal representation of mux trees.
  Analyzing evaluation results.
    dead port 2/2 on $mux $procmux$8716.
    dead port 2/2 on $mux $procmux$8722.
    dead port 2/2 on $mux $procmux$8728.
Removed 3 multiplexer ports.
<suppressed ~428 debug messages>

13.33.57. Executing OPT_EXPR pass (perform const folding).
Optimizing module $paramod$constmap:aaa79bdfe7451deca7ae697c0784fd1c184bd8f2$paramod$40ccfd5a7f1418017a9af25543d0c43a198b5946\_90_shift_shiftx.
<suppressed ~2 debug messages>
Removed 0 unused cells and 9 unused wires.
Using template $paramod$constmap:aaa79bdfe7451deca7ae697c0784fd1c184bd8f2$paramod$40ccfd5a7f1418017a9af25543d0c43a198b5946\_90_shift_shiftx for cells of type $shift.
Using extmapper simplemap for cells of type $pos.
No more expansions possible.
<suppressed ~411 debug messages>

13.34. Executing OPT pass (performing simple optimizations).

13.34.1. Executing OPT_EXPR pass (perform const folding).
Optimizing module soc_top.
<suppressed ~32548 debug messages>

13.34.2. Executing OPT_MERGE pass (detect identical cells).
Finding identical cells in module `\soc_top'.
Computing hashes of 10738 cells of `\soc_top'.
Finding duplicate cells in `\soc_top'.
Computing hashes of 10493 cells of `\soc_top'.
Finding duplicate cells in `\soc_top'.
Computing hashes of 10369 cells of `\soc_top'.
Finding duplicate cells in `\soc_top'.
Computing hashes of 10268 cells of `\soc_top'.
Finding duplicate cells in `\soc_top'.
Computing hashes of 10174 cells of `\soc_top'.
Finding duplicate cells in `\soc_top'.
Computing hashes of 10093 cells of `\soc_top'.
Finding duplicate cells in `\soc_top'.
Computing hashes of 10060 cells of `\soc_top'.
Finding duplicate cells in `\soc_top'.
Computing hashes of 10059 cells of `\soc_top'.
Finding duplicate cells in `\soc_top'.
Computing hashes of 10058 cells of `\soc_top'.
Finding duplicate cells in `\soc_top'.
Computing hashes of 10057 cells of `\soc_top'.
Finding duplicate cells in `\soc_top'.
Computing hashes of 10056 cells of `\soc_top'.
Finding duplicate cells in `\soc_top'.
Computing hashes of 10055 cells of `\soc_top'.
Finding duplicate cells in `\soc_top'.
Computing hashes of 10054 cells of `\soc_top'.
Finding duplicate cells in `\soc_top'.
Computing hashes of 10053 cells of `\soc_top'.
Finding duplicate cells in `\soc_top'.
Computing hashes of 10052 cells of `\soc_top'.
Finding duplicate cells in `\soc_top'.
Computing hashes of 10051 cells of `\soc_top'.
Finding duplicate cells in `\soc_top'.
Computing hashes of 10050 cells of `\soc_top'.
Finding duplicate cells in `\soc_top'.
Computing hashes of 10049 cells of `\soc_top'.
Finding duplicate cells in `\soc_top'.
Computing hashes of 10048 cells of `\soc_top'.
Finding duplicate cells in `\soc_top'.
Computing hashes of 10047 cells of `\soc_top'.
Finding duplicate cells in `\soc_top'.
Computing hashes of 10046 cells of `\soc_top'.
Finding duplicate cells in `\soc_top'.
Computing hashes of 10045 cells of `\soc_top'.
Finding duplicate cells in `\soc_top'.
Computing hashes of 10044 cells of `\soc_top'.
Finding duplicate cells in `\soc_top'.
<suppressed ~2082 debug messages>
Removed a total of 694 cells.

13.34.3. Executing OPT_DFF pass (perform DFF optimizations).
Adding SRST signal on $auto$ff.cc:337:slice$8520 ($_DFF_P_) from module soc_top (D = $auto$simplemap.cc:189:logic_reduce$8687, Q = \u_uart_rx.r_SM_Main [2], rval = 1'0).
Adding SRST signal on $auto$ff.cc:337:slice$2454 ($_DFFE_PP_) from module soc_top (D = $auto$simplemap.cc:189:logic_reduce$8441, Q = \u_uart_tx.r_SM_Main [2], rval = 1'0).
Adding SRST signal on $auto$ff.cc:337:slice$2451 ($_DFFE_PP_) from module soc_top (D = $auto$simplemap.cc:189:logic_reduce$8393, Q = \u_uart_tx.o_Tx_Serial, rval = 1'1).
Adding SRST signal on $auto$ff.cc:337:slice$2452 ($_DFFE_PP_) from module soc_top (D = $auto$simplemap.cc:189:logic_reduce$8413, Q = \u_uart_tx.r_SM_Main [0], rval = 1'0).
Adding SRST signal on $auto$ff.cc:337:slice$2453 ($_DFFE_PP_) from module soc_top (D = $auto$simplemap.cc:189:logic_reduce$8427, Q = \u_uart_tx.r_SM_Main [1], rval = 1'0).
Adding SRST signal on $auto$ff.cc:337:slice$8518 ($_DFF_P_) from module soc_top (D = $auto$simplemap.cc:189:logic_reduce$8659, Q = \u_uart_rx.r_SM_Main [0], rval = 1'0).
Adding SRST signal on $auto$ff.cc:337:slice$8519 ($_DFF_P_) from module soc_top (D = $auto$simplemap.cc:189:logic_reduce$8673, Q = \u_uart_rx.r_SM_Main [1], rval = 1'0).

13.34.4. Executing OPT_CLEAN pass (remove unused cells and wires).
Finding unused cells or wires in module \soc_top..
Removed 1356 unused cells and 965 unused wires.
<suppressed ~1358 debug messages>

13.34.5. Rerunning OPT passes. (Removed registers in this run.)

13.34.6. Executing OPT_EXPR pass (perform const folding).
Optimizing module soc_top.
<suppressed ~10 debug messages>

13.34.7. Executing OPT_MERGE pass (detect identical cells).
Finding identical cells in module `\soc_top'.
Computing hashes of 8678 cells of `\soc_top'.
Finding duplicate cells in `\soc_top'.
Removed a total of 0 cells.

13.34.8. Executing OPT_DFF pass (perform DFF optimizations).

13.34.9. Executing OPT_CLEAN pass (remove unused cells and wires).
Finding unused cells or wires in module \soc_top..
Removed 0 unused cells and 1 unused wires.
<suppressed ~1 debug messages>

13.34.10. Finished fast OPT passes.

13.35. Executing IOPADMAP pass (mapping inputs/outputs to IO-PAD cells).
Mapping port soc_top.o_led using OBUF.
Mapping port soc_top.o_uart_tx_serial using OBUF.
Mapping port soc_top.i_uart_rx_serial using IBUF.
Mapping port soc_top.i_btn_rst using IBUF.
Mapping port soc_top.i_clk using IBUF.

13.36. Executing OPT_CLEAN pass (remove unused cells and wires).
Finding unused cells or wires in module \soc_top..
Removed 0 unused cells and 3 unused wires.
<suppressed ~1 debug messages>

13.37. Executing DFFLEGALIZE pass (convert FFs to types supported by the target).

13.38. Executing TECHMAP pass (map to technology primitives).

13.38.1. Executing Verilog-2005 frontend: /share/gowin/cells_map.v
Parsing Verilog input from `/share/gowin/cells_map.v' to AST representation.
Generating RTLIL representation for module `$_DFF_N_'.
Generating RTLIL representation for module `$_DFF_P_'.
Generating RTLIL representation for module `$_DFFE_PP_'.
Generating RTLIL representation for module `$_DFFE_NP_'.
Generating RTLIL representation for module `$_SDFF_PP0_'.
Generating RTLIL representation for module `$_SDFF_NP0_'.
Generating RTLIL representation for module `$_SDFFE_PP0P_'.
Generating RTLIL representation for module `$_SDFFE_NP0P_'.
Generating RTLIL representation for module `$_SDFF_PP1_'.
Generating RTLIL representation for module `$_SDFF_NP1_'.
Generating RTLIL representation for module `$_SDFFE_PP1P_'.
Generating RTLIL representation for module `$_SDFFE_NP1P_'.
Generating RTLIL representation for module `$_DFF_PP1_'.
Generating RTLIL representation for module `$_DFF_NP1_'.
Generating RTLIL representation for module `$_DFF_PP0_'.
Generating RTLIL representation for module `$_DFF_NP0_'.
Generating RTLIL representation for module `$_DFFE_PP1P_'.
Generating RTLIL representation for module `$_DFFE_NP1P_'.
Generating RTLIL representation for module `$_DFFE_PP0P_'.
Generating RTLIL representation for module `$_DFFE_NP0P_'.
Generating RTLIL representation for module `$lut'.
Successfully finished Verilog frontend.

13.38.2. Continuing TECHMAP pass.
Using template $_SDFF_PP0_ for cells of type $_SDFF_PP0_.
Using template $_SDFFE_PP0P_ for cells of type $_SDFFE_PP0P_.
Using template $_SDFFE_PP1P_ for cells of type $_SDFFE_PP1P_.
Using template $_SDFF_PP1_ for cells of type $_SDFF_PP1_.
Using template $_DFFE_PP_ for cells of type $_DFFE_PP_.
No more expansions possible.
<suppressed ~635 debug messages>

13.39. Executing TECHMAP pass (map to technology primitives).

13.39.1. Executing Verilog-2005 frontend: /share/gowin/cells_latch.v
Parsing Verilog input from `/share/gowin/cells_latch.v' to AST representation.
Generating RTLIL representation for module `$_DLATCH_P_'.
Generating RTLIL representation for module `$_DLATCH_N_'.
Generating RTLIL representation for module `$_DLATCH_PP0_'.
Generating RTLIL representation for module `$_DLATCH_NP0_'.
Generating RTLIL representation for module `$_DLATCH_PP1_'.
Generating RTLIL representation for module `$_DLATCH_NP1_'.
Successfully finished Verilog frontend.

13.39.2. Continuing TECHMAP pass.
No more expansions possible.
<suppressed ~8 debug messages>

13.40. Executing OPT_EXPR pass (perform const folding).
Optimizing module soc_top.
<suppressed ~1 debug messages>

13.41. Executing SIMPLEMAP pass (map simple cells to gate primitives).

13.42. Executing SORT pass.

13.43. Executing Verilog-2005 frontend: /share/abc9_model.v
Parsing Verilog input from `/share/abc9_model.v' to AST representation.
Generating RTLIL representation for module `$__ABC9_DELAY'.
Generating RTLIL representation for module `$__ABC9_SCC_BREAKER'.
Generating RTLIL representation for module `$__DFF_N__$abc9_flop'.
Generating RTLIL representation for module `$__DFF_P__$abc9_flop'.
Successfully finished Verilog frontend.

13.44. Executing ABC9 pass.

13.44.1. Executing ABC9_OPS pass (helper functions for ABC9).

13.44.2. Executing ABC9_OPS pass (helper functions for ABC9).

13.44.3. Executing PROC pass (convert processes to netlists).

13.44.3.1. Executing PROC_CLEAN pass (remove empty switches from decision trees).
Found and cleaned up 1 empty switch in `$paramod\ALU\ALU_MODE=s32'00000000000000000000000000000010.$proc$/share/gowin/cells_sim.v:1064$47812'.
Cleaned up 1 empty switch.

13.44.3.2. Executing PROC_RMDEAD pass (remove dead branches from decision trees).
Removed a total of 0 dead cases.

13.44.3.3. Executing PROC_PRUNE pass (remove redundant assignments in processes).
Removed 0 redundant assignments.
Promoted 4 assignments to connections.

13.44.3.4. Executing PROC_INIT pass (extract init attributes).

13.44.3.5. Executing PROC_ARST pass (detect async resets in processes).

13.44.3.6. Executing PROC_ROM pass (convert switches to ROMs).
Converted 0 switches.

13.44.3.7. Executing PROC_MUX pass (convert decision trees to multiplexers).
Creating decoders for process `$paramod\ALU\ALU_MODE=s32'00000000000000000000000000000010.$proc$/share/gowin/cells_sim.v:1064$47812'.

13.44.3.8. Executing PROC_DLATCH pass (convert process syncs to latches).
No latch inferred for signal `$paramod\ALU\ALU_MODE=s32'00000000000000000000000000000010.\C' from process `$paramod\ALU\ALU_MODE=s32'00000000000000000000000000000010.$proc$/share/gowin/cells_sim.v:1064$47812'.
No latch inferred for signal `$paramod\ALU\ALU_MODE=s32'00000000000000000000000000000010.\S' from process `$paramod\ALU\ALU_MODE=s32'00000000000000000000000000000010.$proc$/share/gowin/cells_sim.v:1064$47812'.

13.44.3.9. Executing PROC_DFF pass (convert process syncs to FFs).

13.44.3.10. Executing PROC_MEMWR pass (convert process memory writes to cells).

13.44.3.11. Executing PROC_CLEAN pass (remove empty switches from decision trees).
Removing empty process `$paramod\ALU\ALU_MODE=s32'00000000000000000000000000000010.$proc$/share/gowin/cells_sim.v:1064$47812'.
Cleaned up 0 empty switches.

13.44.4. Executing SCC pass (detecting logic loops).
Found 0 SCCs in module soc_top.
Found 0 SCCs.

13.44.5. Executing ABC9_OPS pass (helper functions for ABC9).

13.44.6. Executing TECHMAP pass (map to technology primitives).

13.44.6.1. Executing Verilog-2005 frontend: /share/techmap.v
Parsing Verilog input from `/share/techmap.v' to AST representation.
Generating RTLIL representation for module `\_90_simplemap_bool_ops'.
Generating RTLIL representation for module `\_90_simplemap_reduce_ops'.
Generating RTLIL representation for module `\_90_simplemap_logic_ops'.
Generating RTLIL representation for module `\_90_simplemap_compare_ops'.
Generating RTLIL representation for module `\_90_simplemap_various'.
Generating RTLIL representation for module `\_90_simplemap_registers'.
Generating RTLIL representation for module `\_90_shift_ops_shr_shl_sshl_sshr'.
Generating RTLIL representation for module `\_90_shift_shiftx'.
Generating RTLIL representation for module `\_90_fa'.
Generating RTLIL representation for module `\_90_lcu_brent_kung'.
Generating RTLIL representation for module `\_90_alu'.
Generating RTLIL representation for module `\_90_macc'.
Generating RTLIL representation for module `\_90_alumacc'.
Generating RTLIL representation for module `$__div_mod_u'.
Generating RTLIL representation for module `$__div_mod_trunc'.
Generating RTLIL representation for module `\_90_div'.
Generating RTLIL representation for module `\_90_mod'.
Generating RTLIL representation for module `$__div_mod_floor'.
Generating RTLIL representation for module `\_90_divfloor'.
Generating RTLIL representation for module `\_90_modfloor'.
Generating RTLIL representation for module `\_90_pow'.
Generating RTLIL representation for module `\_90_demux'.
Generating RTLIL representation for module `\_90_lut'.
Generating RTLIL representation for module `$connect'.
Generating RTLIL representation for module `$input_port'.
Successfully finished Verilog frontend.

13.44.6.2. Continuing TECHMAP pass.
No more expansions possible.
<suppressed ~230 debug messages>

13.44.7. Executing OPT pass (performing simple optimizations).

13.44.7.1. Executing OPT_EXPR pass (perform const folding).

13.44.7.2. Executing OPT_MERGE pass (detect identical cells).
Removed a total of 0 cells.

13.44.7.3. Executing OPT_MUXTREE pass (detect dead branches in mux trees).
Removed 0 multiplexer ports.

13.44.7.4. Executing OPT_REDUCE pass (consolidate $*mux and $reduce_* inputs).
Performed a total of 0 changes.

13.44.7.5. Executing OPT_MERGE pass (detect identical cells).
Removed a total of 0 cells.

13.44.7.6. Executing OPT_DFF pass (perform DFF optimizations).

13.44.7.7. Executing OPT_CLEAN pass (remove unused cells and wires).

13.44.7.8. Executing OPT_EXPR pass (perform const folding).

13.44.7.9. Finished fast OPT passes. (There is nothing left to do.)

13.44.8. Executing TECHMAP pass (map to technology primitives).

13.44.8.1. Executing Verilog-2005 frontend: /share/abc9_map.v
Parsing Verilog input from `/share/abc9_map.v' to AST representation.
Successfully finished Verilog frontend.

13.44.8.2. Continuing TECHMAP pass.
No more expansions possible.
<suppressed ~2 debug messages>

13.44.9. Executing Verilog-2005 frontend: /share/abc9_model.v
Parsing Verilog input from `/share/abc9_model.v' to AST representation.
Replacing existing blackbox module `$__ABC9_DELAY' at /share/abc9_model.v:2.1-7.10.
Generating RTLIL representation for module `$__ABC9_DELAY'.
Replacing existing blackbox module `$__ABC9_SCC_BREAKER' at /share/abc9_model.v:9.1-11.10.
Generating RTLIL representation for module `$__ABC9_SCC_BREAKER'.
Replacing existing module `$__DFF_N__$abc9_flop' at /share/abc9_model.v:14.1-20.10.
Generating RTLIL representation for module `$__DFF_N__$abc9_flop'.
Replacing existing module `$__DFF_P__$abc9_flop' at /share/abc9_model.v:23.1-29.10.
Generating RTLIL representation for module `$__DFF_P__$abc9_flop'.
Successfully finished Verilog frontend.

13.44.10. Executing ABC9_OPS pass (helper functions for ABC9).
<suppressed ~1294 debug messages>

13.44.11. Executing ABC9_OPS pass (helper functions for ABC9).

13.44.12. Executing ABC9_OPS pass (helper functions for ABC9).
<suppressed ~2 debug messages>

13.44.13. Executing TECHMAP pass (map to technology primitives).

13.44.13.1. Executing Verilog-2005 frontend: /share/techmap.v
Parsing Verilog input from `/share/techmap.v' to AST representation.
Generating RTLIL representation for module `\_90_simplemap_bool_ops'.
Generating RTLIL representation for module `\_90_simplemap_reduce_ops'.
Generating RTLIL representation for module `\_90_simplemap_logic_ops'.
Generating RTLIL representation for module `\_90_simplemap_compare_ops'.
Generating RTLIL representation for module `\_90_simplemap_various'.
Generating RTLIL representation for module `\_90_simplemap_registers'.
Generating RTLIL representation for module `\_90_shift_ops_shr_shl_sshl_sshr'.
Generating RTLIL representation for module `\_90_shift_shiftx'.
Generating RTLIL representation for module `\_90_fa'.
Generating RTLIL representation for module `\_90_lcu_brent_kung'.
Generating RTLIL representation for module `\_90_alu'.
Generating RTLIL representation for module `\_90_macc'.
Generating RTLIL representation for module `\_90_alumacc'.
Generating RTLIL representation for module `$__div_mod_u'.
Generating RTLIL representation for module `$__div_mod_trunc'.
Generating RTLIL representation for module `\_90_div'.
Generating RTLIL representation for module `\_90_mod'.
Generating RTLIL representation for module `$__div_mod_floor'.
Generating RTLIL representation for module `\_90_divfloor'.
Generating RTLIL representation for module `\_90_modfloor'.
Generating RTLIL representation for module `\_90_pow'.
Generating RTLIL representation for module `\_90_demux'.
Generating RTLIL representation for module `\_90_lut'.
Generating RTLIL representation for module `$connect'.
Generating RTLIL representation for module `$input_port'.
Successfully finished Verilog frontend.

13.44.13.2. Continuing TECHMAP pass.
Using template $paramod\ALU\ALU_MODE=s32'00000000000000000000000000000010 for cells of type $paramod\ALU\ALU_MODE=s32'00000000000000000000000000000010.
Using extmapper simplemap for cells of type $mux.
Using extmapper simplemap for cells of type $xor.
Using extmapper simplemap for cells of type $not.
No more expansions possible.
<suppressed ~239 debug messages>

13.44.14. Executing OPT pass (performing simple optimizations).

13.44.14.1. Executing OPT_EXPR pass (perform const folding).
Optimizing module soc_top.

13.44.14.2. Executing OPT_MERGE pass (detect identical cells).
Finding identical cells in module `\soc_top'.
Computing hashes of 14 cells of `\soc_top'.
Finding duplicate cells in `\soc_top'.
Removed a total of 0 cells.

13.44.14.3. Executing OPT_MUXTREE pass (detect dead branches in mux trees).
Running muxtree optimizer on module \soc_top..
  Creating internal representation of mux trees.
  No muxes found in this module.
Removed 0 multiplexer ports.

13.44.14.4. Executing OPT_REDUCE pass (consolidate $*mux and $reduce_* inputs).
  Optimizing cells in module \soc_top.
Performed a total of 0 changes.

13.44.14.5. Executing OPT_MERGE pass (detect identical cells).
Finding identical cells in module `\soc_top'.
Computing hashes of 14 cells of `\soc_top'.
Finding duplicate cells in `\soc_top'.
Removed a total of 0 cells.

13.44.14.6. Executing OPT_DFF pass (perform DFF optimizations).

13.44.14.7. Executing OPT_CLEAN pass (remove unused cells and wires).
Finding unused cells or wires in module \soc_top..
Removed 0 unused cells and 16 unused wires.
<suppressed ~1 debug messages>

13.44.14.8. Executing OPT_EXPR pass (perform const folding).
Optimizing module soc_top.

13.44.14.9. Rerunning OPT passes. (Maybe there is more to do..)

13.44.14.10. Executing OPT_MUXTREE pass (detect dead branches in mux trees).
Running muxtree optimizer on module \soc_top..
  Creating internal representation of mux trees.
  No muxes found in this module.
Removed 0 multiplexer ports.

13.44.14.11. Executing OPT_REDUCE pass (consolidate $*mux and $reduce_* inputs).
  Optimizing cells in module \soc_top.
Performed a total of 0 changes.

13.44.14.12. Executing OPT_MERGE pass (detect identical cells).
Finding identical cells in module `\soc_top'.
Computing hashes of 14 cells of `\soc_top'.
Finding duplicate cells in `\soc_top'.
Removed a total of 0 cells.

13.44.14.13. Executing OPT_DFF pass (perform DFF optimizations).

13.44.14.14. Executing OPT_CLEAN pass (remove unused cells and wires).
Finding unused cells or wires in module \soc_top..

13.44.14.15. Executing OPT_EXPR pass (perform const folding).
Optimizing module soc_top.

13.44.14.16. Finished fast OPT passes. (There is nothing left to do.)

13.44.15. Executing AIGMAP pass (map logic to AIG).
Module soc_top: replaced 5 cells with 35 new cells, skipped 9 cells.
  replaced 2 cell types:
       2 $_MUX_
       3 $_XOR_
  not replaced 2 cell types:
       1 $_NOT_
       8 $specify2

13.44.16. Executing AIGMAP pass (map logic to AIG).
Module soc_top: replaced 6329 cells with 41317 new cells, skipped 3734 cells.
  replaced 4 cell types:
    5279 $_MUX_
       4 $_ORNOT_
     990 $_OR_
      56 $_XOR_
  not replaced 14 cell types:
     943 $_AND_
     680 $_NOT_
      11 $scopeinfo
       3 IBUF
     538 DFFE
       2 DFFS
       1 DFFSE
       4 DFFR
      67 DFFRE
       7 OBUF
       2 SPX9
     184 $paramod\ALU\ALU_MODE=s32'00000000000000000000000000000010
     612 $paramod$__ABC9_DELAY\DELAY=32'00000000000000000000001001000000
     680 $paramod$__ABC9_DELAY\DELAY=32'00000000000000000000000000111111

13.44.16.1. Executing ABC9_OPS pass (helper functions for ABC9).

13.44.16.2. Executing ABC9_OPS pass (helper functions for ABC9).

13.44.16.3. Executing XAIGER backend.
<suppressed ~623 debug messages>
Extracted 17942 AND gates and 45954 wires from module `soc_top' to a netlist network with 685 inputs and 1356 outputs.

13.44.16.4. Executing ABC9_EXE pass (technology mapping using ABC9).

13.44.16.5. Executing ABC9.
Running ABC command: "/yosys-abc" -s -f <abc-temp-dir>/abc.script 2>&1
==> [2/4] Place & route (nextpnr)
Info: Using uarch 'gowin' for device 'GW1NR-LV9QN88PC6/I5'

Info: Cell O_psram_ck[0] not found
Info: Cell O_psram_ck[1] not found
Info: Cell O_psram_ck_n[0] not found
Info: Cell O_psram_ck_n[1] not found
Info: Cell O_psram_cs_n[0] not found
Info: Cell O_psram_cs_n[1] not found
Info: Cell O_psram_reset_n[0] not found
Info: Cell O_psram_reset_n[1] not found
Info: Cell IO_psram_dq[0] not found
Info: Cell IO_psram_dq[1] not found
Info: Cell IO_psram_dq[2] not found
Info: Cell IO_psram_dq[3] not found
Info: Cell IO_psram_dq[4] not found
Info: Cell IO_psram_dq[5] not found
Info: Cell IO_psram_dq[6] not found
Info: Cell IO_psram_dq[7] not found
Info: Cell IO_psram_dq[8] not found
Info: Cell IO_psram_dq[9] not found
Info: Cell IO_psram_dq[10] not found
Info: Cell IO_psram_dq[11] not found
Info: Cell IO_psram_dq[12] not found
Info: Cell IO_psram_dq[13] not found
Info: Cell IO_psram_dq[14] not found
Info: Cell IO_psram_dq[15] not found
Info: Cell IO_psram_rwds[0] not found
Info: Cell IO_psram_rwds[1] not found
Info: Reading constraints...
Info: Create constant nets...
Info: Modify LUTs...
Info: Pack IOBs...
Info: Pack I3C IOs...
Info: Pack MIPI IOs...
Info: Pack diff IOBs...
Info: Pack FFs into IO cells...
Info: Pack IODELAY...
Info: Pack Input Edge Monitors...
Info: Pack IO logic...
Info: Pack DESER16 logic...
Info: Pack GSR...
Info: Pack HCLK cells...
Info: Pack DLLDLYs...
Info: Pack wide LUTs...
Info: Packed MUX2_LUT8:105, MUX2_LU7:23, MUX2_LUT6:71, MUX2_LUT5:223
Info: Pack ALUs...
Info: Pack SSRAMs...
Info: Constrained 422 LUTFF pairs.
Info: Pack PLL...
Info: Pack ADC...
Info: Pack BSRAMs...
Info: Pack DSP...
Info: Pack INV...
Info: Pack buffered nets...
Info: Pack EMCU and UserFlash cells...
Info: Pack UserFlash cells...
Info: Pack DQCE cells...
Info: Pack DCS cells...
Info: Checksum: 0x79312d05

Info: Device utilisation:
Info: 	                 VCC:       1/      1   100%
Info: 	                 IOB:      10/    276     3%
Info: 	                LUT4:    3882/   8640    44%
Info: 	              OSER16:       0/     80     0%
Info: 	              IDES16:       0/     80     0%
Info: 	            IOLOGICI:       0/    276     0%
Info: 	            IOLOGICO:       0/    276     0%
Info: 	           MUX2_LUT5:    1297/   4320    30%
Info: 	           MUX2_LUT6:     537/   2160    24%
Info: 	           MUX2_LUT7:     233/   1080    21%
Info: 	           MUX2_LUT8:     105/   1080     9%
Info: 	                 ALU:     184/   6480     2%
Info: 	                 GND:       1/      1   100%
Info: 	                 DFF:     580/   6480     8%
Info: 	           RAM16SDP4:       0/    270     0%
Info: 	               BSRAM:       2/     26     7%
Info: 	              ALU54D:       0/     10     0%
Info: 	     MULTADDALU18X18:       0/     10     0%
Info: 	        MULTALU18X18:       0/     10     0%
Info: 	        MULTALU36X18:       0/     10     0%
Info: 	           MULT36X36:       0/      5     0%
Info: 	           MULT18X18:       0/     20     0%
Info: 	             MULT9X9:       0/     40     0%
Info: 	              PADD18:       0/     20     0%
Info: 	               PADD9:       0/     40     0%
Info: 	                 GSR:       1/      1   100%
Info: 	                 OSC:       0/      1     0%
Info: 	                rPLL:       0/      2     0%
Info: 	           FLASH608K:       0/      1     0%
Info: 	                BUFG:       0/     22     0%
Info: 	                DQCE:       0/     24     0%
Info: 	                 DCS:       0/      8     0%
Info: 	               DHCEN:       0/     24     0%
Info: 	              CLKDIV:       0/      8     0%
Info: 	             CLKDIV2:       0/     16     0%
Info: 	           MIPI_IBUF:       0/     22     0%
Info: 	           MIPI_OBUF:       0/     20     0%

Info: Running custom HCLK placer...
Info: Placed 0 cells based on constraints.
Info: Creating initial analytic placement for 1700 cells, random placement wirelen = 60548.
Info:     at initial placer iter 0, wirelen = 909
Info:     at initial placer iter 1, wirelen = 934
Info:     at initial placer iter 2, wirelen = 963
Info:     at initial placer iter 3, wirelen = 932
Info: Running main analytical placer, max placement attempts per cell = 5836236.
Info:     at iteration #1, type ALL: wirelen solved = 1009, spread = 12181, legal = 32587; time = 2.04s
Info:     at iteration #2, type ALL: wirelen solved = 1617, spread = 12644, legal = 31146; time = 1.21s
Info:     at iteration #3, type ALL: wirelen solved = 2426, spread = 11269, legal = 31173; time = 2.10s
Info:     at iteration #4, type ALL: wirelen solved = 2919, spread = 12994, legal = 32447; time = 1.39s
Info:     at iteration #5, type ALL: wirelen solved = 3979, spread = 9969, legal = 29489; time = 1.52s
Info:     at iteration #6, type ALL: wirelen solved = 4370, spread = 16542, legal = 28883; time = 1.09s
Info:     at iteration #7, type ALL: wirelen solved = 5197, spread = 11274, legal = 26290; time = 1.19s
Info:     at iteration #8, type ALL: wirelen solved = 5012, spread = 15091, legal = 28206; time = 0.72s
Info:     at iteration #9, type ALL: wirelen solved = 6166, spread = 12789, legal = 26771; time = 1.08s
Info:     at iteration #10, type ALL: wirelen solved = 5557, spread = 16385, legal = 29187; time = 0.66s
Info:     at iteration #11, type ALL: wirelen solved = 6790, spread = 13003, legal = 26503; time = 1.19s
Info:     at iteration #12, type ALL: wirelen solved = 6374, spread = 17903, legal = 30113; time = 0.93s
Info: HeAP Placer Time: 16.65s
Info:   of which solving equations: 3.80s
Info:   of which spreading cells: 0.23s
Info:   of which strict legalisation: 11.99s

Info: Running simulated annealing placer for refinement.
Info:   at iteration #1: temp = 0.000000, timing cost = 1270, wirelen = 26290
Info:   at iteration #5: temp = 0.000000, timing cost = 1058, wirelen = 15787
Info:   at iteration #10: temp = 0.000000, timing cost = 961, wirelen = 14122
Info:   at iteration #15: temp = 0.000000, timing cost = 930, wirelen = 13428
Info:   at iteration #20: temp = 0.000000, timing cost = 969, wirelen = 13127
Info:   at iteration #25: temp = 0.000000, timing cost = 917, wirelen = 12908
Info:   at iteration #30: temp = 0.000000, timing cost = 928, wirelen = 12803
Info:   at iteration #35: temp = 0.000000, timing cost = 919, wirelen = 12756
Info:   at iteration #35: temp = 0.000000, timing cost = 917, wirelen = 12759 
Info: SA placement time 34.25s

Info: Max frequency for clock 'u_cpu.i_clk': 36.19 MHz (PASS at 12.00 MHz)

Info: Slack histogram:
Info:  legend: * represents 1 endpoint(s)
Info:          + represents [1,1) endpoint(s)
Info: [ 55702,  57059) |*************************+
Info: [ 57059,  58416) |************************************************************ 
Info: [ 58416,  59773) |**********************+
Info: [ 59773,  61130) |*******+
Info: [ 61130,  62487) |*******************************+
Info: [ 62487,  63844) | 
Info: [ 63844,  65201) | 
Info: [ 65201,  66558) |+
Info: [ 66558,  67915) |+
Info: [ 67915,  69272) |***+
Info: [ 69272,  70629) | 
Info: [ 70629,  71986) | 
Info: [ 71986,  73343) | 
Info: [ 73343,  74700) |***+
Info: [ 74700,  76057) |*****************+
Info: [ 76057,  77414) |******+
Info: [ 77414,  78771) |***********+
Info: [ 78771,  80128) |**************************************+
Info: [ 80128,  81485) |*****+
Info: [ 81485,  82842) |*****************+
Info: Checksum: 0xea9f4ac7
Info: Routing globals...
Info:     'u_cpu.i_clk' net was routed using global resources only.
Info:     'mem_addr_LUT4_F_2_I1_LUT2_I1_F_LUT2_F_I1_ALU_SUM_CIN_ALU_COUT_CIN_ALU_COUT_SUM_LUT2_I1_F_LUT4_I3_F_MUX2_LUT5_I1_O_MUX2_LUT6_I0_O[7]' is routed using segments.
Info:     'rx_ready_LUT3_I0_F_MUX2_LUT5_I1_O_MUX2_LUT6_I1_O_MUX2_LUT7_I1_S0_MUX2_LUT5_O_I0_LUT4_F_I3[0]' is routed using segments.
Info:     'u_cpu.u_pc.o_pc_out_DFFRE_Q_D_ALU_SUM_COUT_ALU_CIN_SUM_LUT2_F_1_I1_LUT4_I2_F' is routed using segments.
Info:     'mem_addr_LUT4_F_2_I1_LUT2_I1_F_LUT2_F_I1_ALU_SUM_CIN_ALU_COUT_CIN_ALU_COUT_CIN_ALU_COUT_CIN_ALU_COUT_CIN_ALU_COUT_CIN_ALU_COUT_CIN_ALU_COUT_CIN_ALU_COUT_CIN_ALU_COUT_CIN_ALU_COUT_CIN_ALU_COUT_CIN_ALU_COUT_CIN_ALU_COUT_SUM_ALU_SUM_CIN_ALU_COUT_SUM[1]' is routed using segments.
Info:     'mem_addr_LUT4_F_2_I1_LUT2_I1_F_LUT2_F_I1_ALU_SUM_CIN_ALU_COUT_CIN_ALU_COUT_CIN_ALU_COUT_CIN_ALU_COUT_CIN_ALU_COUT_CIN_ALU_COUT_CIN_ALU_COUT_CIN_ALU_COUT_CIN_ALU_COUT_CIN_ALU_COUT_CIN_ALU_COUT_CIN_ALU_COUT_CIN_ALU_COUT_CIN_ALU_COUT_CIN_ALU_COUT_CIN_ALU_COUT_CIN_ALU_COUT_CIN_ALU_COUT_CIN_ALU_COUT_CIN_ALU_COUT_SUM[1]' is routed using segments.
Info:     'mem_addr_LUT3_F_I2_LUT4_F_I3[1]' is routed using segments.
Info:     'mem_addr[3]' is routed using segments.
Info:     'ram_read_data[2]' is routed using segments.
Info:     'gpio_out[2]' is routed using segments.
Info:     'mem_addr_LUT4_F_2_I1_LUT2_I1_F[0]' is routed using segments.
Info:     'mem_addr_LUT4_F_2_I1_LUT2_I1_F_LUT2_F_I1_ALU_SUM_CIN_ALU_COUT_CIN_ALU_COUT_CIN_ALU_COUT_CIN_ALU_COUT_CIN_ALU_COUT_CIN_ALU_COUT_CIN_ALU_COUT_CIN_ALU_COUT_CIN_ALU_COUT_CIN_ALU_COUT_CIN_ALU_COUT_CIN_ALU_COUT_CIN_ALU_COUT_CIN_ALU_COUT_CIN_ALU_COUT_CIN_ALU_COUT_CIN_ALU_COUT_I1[2]' is routed using segments.
Info:     'mem_addr_LUT4_F_2_I1_LUT2_I1_F_LUT2_F_I1_ALU_SUM_CIN_ALU_COUT_CIN_ALU_COUT_CIN_ALU_COUT_CIN_ALU_COUT_CIN_ALU_COUT_SUM_LUT3_F_I2[1]' is routed using segments.
Info:     'gpio_out[6]' is routed using segments.
Info:     'mem_addr_LUT4_F_2_I1_LUT2_I1_F_LUT2_F_I1_ALU_SUM_CIN_ALU_COUT_CIN_ALU_COUT_CIN_ALU_COUT_CIN_ALU_COUT_CIN_ALU_COUT_CIN_ALU_COUT_CIN_ALU_COUT_CIN_ALU_COUT_CIN_ALU_COUT_CIN_ALU_COUT_CIN_ALU_COUT_CIN_ALU_COUT_CIN_ALU_COUT_CIN_ALU_COUT_CIN_ALU_COUT_CIN_ALU_COUT_CIN_ALU_COUT_I1[3]' is routed using segments.
Info:     'gpio_out[5]' is routed using segments.
Info:     'gpio_out[4]' is routed using segments.
Info:     'u_cpu.u_reg_file.regs_flat_DFFE_Q_39_D_LUT3_F_I2[2]' is routed using segments.
Info:     'mem_addr_LUT4_F_2_I1_LUT2_I1_F_LUT2_F_I1_ALU_SUM_CIN_ALU_COUT_CIN_ALU_COUT_CIN_ALU_COUT_CIN_ALU_COUT_CIN_ALU_COUT_CIN_ALU_COUT_CIN_ALU_COUT_CIN_ALU_COUT_CIN_ALU_COUT_CIN_ALU_COUT_CIN_ALU_COUT_CIN_ALU_COUT_CIN_ALU_COUT_CIN_ALU_COUT_CIN_ALU_COUT_CIN_ALU_COUT_CIN_ALU_COUT_CIN_ALU_COUT_CIN_ALU_COUT_CIN_ALU_COUT_CIN_ALU_COUT_CIN_ALU_COUT_SUM_LUT2_I1_F_LUT4_F_1_I3_MUX2_LUT5_O_I0_LUT4_F_I3[1]' is routed using segments.
Info:     'mem_addr_LUT4_F_2_I1_LUT2_I1_F_LUT2_F_I1_ALU_SUM_COUT_ALU_CIN_COUT_ALU_CIN_COUT_ALU_CIN_COUT_ALU_CIN_COUT_ALU_CIN_COUT_ALU_CIN_COUT_ALU_CIN_COUT_ALU_CIN_COUT_LUT2_I0_F[3]' is routed using segments.
Info:     'mem_addr_LUT4_F_2_I1_LUT2_I1_F_LUT2_F_I1_ALU_SUM_COUT_ALU_CIN_COUT_ALU_CIN_SUM_ALU_SUM_COUT_ALU_CIN_SUM_LUT4_I3_F_MUX2_LUT5_I1_O[4]' is routed using segments.
Info:     'u_cpu.u_reg_file.regs_flat_DFFE_Q_119_D_LUT3_F_I2[2]' is routed using segments.
Info:     'u_cpu.u_reg_file.regs_flat_DFFE_Q_181_D_LUT3_F_I2[2]' is routed using segments.
Info:     'ram_read_data[5]' is routed using segments.
Info:     'u_cpu.u_reg_file.regs_flat_DFFE_Q_17_D_LUT3_F_I2[2]' is routed using segments.
Info:     'u_cpu.u_reg_file.regs_flat_DFFE_Q_138_D_LUT3_F_I2[2]' is routed using segments.
Info:     'u_cpu.u_reg_file.regs_flat_DFFE_Q_120_D_LUT3_F_I2[2]' is routed using segments.
Info:     'u_cpu.u_reg_file.regs_flat_DFFE_Q_304_D_LUT3_F_I2[2]' is routed using segments.
Info:     'rx_ready_LUT3_I0_F_MUX2_LUT5_I1_O_MUX2_LUT6_I1_O_MUX2_LUT7_I1_S0_MUX2_LUT8_O_S0_LUT4_I1_F_MUX2_LUT5_I1_O_MUX2_LUT6_I1_O[0]' is routed using segments.
Info:     'mem_addr_LUT4_F_2_I1_LUT2_I1_F_LUT2_F_I1_ALU_SUM_COUT_ALU_CIN_COUT_ALU_CIN_SUM_ALU_SUM_COUT_ALU_CIN_SUM_LUT4_I3_F_MUX2_LUT5_I1_O[3]' is routed using segments.
Info:     'u_cpu.u_reg_file.regs_flat_DFFE_Q_308_D_LUT3_F_I2[2]' is routed using segments.
Info:     'mem_addr_LUT4_F_2_I1_LUT2_I1_F_LUT2_F_I1_ALU_SUM_COUT_ALU_CIN_COUT_ALU_CIN_SUM_ALU_SUM_COUT_ALU_CIN_SUM_LUT4_I3_F_MUX2_LUT5_I1_O[2]' is routed using segments.
Info:     'u_cpu.u_reg_file.regs_flat_DFFE_Q_140_D_LUT3_F_I2_MUX2_LUT8_O_I1_MUX2_LUT7_O_I0_MUX2_LUT6_O_I1_MUX2_LUT5_O_I1_LUT4_F_I0[0]' is routed using segments.
Info:     'mem_addr_LUT4_F_2_I1_LUT2_I1_F_LUT2_F_I1_ALU_SUM_CIN_ALU_COUT_I0_LUT3_I1_F[0]' is routed using segments.
Info:     'u_cpu.u_reg_file.regs_flat_DFFE_Q_139_D_LUT3_F_I2[2]' is routed using segments.
Info:     'u_cpu.u_reg_file.regs_flat_DFFE_Q_294_D_LUT3_F_I2[2]' is routed using segments.
Info:     'u_cpu.u_reg_file.regs_flat_DFFE_Q_388_D_LUT3_F_I2[2]' is routed using segments.
Info:     'mem_write_data_LUT3_F_10_I2[2]' is routed using segments.
Info:     'mem_addr_LUT4_F_2_I1_LUT2_I1_F_LUT2_F_I1_ALU_SUM_CIN_ALU_COUT_CIN_ALU_COUT_CIN_ALU_COUT_CIN_ALU_COUT_CIN_ALU_COUT_CIN_ALU_COUT_CIN_ALU_COUT_CIN_ALU_COUT_CIN_ALU_COUT_CIN_ALU_COUT_CIN_ALU_COUT_CIN_ALU_COUT_CIN_ALU_COUT_CIN_ALU_COUT_CIN_ALU_COUT_CIN_ALU_COUT_CIN_ALU_COUT_CIN_ALU_COUT_CIN_ALU_COUT_CIN_ALU_COUT_SUM_ALU_SUM_CIN_ALU_COUT_SUM_LUT4_I3_F_LUT2_F_2_I1_LUT4_I3_F[2]' is routed using segments.
Info:     'mem_addr[8]' is routed using segments.
Info:     'ram_read_data[4]' is routed using segments.

Info: Routing..
Info: Setting up routing queue.
Info: Routing 15836 arcs.
Info:            |   (re-)routed arcs  |   delta    | remaining|       time spent     |
Info:    IterCnt |  w/ripup   wo/ripup |  w/r  wo/r |      arcs| batch(sec) total(sec)|
Info:       1000 |      100        899 |  100   899 |     15204|       1.95       1.95|
Info:       2000 |      195       1804 |   95   905 |     14404|       1.76       3.71|
Info:       3000 |      322       2677 |  127   873 |     13795|       1.65       5.36|
Info:       4000 |      456       3543 |  134   866 |     13538|       1.78       7.13|
Info:       5000 |      569       4067 |  113   524 |     12748|       0.94       8.08|
Info:       6000 |      620       4551 |   51   484 |     11821|       0.45       8.53|
Info:       7000 |      622       5194 |    2   643 |     10823|       0.81       9.34|
Info:       8000 |      629       5861 |    7   667 |      9831|       0.92      10.26|
Info:       9000 |      642       6537 |   13   676 |      8855|       0.98      11.24|
Info:      10000 |      661       7196 |   19   659 |      7878|       1.01      12.25|
Info:      11000 |      679       7873 |   18   677 |      6908|       1.13      13.38|
Info:      12000 |      706       8535 |   27   662 |      5952|       1.25      14.63|
Info:      13000 |      748       9183 |   42   648 |      5011|       1.18      15.81|
Info:      14000 |      788       9851 |   40   668 |      4077|       1.22      17.03|
Info:      15000 |      837      10524 |   49   673 |      3143|       1.28      18.31|
Info:      16000 |      888      11219 |   51   695 |      2236|       1.56      19.88|
Info:      17000 |      948      11915 |   60   696 |      1329|       1.48      21.36|
Info:      18000 |     1040      12582 |   92   667 |       514|       1.82      23.18|
Info:      18828 |     1182      13141 |  142   559 |         0|       1.88      25.06|
Info: Routing complete.
Info: Router1 time 25.06s
Info: Checksum: 0x20844d74

Info: Critical path report for clock 'u_cpu.i_clk' (posedge -> posedge):
Info:       type curr  total name
Info:   clk-to-q  3.46  3.46 Source u_cpu.u_instr_mem.instr_mem.0.0.DO14
Info:    routing  1.53  4.99 Net mem_write_data_LUT3_F_10_I2_LUT4_F_1_I3[0] (7,9) -> (7,13)
Info:                          Sink mem_write_data_LUT3_F_21_I2_MUX2_LUT6_O_S0_MUX2_LUT5_O_I1_LUT4_F.I0
Info:                          Defined in:
Info:                               cpu/src/reg_file.v:9.17-9.27
Info:      logic  1.03  6.03 Source mem_write_data_LUT3_F_21_I2_MUX2_LUT6_O_S0_MUX2_LUT5_O_I1_LUT4_F.F
Info:    routing  0.00  6.03 Net mem_write_data_LUT3_F_21_I2_MUX2_LUT6_O_S0_MUX2_LUT5_O_I1 (7,13) -> (7,13)
Info:                          Sink mem_write_data_LUT3_F_21_I2_MUX2_LUT6_O_S0_MUX2_LUT5_O.I1
Info:                          Defined in:
Info:                               /share/gowin/cells_map.v:151.13-151.15
Info:      logic  0.50  6.53 Source mem_write_data_LUT3_F_21_I2_MUX2_LUT6_O_S0_MUX2_LUT5_O.O
Info:    routing  2.17  8.70 Net mem_write_data_LUT3_F_21_I2_MUX2_LUT6_O_S0[4] (7,13) -> (7,13)
Info:                          Sink mem_write_data_LUT3_F_21_I2_MUX2_LUT6_O_I1_MUX2_LUT5_O.S0
Info:                          Defined in:
Info:                               /share/gowin/cells_map.v:130.20-130.21
Info:      logic  0.18  8.88 Source mem_write_data_LUT3_F_21_I2_MUX2_LUT6_O_I1_MUX2_LUT5_O.O
Info:    routing  0.00  8.88 Net mem_write_data_LUT3_F_21_I2_MUX2_LUT6_O_I1 (7,13) -> (7,13)
Info:                          Sink mem_write_data_LUT3_F_21_I2_MUX2_LUT6_O.I1
Info:                          Defined in:
Info:                               /share/gowin/cells_map.v:157.13-157.15
Info:      logic  0.50  9.38 Source mem_write_data_LUT3_F_21_I2_MUX2_LUT6_O.O
Info:    routing  1.53  10.91 Net mem_write_data_LUT3_F_21_I2[3] (7,13) -> (14,13)
Info:                          Sink u_cpu.u_pc.o_pc_out_DFFRE_Q_D_ALU_SUM_I0_LUT2_F_I1_LUT4_I2_F_MUX2_LUT5_I1_O_MUX2_LUT6_I1_O_MUX2_LUT6_O_I1_MUX2_LUT5_O.S0
Info:                          Defined in:
Info:                               /share/gowin/cells_map.v:130.20-130.21
Info:      logic  0.18  11.09 Source u_cpu.u_pc.o_pc_out_DFFRE_Q_D_ALU_SUM_I0_LUT2_F_I1_LUT4_I2_F_MUX2_LUT5_I1_O_MUX2_LUT6_I1_O_MUX2_LUT6_O_I1_MUX2_LUT5_O.O
Info:    routing  0.00  11.09 Net u_cpu.u_pc.o_pc_out_DFFRE_Q_D_ALU_SUM_I0_LUT2_F_I1_LUT4_I2_F_MUX2_LUT5_I1_O_MUX2_LUT6_I1_O_MUX2_LUT6_O_I1 (14,13) -> (14,13)
Info:                          Sink u_cpu.u_pc.o_pc_out_DFFRE_Q_D_ALU_SUM_I0_LUT2_F_I1_LUT4_I2_F_MUX2_LUT5_I1_O_MUX2_LUT6_I1_O_MUX2_LUT6_O.I1
Info:                          Defined in:
Info:                               /share/gowin/cells_map.v:157.13-157.15
Info:      logic  0.50  11.59 Source u_cpu.u_pc.o_pc_out_DFFRE_Q_D_ALU_SUM_I0_LUT2_F_I1_LUT4_I2_F_MUX2_LUT5_I1_O_MUX2_LUT6_I1_O_MUX2_LUT6_O.O
Info:    routing  2.01  13.60 Net mem_addr_LUT3_F_I2_LUT4_F_I3_LUT3_F_I2_MUX2_LUT6_O_I0_MUX2_LUT5_O_I0_LUT1_F_I0[4] (14,13) -> (17,7)
Info:                          Sink mem_addr_LUT4_F_2_I1_LUT3_F_I2_LUT3_F_I2_MUX2_LUT6_O_I1_MUX2_LUT5_O.S0
Info:                          Defined in:
Info:                               /share/gowin/cells_map.v:130.20-130.21
Info:      logic  0.18  13.78 Source mem_addr_LUT4_F_2_I1_LUT3_F_I2_LUT3_F_I2_MUX2_LUT6_O_I1_MUX2_LUT5_O.O
Info:    routing  0.00  13.78 Net mem_addr_LUT4_F_2_I1_LUT3_F_I2_LUT3_F_I2_MUX2_LUT6_O_I1 (17,7) -> (17,7)
Info:                          Sink mem_addr_LUT4_F_2_I1_LUT3_F_I2_LUT3_F_I2_MUX2_LUT6_O.I1
Info:                          Defined in:
Info:                               /share/gowin/cells_map.v:157.13-157.15
Info:      logic  0.50  14.28 Source mem_addr_LUT4_F_2_I1_LUT3_F_I2_LUT3_F_I2_MUX2_LUT6_O.O
Info:    routing  1.86  16.14 Net mem_addr_LUT4_F_2_I1_LUT3_F_I2_LUT3_F_I2[5] (17,7) -> (16,13)
Info:                          Sink mem_addr_LUT4_F_2_I1_LUT3_F_I2_LUT3_F_I2_MUX2_LUT6_S0.S0
Info:                          Defined in:
Info:                               /share/gowin/cells_map.v:130.20-130.21
Info:      logic  0.18  16.32 Source mem_addr_LUT4_F_2_I1_LUT3_F_I2_LUT3_F_I2_MUX2_LUT6_S0.O
Info:    routing  1.22  17.54 Net mem_addr_LUT4_F_2_I1_LUT3_F_I2_LUT3_F_I2_MUX2_LUT6_S0_O[4] (16,13) -> (15,15)
Info:                          Sink mem_addr_LUT4_F_2_I1_LUT2_I1_F_LUT2_F_I1_ALU_SUM_CIN_ALU_COUT_CIN_ALU_COUT_CIN_ALU_COUT_CIN_ALU_COUT_CIN_ALU_COUT_CIN_ALU_COUT_CIN_ALU_COUT_CIN_ALU_COUT_CIN_ALU_COUT_CIN_ALU_COUT_CIN_ALU_COUT_CIN_ALU_COUT_SUM_LUT2_I1_F_MUX2_LUT5_O_1.S0
Info:                          Defined in:
Info:                               /share/gowin/cells_map.v:130.20-130.21
Info:      logic  0.18  17.71 Source mem_addr_LUT4_F_2_I1_LUT2_I1_F_LUT2_F_I1_ALU_SUM_CIN_ALU_COUT_CIN_ALU_COUT_CIN_ALU_COUT_CIN_ALU_COUT_CIN_ALU_COUT_CIN_ALU_COUT_CIN_ALU_COUT_CIN_ALU_COUT_CIN_ALU_COUT_CIN_ALU_COUT_CIN_ALU_COUT_CIN_ALU_COUT_SUM_LUT2_I1_F_MUX2_LUT5_O_1.O
Info:    routing  0.89  18.60 Net mem_addr_LUT4_F_2_I1_LUT2_I1_F_LUT2_F_I1_ALU_SUM_CIN_ALU_COUT_CIN_ALU_COUT_CIN_ALU_COUT_CIN_ALU_COUT_CIN_ALU_COUT_CIN_ALU_COUT_CIN_ALU_COUT_CIN_ALU_COUT_CIN_ALU_COUT_CIN_ALU_COUT_CIN_ALU_COUT_CIN_ALU_COUT_SUM_LUT2_I1_F[3] (15,15) -> (12,15)
Info:                          Sink mem_addr_LUT4_F_2_I1_LUT2_I1_F_LUT2_F_I1_ALU_SUM_CIN_ALU_COUT_CIN_ALU_COUT_CIN_ALU_COUT_CIN_ALU_COUT_CIN_ALU_COUT_CIN_ALU_COUT_CIN_ALU_COUT_CIN_ALU_COUT_CIN_ALU_COUT_CIN_ALU_COUT_CIN_ALU_COUT_CIN_ALU_COUT_CIN_ALU_COUT_CIN_ALU_COUT_CIN_ALU_COUT_CIN_ALU_COUT_CIN_ALU_COUT_CIN_ALU_COUT_CIN_ALU_COUT_CIN_ALU_COUT_SUM_ALU_SUM_CIN_ALU_COUT_SUM_LUT4_I3_F_LUT2_F_2_I1_LUT4_I3_F_MUX2_LUT8_O_I1_MUX2_LUT7_O_I0_MUX2_LUT6_O_I1_MUX2_LUT5_O_I0_LUT4_F.I3
Info:                          Defined in:
Info:                               /share/gowin/cells_map.v:130.20-130.21
Info:      logic  0.62  19.23 Source mem_addr_LUT4_F_2_I1_LUT2_I1_F_LUT2_F_I1_ALU_SUM_CIN_ALU_COUT_CIN_ALU_COUT_CIN_ALU_COUT_CIN_ALU_COUT_CIN_ALU_COUT_CIN_ALU_COUT_CIN_ALU_COUT_CIN_ALU_COUT_CIN_ALU_COUT_CIN_ALU_COUT_CIN_ALU_COUT_CIN_ALU_COUT_CIN_ALU_COUT_CIN_ALU_COUT_CIN_ALU_COUT_CIN_ALU_COUT_CIN_ALU_COUT_CIN_ALU_COUT_CIN_ALU_COUT_CIN_ALU_COUT_SUM_ALU_SUM_CIN_ALU_COUT_SUM_LUT4_I3_F_LUT2_F_2_I1_LUT4_I3_F_MUX2_LUT8_O_I1_MUX2_LUT7_O_I0_MUX2_LUT6_O_I1_MUX2_LUT5_O_I0_LUT4_F.F
Info:    routing  0.00  19.23 Net mem_addr_LUT4_F_2_I1_LUT2_I1_F_LUT2_F_I1_ALU_SUM_CIN_ALU_COUT_CIN_ALU_COUT_CIN_ALU_COUT_CIN_ALU_COUT_CIN_ALU_COUT_CIN_ALU_COUT_CIN_ALU_COUT_CIN_ALU_COUT_CIN_ALU_COUT_CIN_ALU_COUT_CIN_ALU_COUT_CIN_ALU_COUT_CIN_ALU_COUT_CIN_ALU_COUT_CIN_ALU_COUT_CIN_ALU_COUT_CIN_ALU_COUT_CIN_ALU_COUT_CIN_ALU_COUT_CIN_ALU_COUT_SUM_ALU_SUM_CIN_ALU_COUT_SUM_LUT4_I3_F_LUT2_F_2_I1_LUT4_I3_F_MUX2_LUT8_O_I1_MUX2_LUT7_O_I0_MUX2_LUT6_O_I1_MUX2_LUT5_O_I0 (12,15) -> (12,15)
Info:                          Sink mem_addr_LUT4_F_2_I1_LUT2_I1_F_LUT2_F_I1_ALU_SUM_CIN_ALU_COUT_CIN_ALU_COUT_CIN_ALU_COUT_CIN_ALU_COUT_CIN_ALU_COUT_CIN_ALU_COUT_CIN_ALU_COUT_CIN_ALU_COUT_CIN_ALU_COUT_CIN_ALU_COUT_CIN_ALU_COUT_CIN_ALU_COUT_CIN_ALU_COUT_CIN_ALU_COUT_CIN_ALU_COUT_CIN_ALU_COUT_CIN_ALU_COUT_CIN_ALU_COUT_CIN_ALU_COUT_CIN_ALU_COUT_SUM_ALU_SUM_CIN_ALU_COUT_SUM_LUT4_I3_F_LUT2_F_2_I1_LUT4_I3_F_MUX2_LUT8_O_I1_MUX2_LUT7_O_I0_MUX2_LUT6_O_I1_MUX2_LUT5_O.I0
Info:                          Defined in:
Info:                               /share/gowin/cells_map.v:171.43-171.68
Info:                               /share/gowin/cells_map.v:164.41-164.66
Info:                               /share/gowin/cells_map.v:159.41-159.66
Info:                               /share/gowin/cells_map.v:151.9-151.11
Info:      logic  0.47  19.70 Source mem_addr_LUT4_F_2_I1_LUT2_I1_F_LUT2_F_I1_ALU_SUM_CIN_ALU_COUT_CIN_ALU_COUT_CIN_ALU_COUT_CIN_ALU_COUT_CIN_ALU_COUT_CIN_ALU_COUT_CIN_ALU_COUT_CIN_ALU_COUT_CIN_ALU_COUT_CIN_ALU_COUT_CIN_ALU_COUT_CIN_ALU_COUT_CIN_ALU_COUT_CIN_ALU_COUT_CIN_ALU_COUT_CIN_ALU_COUT_CIN_ALU_COUT_CIN_ALU_COUT_CIN_ALU_COUT_CIN_ALU_COUT_SUM_ALU_SUM_CIN_ALU_COUT_SUM_LUT4_I3_F_LUT2_F_2_I1_LUT4_I3_F_MUX2_LUT8_O_I1_MUX2_LUT7_O_I0_MUX2_LUT6_O_I1_MUX2_LUT5_O.O
Info:    routing  0.00  19.70 Net mem_addr_LUT4_F_2_I1_LUT2_I1_F_LUT2_F_I1_ALU_SUM_CIN_ALU_COUT_CIN_ALU_COUT_CIN_ALU_COUT_CIN_ALU_COUT_CIN_ALU_COUT_CIN_ALU_COUT_CIN_ALU_COUT_CIN_ALU_COUT_CIN_ALU_COUT_CIN_ALU_COUT_CIN_ALU_COUT_CIN_ALU_COUT_CIN_ALU_COUT_CIN_ALU_COUT_CIN_ALU_COUT_CIN_ALU_COUT_CIN_ALU_COUT_CIN_ALU_COUT_CIN_ALU_COUT_CIN_ALU_COUT_SUM_ALU_SUM_CIN_ALU_COUT_SUM_LUT4_I3_F_LUT2_F_2_I1_LUT4_I3_F_MUX2_LUT8_O_I1_MUX2_LUT7_O_I0_MUX2_LUT6_O_I1 (12,15) -> (12,15)
Info:                          Sink mem_addr_LUT4_F_2_I1_LUT2_I1_F_LUT2_F_I1_ALU_SUM_CIN_ALU_COUT_CIN_ALU_COUT_CIN_ALU_COUT_CIN_ALU_COUT_CIN_ALU_COUT_CIN_ALU_COUT_CIN_ALU_COUT_CIN_ALU_COUT_CIN_ALU_COUT_CIN_ALU_COUT_CIN_ALU_COUT_CIN_ALU_COUT_CIN_ALU_COUT_CIN_ALU_COUT_CIN_ALU_COUT_CIN_ALU_COUT_CIN_ALU_COUT_CIN_ALU_COUT_CIN_ALU_COUT_CIN_ALU_COUT_SUM_ALU_SUM_CIN_ALU_COUT_SUM_LUT4_I3_F_LUT2_F_2_I1_LUT4_I3_F_MUX2_LUT8_O_I1_MUX2_LUT7_O_I0_MUX2_LUT6_O.I1
Info:                          Defined in:
Info:                               /share/gowin/cells_map.v:171.43-171.68
Info:                               /share/gowin/cells_map.v:164.41-164.66
Info:                               /share/gowin/cells_map.v:157.13-157.15
Info:      logic  0.50  20.20 Source mem_addr_LUT4_F_2_I1_LUT2_I1_F_LUT2_F_I1_ALU_SUM_CIN_ALU_COUT_CIN_ALU_COUT_CIN_ALU_COUT_CIN_ALU_COUT_CIN_ALU_COUT_CIN_ALU_COUT_CIN_ALU_COUT_CIN_ALU_COUT_CIN_ALU_COUT_CIN_ALU_COUT_CIN_ALU_COUT_CIN_ALU_COUT_CIN_ALU_COUT_CIN_ALU_COUT_CIN_ALU_COUT_CIN_ALU_COUT_CIN_ALU_COUT_CIN_ALU_COUT_CIN_ALU_COUT_CIN_ALU_COUT_SUM_ALU_SUM_CIN_ALU_COUT_SUM_LUT4_I3_F_LUT2_F_2_I1_LUT4_I3_F_MUX2_LUT8_O_I1_MUX2_LUT7_O_I0_MUX2_LUT6_O.O
Info:    routing  0.00  20.20 Net mem_addr_LUT4_F_2_I1_LUT2_I1_F_LUT2_F_I1_ALU_SUM_CIN_ALU_COUT_CIN_ALU_COUT_CIN_ALU_COUT_CIN_ALU_COUT_CIN_ALU_COUT_CIN_ALU_COUT_CIN_ALU_COUT_CIN_ALU_COUT_CIN_ALU_COUT_CIN_ALU_COUT_CIN_ALU_COUT_CIN_ALU_COUT_CIN_ALU_COUT_CIN_ALU_COUT_CIN_ALU_COUT_CIN_ALU_COUT_CIN_ALU_COUT_CIN_ALU_COUT_CIN_ALU_COUT_CIN_ALU_COUT_SUM_ALU_SUM_CIN_ALU_COUT_SUM_LUT4_I3_F_LUT2_F_2_I1_LUT4_I3_F_MUX2_LUT8_O_I1_MUX2_LUT7_O_I0 (12,15) -> (12,15)
Info:                          Sink mem_addr_LUT4_F_2_I1_LUT2_I1_F_LUT2_F_I1_ALU_SUM_CIN_ALU_COUT_CIN_ALU_COUT_CIN_ALU_COUT_CIN_ALU_COUT_CIN_ALU_COUT_CIN_ALU_COUT_CIN_ALU_COUT_CIN_ALU_COUT_CIN_ALU_COUT_CIN_ALU_COUT_CIN_ALU_COUT_CIN_ALU_COUT_CIN_ALU_COUT_CIN_ALU_COUT_CIN_ALU_COUT_CIN_ALU_COUT_CIN_ALU_COUT_CIN_ALU_COUT_CIN_ALU_COUT_CIN_ALU_COUT_SUM_ALU_SUM_CIN_ALU_COUT_SUM_LUT4_I3_F_LUT2_F_2_I1_LUT4_I3_F_MUX2_LUT8_O_I1_MUX2_LUT7_O.I0
Info:                          Defined in:
Info:                               /share/gowin/cells_map.v:171.43-171.68
Info:                               /share/gowin/cells_map.v:163.9-163.11
Info:      logic  0.47  20.67 Source mem_addr_LUT4_F_2_I1_LUT2_I1_F_LUT2_F_I1_ALU_SUM_CIN_ALU_COUT_CIN_ALU_COUT_CIN_ALU_COUT_CIN_ALU_COUT_CIN_ALU_COUT_CIN_ALU_COUT_CIN_ALU_COUT_CIN_ALU_COUT_CIN_ALU_COUT_CIN_ALU_COUT_CIN_ALU_COUT_CIN_ALU_COUT_CIN_ALU_COUT_CIN_ALU_COUT_CIN_ALU_COUT_CIN_ALU_COUT_CIN_ALU_COUT_CIN_ALU_COUT_CIN_ALU_COUT_CIN_ALU_COUT_SUM_ALU_SUM_CIN_ALU_COUT_SUM_LUT4_I3_F_LUT2_F_2_I1_LUT4_I3_F_MUX2_LUT8_O_I1_MUX2_LUT7_O.O
Info:    routing  0.00  20.67 Net mem_addr_LUT4_F_2_I1_LUT2_I1_F_LUT2_F_I1_ALU_SUM_CIN_ALU_COUT_CIN_ALU_COUT_CIN_ALU_COUT_CIN_ALU_COUT_CIN_ALU_COUT_CIN_ALU_COUT_CIN_ALU_COUT_CIN_ALU_COUT_CIN_ALU_COUT_CIN_ALU_COUT_CIN_ALU_COUT_CIN_ALU_COUT_CIN_ALU_COUT_CIN_ALU_COUT_CIN_ALU_COUT_CIN_ALU_COUT_CIN_ALU_COUT_CIN_ALU_COUT_CIN_ALU_COUT_CIN_ALU_COUT_SUM_ALU_SUM_CIN_ALU_COUT_SUM_LUT4_I3_F_LUT2_F_2_I1_LUT4_I3_F_MUX2_LUT8_O_I1 (12,15) -> (12,15)
Info:                          Sink mem_addr_LUT4_F_2_I1_LUT2_I1_F_LUT2_F_I1_ALU_SUM_CIN_ALU_COUT_CIN_ALU_COUT_CIN_ALU_COUT_CIN_ALU_COUT_CIN_ALU_COUT_CIN_ALU_COUT_CIN_ALU_COUT_CIN_ALU_COUT_CIN_ALU_COUT_CIN_ALU_COUT_CIN_ALU_COUT_CIN_ALU_COUT_CIN_ALU_COUT_CIN_ALU_COUT_CIN_ALU_COUT_CIN_ALU_COUT_CIN_ALU_COUT_CIN_ALU_COUT_CIN_ALU_COUT_CIN_ALU_COUT_SUM_ALU_SUM_CIN_ALU_COUT_SUM_LUT4_I3_F_LUT2_F_2_I1_LUT4_I3_F_MUX2_LUT8_O.I1
Info:                          Defined in:
Info:                               /share/gowin/cells_map.v:169.13-169.15
Info:      logic  0.50  21.17 Source mem_addr_LUT4_F_2_I1_LUT2_I1_F_LUT2_F_I1_ALU_SUM_CIN_ALU_COUT_CIN_ALU_COUT_CIN_ALU_COUT_CIN_ALU_COUT_CIN_ALU_COUT_CIN_ALU_COUT_CIN_ALU_COUT_CIN_ALU_COUT_CIN_ALU_COUT_CIN_ALU_COUT_CIN_ALU_COUT_CIN_ALU_COUT_CIN_ALU_COUT_CIN_ALU_COUT_CIN_ALU_COUT_CIN_ALU_COUT_CIN_ALU_COUT_CIN_ALU_COUT_CIN_ALU_COUT_CIN_ALU_COUT_SUM_ALU_SUM_CIN_ALU_COUT_SUM_LUT4_I3_F_LUT2_F_2_I1_LUT4_I3_F_MUX2_LUT8_O.O
Info:    routing  3.56  24.73 Net mem_addr_LUT4_F_2_I1_LUT2_I1_F_LUT2_F_I1_ALU_SUM_CIN_ALU_COUT_CIN_ALU_COUT_CIN_ALU_COUT_CIN_ALU_COUT_CIN_ALU_COUT_CIN_ALU_COUT_CIN_ALU_COUT_CIN_ALU_COUT_CIN_ALU_COUT_CIN_ALU_COUT_CIN_ALU_COUT_CIN_ALU_COUT_CIN_ALU_COUT_CIN_ALU_COUT_CIN_ALU_COUT_CIN_ALU_COUT_CIN_ALU_COUT_CIN_ALU_COUT_CIN_ALU_COUT_CIN_ALU_COUT_SUM_ALU_SUM_CIN_ALU_COUT_SUM_LUT4_I3_F_LUT2_F_2_I1_LUT4_I3_F[2] (12,15) -> (18,10)
Info:                          Sink rx_ready_LUT3_I0_F_MUX2_LUT5_I1_O_MUX2_LUT6_I1_O_MUX2_LUT7_I1_S0_MUX2_LUT8_O_S0_MUX2_LUT7_O_I1_MUX2_LUT6_O_I1_MUX2_LUT5_O_I0_LUT4_F.I2
Info:                          Defined in:
Info:                               /share/gowin/cells_map.v:130.20-130.21
Info:      logic  0.82  25.56 Source rx_ready_LUT3_I0_F_MUX2_LUT5_I1_O_MUX2_LUT6_I1_O_MUX2_LUT7_I1_S0_MUX2_LUT8_O_S0_MUX2_LUT7_O_I1_MUX2_LUT6_O_I1_MUX2_LUT5_O_I0_LUT4_F.F
Info:    routing  0.00  25.56 Net rx_ready_LUT3_I0_F_MUX2_LUT5_I1_O_MUX2_LUT6_I1_O_MUX2_LUT7_I1_S0_MUX2_LUT8_O_S0_MUX2_LUT7_O_I1_MUX2_LUT6_O_I1_MUX2_LUT5_O_I0 (18,10) -> (18,10)
Info:                          Sink rx_ready_LUT3_I0_F_MUX2_LUT5_I1_O_MUX2_LUT6_I1_O_MUX2_LUT7_I1_S0_MUX2_LUT8_O_S0_MUX2_LUT7_O_I1_MUX2_LUT6_O_I1_MUX2_LUT5_O.I0
Info:                          Defined in:
Info:                               /share/gowin/cells_map.v:165.42-165.67
Info:                               /share/gowin/cells_map.v:159.41-159.66
Info:                               /share/gowin/cells_map.v:151.9-151.11
Info:      logic  0.47  26.03 Source rx_ready_LUT3_I0_F_MUX2_LUT5_I1_O_MUX2_LUT6_I1_O_MUX2_LUT7_I1_S0_MUX2_LUT8_O_S0_MUX2_LUT7_O_I1_MUX2_LUT6_O_I1_MUX2_LUT5_O.O
Info:    routing  0.00  26.03 Net rx_ready_LUT3_I0_F_MUX2_LUT5_I1_O_MUX2_LUT6_I1_O_MUX2_LUT7_I1_S0_MUX2_LUT8_O_S0_MUX2_LUT7_O_I1_MUX2_LUT6_O_I1 (18,10) -> (18,10)
Info:                          Sink rx_ready_LUT3_I0_F_MUX2_LUT5_I1_O_MUX2_LUT6_I1_O_MUX2_LUT7_I1_S0_MUX2_LUT8_O_S0_MUX2_LUT7_O_I1_MUX2_LUT6_O.I1
Info:                          Defined in:
Info:                               /share/gowin/cells_map.v:165.42-165.67
Info:                               /share/gowin/cells_map.v:157.13-157.15
Info:      logic  0.50  26.53 Source rx_ready_LUT3_I0_F_MUX2_LUT5_I1_O_MUX2_LUT6_I1_O_MUX2_LUT7_I1_S0_MUX2_LUT8_O_S0_MUX2_LUT7_O_I1_MUX2_LUT6_O.O
Info:    routing  0.00  26.53 Net rx_ready_LUT3_I0_F_MUX2_LUT5_I1_O_MUX2_LUT6_I1_O_MUX2_LUT7_I1_S0_MUX2_LUT8_O_S0_MUX2_LUT7_O_I1 (18,10) -> (18,10)
Info:                          Sink rx_ready_LUT3_I0_F_MUX2_LUT5_I1_O_MUX2_LUT6_I1_O_MUX2_LUT7_I1_S0_MUX2_LUT8_O_S0_MUX2_LUT7_O.I1
Info:                          Defined in:
Info:                               /share/gowin/cells_map.v:163.13-163.15
Info:      logic  0.50  27.03 Source rx_ready_LUT3_I0_F_MUX2_LUT5_I1_O_MUX2_LUT6_I1_O_MUX2_LUT7_I1_S0_MUX2_LUT8_O_S0_MUX2_LUT7_O.O
Info:    routing  1.44  28.47 Net rx_ready_LUT3_I0_F_MUX2_LUT5_I1_O_MUX2_LUT6_I1_O_MUX2_LUT7_I1_S0_MUX2_LUT8_O_S0[1] (18,10) -> (21,8)
Info:                          Sink rx_ready_LUT3_I0_F_MUX2_LUT5_I1_O_MUX2_LUT6_I1_O_MUX2_LUT7_I1_S0_MUX2_LUT8_O_S0_LUT4_I1.I1
Info:                          Defined in:
Info:                               /share/gowin/cells_map.v:130.20-130.21
Info:      logic  1.10  29.56 Source rx_ready_LUT3_I0_F_MUX2_LUT5_I1_O_MUX2_LUT6_I1_O_MUX2_LUT7_I1_S0_MUX2_LUT8_O_S0_LUT4_I1.F
Info:    routing  0.00  29.56 Net rx_ready_LUT3_I0_F_MUX2_LUT5_I1_O_MUX2_LUT6_I1_O_MUX2_LUT7_I1_S0_MUX2_LUT8_O_S0_LUT4_I1_F (21,8) -> (21,8)
Info:                          Sink rx_ready_LUT3_I0_F_MUX2_LUT5_I1_O_MUX2_LUT6_I1_O_MUX2_LUT7_I1_S0_MUX2_LUT8_O_S0_LUT4_I1_F_MUX2_LUT5_I1.I1
Info:                          Defined in:
Info:                               /share/gowin/cells_map.v:159.41-159.66
Info:                               /share/gowin/cells_map.v:151.13-151.15
Info:      logic  0.50  30.07 Source rx_ready_LUT3_I0_F_MUX2_LUT5_I1_O_MUX2_LUT6_I1_O_MUX2_LUT7_I1_S0_MUX2_LUT8_O_S0_LUT4_I1_F_MUX2_LUT5_I1.O
Info:    routing  0.00  30.07 Net rx_ready_LUT3_I0_F_MUX2_LUT5_I1_O_MUX2_LUT6_I1_O_MUX2_LUT7_I1_S0_MUX2_LUT8_O_S0_LUT4_I1_F_MUX2_LUT5_I1_O (21,8) -> (21,8)
Info:                          Sink rx_ready_LUT3_I0_F_MUX2_LUT5_I1_O_MUX2_LUT6_I1_O_MUX2_LUT7_I1_S0_MUX2_LUT8_O_S0_LUT4_I1_F_MUX2_LUT5_I1_O_MUX2_LUT6_I1.I1
Info:                          Defined in:
Info:                               /share/gowin/cells_map.v:157.13-157.15
Info:      logic  0.50  30.57 Source rx_ready_LUT3_I0_F_MUX2_LUT5_I1_O_MUX2_LUT6_I1_O_MUX2_LUT7_I1_S0_MUX2_LUT8_O_S0_LUT4_I1_F_MUX2_LUT5_I1_O_MUX2_LUT6_I1.O
Info:    routing  3.86  34.42 Net mem_addr_LUT4_F_2_I1_LUT2_I1_F_LUT2_F_I1_ALU_SUM_CIN_ALU_COUT_CIN_ALU_COUT_SUM_LUT2_I1_F_LUT4_I3_F_MUX2_LUT5_I1_O_MUX2_LUT6_I0_O[7] (21,8) -> (10,20)
Info:                          Sink rx_ready_DFFRE_Q_CE_LUT4_F.I3
Info:                          Defined in:
Info:                               /share/gowin/cells_map.v:130.20-130.21
Info:      logic  0.62  35.05 Source rx_ready_DFFRE_Q_CE_LUT4_F.F
Info:    routing  0.33  35.37 Net rx_ready_DFFRE_Q_CE (10,20) -> (10,20)
Info:                          Sink rx_ready_DFFRE_Q.CE
Info:      setup  0.04  35.42 Source rx_ready_DFFRE_Q.CE
Info: 15.02 ns logic, 20.40 ns routing

Info: Max frequency for clock 'u_cpu.i_clk': 28.24 MHz (PASS at 12.00 MHz)

Info: Slack histogram:
Info:  legend: * represents 1 endpoint(s)
Info:          + represents [1,1) endpoint(s)
Info: [ 47917,  49647) |*** 
Info: [ 49647,  51377) |******* 
Info: [ 51377,  53107) |******************************************************* 
Info: [ 53107,  54837) |********** 
Info: [ 54837,  56567) | 
Info: [ 56567,  58297) | 
Info: [ 58297,  60027) | 
Info: [ 60027,  61757) |******************** 
Info: [ 61757,  63487) |********** 
Info: [ 63487,  65217) | 
Info: [ 65217,  66947) | 
Info: [ 66947,  68677) | 
Info: [ 68677,  70407) | 
Info: [ 70407,  72137) | 
Info: [ 72137,  73867) | 
Info: [ 73867,  75597) | 
Info: [ 75597,  77327) |********* 
Info: [ 77327,  79057) |************* 
Info: [ 79057,  80787) |*********** 
Info: [ 80787,  82517) |*************** 

Info: Program finished normally.
==> [3/4] Pack bitstream (gowin_pack)
==> [4/4] Flash to board (openFPGALoader)
    (writing to persistent FLASH, up to 3 attempts)
    -- flash attempt 1/3
write to flash
Jtag frequency : requested 6.00MHz    -> real 6.00MHz   
Parse file Parse build/soc_top.fs: 
Done
DONE
Jtag frequency : requested 2.50MHz    -> real 2.00MHz   
Erase SRAM DONE
Erase FLASH DONE
Erasing FLASH: [==================================================] 100.00%

Done
write Flash: [======                                            ] 10.48%
write Flash: [===========                                       ] 20.96%
write Flash: [================                                  ] 31.49%
write Flash: [======================                            ] 42.03%
write Flash: [===========================                       ] 52.56%
write Flash: [================================                  ] 63.15%
write Flash: [=====================================             ] 73.75%
write Flash: [===========================================       ] 84.34%
write Flash: [================================================  ] 94.93%
write Flash: [==================================================] 100.00%

Done
CRC check: Success
==> Done. Programmed build/soc_top.fs to the Tang Nano 9K.
