$date
	Mon Aug 24 01:02:26 2026
$end
$version
	Icarus Verilog
$end
$timescale
	10ps
$end
$scope module uart_echo_tb $end
$var wire 1 ! w_Tx_Serial $end
$var wire 1 " w_Checked_DV $end
$var wire 8 # w_Checked_Byte [7:0] $end
$var parameter 64 $ c_BIT_PERIOD $end
$var parameter 32 % c_CLKS_PER_BIT $end
$var parameter 32 & c_CLOCK_PERIOD_NS $end
$var reg 1 ' r_Clock $end
$var reg 1 ( r_Rx_Serial $end
$var reg 8 ) r_Sent_Byte [7:0] $end
$scope module CHECKER $end
$var wire 1 ' i_Clock $end
$var wire 8 * o_Rx_Byte [7:0] $end
$var wire 1 " o_Rx_DV $end
$var wire 1 ! i_Rx_Serial $end
$var parameter 32 + CLKS_PER_BIT $end
$var parameter 3 , s_CLEANUP $end
$var parameter 3 - s_IDLE $end
$var parameter 3 . s_RX_DATA_BITS $end
$var parameter 3 / s_RX_START_BIT $end
$var parameter 3 0 s_RX_STOP_BIT $end
$var reg 3 1 r_Bit_Index [2:0] $end
$var reg 8 2 r_Clock_Count [7:0] $end
$var reg 8 3 r_Rx_Byte [7:0] $end
$var reg 1 4 r_Rx_DV $end
$var reg 1 5 r_Rx_Data $end
$var reg 1 6 r_Rx_Data_R $end
$var reg 3 7 r_SM_Main [2:0] $end
$upscope $end
$scope module UUT $end
$var wire 1 ' i_Clock $end
$var wire 1 ( i_Rx_Serial $end
$var wire 1 8 w_Tx_Done $end
$var wire 1 9 w_Tx_Active $end
$var wire 1 : w_Rx_DV $end
$var wire 8 ; w_Rx_Byte [7:0] $end
$var wire 1 ! o_Tx_Serial $end
$var parameter 32 < CLKS_PER_BIT $end
$scope module UART_RX_INST $end
$var wire 1 ' i_Clock $end
$var wire 1 ( i_Rx_Serial $end
$var wire 8 = o_Rx_Byte [7:0] $end
$var wire 1 : o_Rx_DV $end
$var parameter 32 > CLKS_PER_BIT $end
$var parameter 3 ? s_CLEANUP $end
$var parameter 3 @ s_IDLE $end
$var parameter 3 A s_RX_DATA_BITS $end
$var parameter 3 B s_RX_START_BIT $end
$var parameter 3 C s_RX_STOP_BIT $end
$var reg 3 D r_Bit_Index [2:0] $end
$var reg 8 E r_Clock_Count [7:0] $end
$var reg 8 F r_Rx_Byte [7:0] $end
$var reg 1 G r_Rx_DV $end
$var reg 1 H r_Rx_Data $end
$var reg 1 I r_Rx_Data_R $end
$var reg 3 J r_SM_Main [2:0] $end
$upscope $end
$scope module UART_TX_INST $end
$var wire 1 ' i_Clock $end
$var wire 8 K i_Tx_Byte [7:0] $end
$var wire 1 : i_Tx_DV $end
$var wire 1 9 o_Tx_Active $end
$var wire 1 8 o_Tx_Done $end
$var parameter 32 L CLKS_PER_BIT $end
$var parameter 3 M s_CLEANUP $end
$var parameter 3 N s_IDLE $end
$var parameter 3 O s_TX_DATA_BITS $end
$var parameter 3 P s_TX_START_BIT $end
$var parameter 3 Q s_TX_STOP_BIT $end
$var reg 1 ! o_Tx_Serial $end
$var reg 3 R r_Bit_Index [2:0] $end
$var reg 8 S r_Clock_Count [7:0] $end
$var reg 3 T r_SM_Main [2:0] $end
$var reg 1 U r_Tx_Active $end
$var reg 8 V r_Tx_Data [7:0] $end
$var reg 1 W r_Tx_Done $end
$upscope $end
$upscope $end
$scope task UART_WRITE_BYTE $end
$var reg 8 X i_Data [7:0] $end
$var integer 32 Y ii [31:0] $end
$upscope $end
$upscope $end
$enddefinitions $end
$comment Show the parameter values. $end
$dumpall
b11 Q
b1 P
b10 O
b0 N
b100 M
b11101010 L
b11 C
b1 B
b10 A
b0 @
b100 ?
b11101010 >
b11101010 <
b11 0
b1 /
b10 .
b0 -
b100 ,
b11101010 +
b100101 &
b11101010 %
b10000111010010 $
$end
#0
$dumpvars
bx Y
bx X
0W
b0 V
0U
b0 T
b0 S
b0 R
b0 K
b0 J
1I
1H
0G
b0 F
b0 E
b0 D
b0 =
b0 ;
0:
09
08
b0 7
16
15
04
b0 3
b0 2
b0 1
b0 *
bx )
1(
0'
b0 #
0"
x!
$end
#1800
1!
x6
b11111111 )
1'
#3600
0'
#5400
0(
x5
16
b11111111 X
1'
#7200
0'
#9000
0I
15
1'
#10800
0'
#12600
0H
1'
#14400
0'
#16200
b1 J
1'
#18000
0'
#19800
b1 E
1'
#21600
0'
#23400
b10 E
1'
#25200
0'
#27000
b11 E
1'
#28800
0'
#30600
b100 E
1'
#32400
0'
#34200
b101 E
1'
#36000
0'
#37800
b110 E
1'
#39600
0'
#41400
b111 E
1'
#43200
0'
#45000
b1000 E
1'
#46800
0'
#48600
b1001 E
1'
#50400
0'
#52200
b1010 E
1'
#54000
0'
#55800
b1011 E
1'
#57600
0'
#59400
b1100 E
1'
#61200
0'
#63000
b1101 E
1'
#64800
0'
#66600
b1110 E
1'
#68400
0'
#70200
b1111 E
1'
#72000
0'
#73800
b10000 E
1'
#75600
0'
#77400
b10001 E
1'
#79200
0'
#81000
b10010 E
1'
#82800
0'
#84600
b10011 E
1'
#86400
0'
#88200
b10100 E
1'
#90000
0'
#91800
b10101 E
1'
#93600
0'
#95400
b10110 E
1'
#97200
0'
#99000
b10111 E
1'
#100800
0'
#102600
b11000 E
1'
#104400
0'
#106200
b11001 E
1'
#108000
0'
#109800
b11010 E
1'
#111600
0'
#113400
b11011 E
1'
#115200
0'
#117000
b11100 E
1'
#118800
0'
#120600
b11101 E
1'
#122400
0'
#124200
b11110 E
1'
#126000
0'
#127800
b11111 E
1'
#129600
0'
#131400
b100000 E
1'
#133200
0'
#135000
b100001 E
1'
#136800
0'
#138600
b100010 E
1'
#140400
0'
#142200
b100011 E
1'
#144000
0'
#145800
b100100 E
1'
#147600
0'
#149400
b100101 E
1'
#151200
0'
#153000
b100110 E
1'
#154800
0'
#156600
b100111 E
1'
#158400
0'
#160200
b101000 E
1'
#162000
0'
#163800
b101001 E
1'
#165600
0'
#167400
b101010 E
1'
#169200
0'
#171000
b101011 E
1'
#172800
0'
#174600
b101100 E
1'
#176400
0'
#178200
b101101 E
1'
#180000
0'
#181800
b101110 E
1'
#183600
0'
#185400
b101111 E
1'
#187200
0'
#189000
b110000 E
1'
#190800
0'
#192600
b110001 E
1'
#194400
0'
#196200
b110010 E
1'
#198000
0'
#199800
b110011 E
1'
#201600
0'
#203400
b110100 E
1'
#205200
0'
#207000
b110101 E
1'
#208800
0'
#210600
b110110 E
1'
#212400
0'
#214200
b110111 E
1'
#216000
0'
#217800
b111000 E
1'
#219600
0'
#221400
b111001 E
1'
#223200
0'
#225000
b111010 E
1'
#226800
0'
#228600
b111011 E
1'
#230400
0'
#232200
b111100 E
1'
#234000
0'
#235800
b111101 E
1'
#237600
0'
#239400
b111110 E
1'
#241200
0'
#243000
b111111 E
1'
#244800
0'
#246600
b1000000 E
1'
#248400
0'
#250200
b1000001 E
1'
#252000
0'
#253800
b1000010 E
1'
#255600
0'
#257400
b1000011 E
1'
#259200
0'
#261000
b1000100 E
1'
#262800
0'
#264600
b1000101 E
1'
#266400
0'
#268200
b1000110 E
1'
#270000
0'
#271800
b1000111 E
1'
#273600
0'
#275400
b1001000 E
1'
#277200
0'
#279000
b1001001 E
1'
#280800
0'
#282600
b1001010 E
1'
#284400
0'
#286200
b1001011 E
1'
#288000
0'
#289800
b1001100 E
1'
#291600
0'
#293400
b1001101 E
1'
#295200
0'
#297000
b1001110 E
1'
#298800
0'
#300600
b1001111 E
1'
#302400
0'
#304200
b1010000 E
1'
#306000
0'
#307800
b1010001 E
1'
#309600
0'
#311400
b1010010 E
1'
#313200
0'
#315000
b1010011 E
1'
#316800
0'
#318600
b1010100 E
1'
#320400
0'
#322200
b1010101 E
1'
#324000
0'
#325800
b1010110 E
1'
#327600
0'
#329400
b1010111 E
1'
#331200
0'
#333000
b1011000 E
1'
#334800
0'
#336600
b1011001 E
1'
#338400
0'
#340200
b1011010 E
1'
#342000
0'
#343800
b1011011 E
1'
#345600
0'
#347400
b1011100 E
1'
#349200
0'
#351000
b1011101 E
1'
#352800
0'
#354600
b1011110 E
1'
#356400
0'
#358200
b1011111 E
1'
#360000
0'
#361800
b1100000 E
1'
#363600
0'
#365400
b1100001 E
1'
#367200
0'
#369000
b1100010 E
1'
#370800
0'
#372600
b1100011 E
1'
#374400
0'
#376200
b1100100 E
1'
#378000
0'
#379800
b1100101 E
1'
#381600
0'
#383400
b1100110 E
1'
#385200
0'
#387000
b1100111 E
1'
#388800
0'
#390600
b1101000 E
1'
#392400
0'
#394200
b1101001 E
1'
#396000
0'
#397800
b1101010 E
1'
#399600
0'
#401400
b1101011 E
1'
#403200
0'
#405000
b1101100 E
1'
#406800
0'
#408600
b1101101 E
1'
#410400
0'
#412200
b1101110 E
1'
#414000
0'
#415800
b1101111 E
1'
#417600
0'
#419400
b1110000 E
1'
#421200
0'
#423000
b1110001 E
1'
#424800
0'
#426600
b1110010 E
1'
#428400
0'
#430200
b1110011 E
1'
#432000
0'
#433800
b1110100 E
1'
#435600
0'
#437400
b10 J
b0 E
1'
#439200
0'
#441000
b1 E
1'
#442800
0'
#444600
b10 E
1'
#446400
0'
#448200
b11 E
1'
#450000
0'
#451800
b100 E
1'
#453600
0'
#455400
b101 E
1'
#457200
0'
#459000
b110 E
1'
#460800
0'
#462600
b111 E
1'
#464400
0'
#466200
b1000 E
1'
#468000
0'
#469800
b1001 E
1'
#471600
0'
#473400
b1010 E
1'
#475200
0'
#477000
b1011 E
1'
#478800
0'
#480600
b1100 E
1'
#482400
0'
#484200
b1101 E
1'
#486000
0'
#487800
b1110 E
1'
#489600
0'
#491400
b1111 E
1'
#493200
0'
#495000
b10000 E
1'
#496800
0'
#498600
b10001 E
1'
#500400
0'
#502200
b10010 E
1'
#504000
0'
#505800
b10011 E
1'
#507600
0'
#509400
b10100 E
1'
#511200
0'
#513000
b10101 E
1'
#514800
0'
#516600
b10110 E
1'
#518400
0'
#520200
b10111 E
1'
#522000
0'
#523800
b11000 E
1'
#525600
0'
#527400
b11001 E
1'
#529200
0'
#531000
b11010 E
1'
#532800
0'
#534600
b11011 E
1'
#536400
0'
#538200
b11100 E
1'
#540000
0'
#541800
b11101 E
1'
#543600
0'
#545400
b11110 E
1'
#547200
0'
#549000
b11111 E
1'
#550800
0'
#552600
b100000 E
1'
#554400
0'
#556200
b100001 E
1'
#558000
0'
#559800
b100010 E
1'
#561600
0'
#563400
b100011 E
1'
#565200
0'
#567000
b100100 E
1'
#568800
0'
#570600
b100101 E
1'
#572400
0'
#574200
b100110 E
1'
#576000
0'
#577800
b100111 E
1'
#579600
0'
#581400
b101000 E
1'
#583200
0'
#585000
b101001 E
1'
#586800
0'
#588600
b101010 E
1'
#590400
0'
#592200
b101011 E
1'
#594000
0'
#595800
b101100 E
1'
#597600
0'
#599400
b101101 E
1'
#601200
0'
#603000
b101110 E
1'
#604800
0'
#606600
b101111 E
1'
#608400
0'
#610200
b110000 E
1'
#612000
0'
#613800
b110001 E
1'
#615600
0'
#617400
b110010 E
1'
#619200
0'
#621000
b110011 E
1'
#622800
0'
#624600
b110100 E
1'
#626400
0'
#628200
b110101 E
1'
#630000
0'
#631800
b110110 E
1'
#633600
0'
#635400
b110111 E
1'
#637200
0'
#639000
b111000 E
1'
#640800
0'
#642600
b111001 E
1'
#644400
0'
#646200
b111010 E
1'
#648000
0'
#649800
b111011 E
1'
#651600
0'
#653400
b111100 E
1'
#655200
0'
#657000
b111101 E
1'
#658800
0'
#660600
b111110 E
1'
#662400
0'
#664200
b111111 E
1'
#666000
0'
#667800
b1000000 E
1'
#669600
0'
#671400
b1000001 E
1'
#673200
0'
#675000
b1000010 E
1'
#676800
0'
#678600
b1000011 E
1'
#680400
0'
#682200
b1000100 E
1'
#684000
0'
#685800
b1000101 E
1'
#687600
0'
#689400
b1000110 E
1'
#691200
0'
#693000
b1000111 E
1'
#694800
0'
#696600
b1001000 E
1'
#698400
0'
#700200
b1001001 E
1'
#702000
0'
#703800
b1001010 E
1'
#705600
0'
#707400
b1001011 E
1'
#709200
0'
#711000
b1001100 E
1'
#712800
0'
#714600
b1001101 E
1'
#716400
0'
#718200
b1001110 E
1'
#720000
0'
#721800
b1001111 E
1'
#723600
0'
#725400
b1010000 E
1'
#727200
0'
#729000
b1010001 E
1'
#730800
0'
#732600
b1010010 E
1'
#734400
0'
#736200
b1010011 E
1'
#738000
0'
#739800
b1010100 E
1'
#741600
0'
#743400
b1010101 E
1'
#745200
0'
#747000
b1010110 E
1'
#748800
0'
#750600
b1010111 E
1'
#752400
0'
#754200
b1011000 E
1'
#756000
0'
#757800
b1011001 E
1'
#759600
0'
#761400
b1011010 E
1'
#763200
0'
#765000
b1011011 E
1'
#766800
0'
#768600
b1011100 E
1'
#770400
0'
#772200
b1011101 E
1'
#774000
0'
#775800
b1011110 E
1'
#777600
0'
#779400
b1011111 E
1'
#781200
0'
#783000
b1100000 E
1'
#784800
0'
#786600
b1100001 E
1'
#788400
0'
#790200
b1100010 E
1'
#792000
0'
#793800
b1100011 E
1'
#795600
0'
#797400
b1100100 E
1'
#799200
0'
#801000
b1100101 E
1'
#802800
0'
#804600
b1100110 E
1'
#806400
0'
#808200
b1100111 E
1'
#810000
0'
#811800
b1101000 E
1'
#813600
0'
#815400
b1101001 E
1'
#817200
0'
#819000
b1101010 E
1'
#820800
0'
#822600
b1101011 E
1'
#824400
0'
#826200
b1101100 E
1'
#828000
0'
#829800
b1101101 E
1'
#831600
0'
#833400
b1101110 E
1'
#835200
0'
#837000
b1101111 E
1'
#838800
0'
#840600
b1110000 E
1'
#842400
0'
#844200
b1110001 E
1'
#846000
0'
#847800
b1110010 E
1'
#849600
0'
#851400
b1110011 E
1'
#853200
0'
#855000
b1110100 E
1'
#856800
0'
#858600
b1110101 E
1'
#860400
0'
#862200
b1110110 E
1'
#864000
0'
#865800
b1110111 E
1'
#867600
0'
#869400
b1111000 E
1'
#871200
0'
1(
b0 Y
#873000
1I
b1111001 E
1'
#874800
0'
#876600
b1111010 E
1H
1'
#878400
0'
#880200
b1111011 E
1'
#882000
0'
#883800
b1111100 E
1'
#885600
0'
#887400
b1111101 E
1'
#889200
0'
#891000
b1111110 E
1'
#892800
0'
#894600
b1111111 E
1'
#896400
0'
#898200
b10000000 E
1'
#900000
0'
#901800
b10000001 E
1'
#903600
0'
#905400
b10000010 E
1'
#907200
0'
#909000
b10000011 E
1'
#910800
0'
#912600
b10000100 E
1'
#914400
0'
#916200
b10000101 E
1'
#918000
0'
#919800
b10000110 E
1'
#921600
0'
#923400
b10000111 E
1'
#925200
0'
#927000
b10001000 E
1'
#928800
0'
#930600
b10001001 E
1'
#932400
0'
#934200
b10001010 E
1'
#936000
0'
#937800
b10001011 E
1'
#939600
0'
#941400
b10001100 E
1'
#943200
0'
#945000
b10001101 E
1'
#946800
0'
#948600
b10001110 E
1'
#950400
0'
#952200
b10001111 E
1'
#954000
0'
#955800
b10010000 E
1'
#957600
0'
#959400
b10010001 E
1'
#961200
0'
#963000
b10010010 E
1'
#964800
0'
#966600
b10010011 E
1'
#968400
0'
#970200
b10010100 E
1'
#972000
0'
#973800
b10010101 E
1'
#975600
0'
#977400
b10010110 E
1'
#979200
0'
#981000
b10010111 E
1'
#982800
0'
#984600
b10011000 E
1'
#986400
0'
#988200
b10011001 E
1'
#990000
0'
#991800
b10011010 E
1'
#993600
0'
#995400
b10011011 E
1'
#997200
0'
#999000
b10011100 E
1'
#1000800
0'
#1002600
b10011101 E
1'
#1004400
0'
#1006200
b10011110 E
1'
#1008000
0'
#1009800
b10011111 E
1'
#1011600
0'
#1013400
b10100000 E
1'
#1015200
0'
#1017000
b10100001 E
1'
#1018800
0'
#1020600
b10100010 E
1'
#1022400
0'
#1024200
b10100011 E
1'
#1026000
0'
#1027800
b10100100 E
1'
#1029600
0'
#1031400
b10100101 E
1'
#1033200
0'
#1035000
b10100110 E
1'
#1036800
0'
#1038600
b10100111 E
1'
#1040400
0'
#1042200
b10101000 E
1'
#1044000
0'
#1045800
b10101001 E
1'
#1047600
0'
#1049400
b10101010 E
1'
#1051200
0'
#1053000
b10101011 E
1'
#1054800
0'
#1056600
b10101100 E
1'
#1058400
0'
#1060200
b10101101 E
1'
#1062000
0'
#1063800
b10101110 E
1'
#1065600
0'
#1067400
b10101111 E
1'
#1069200
0'
#1071000
b10110000 E
1'
#1072800
0'
#1074600
b10110001 E
1'
#1076400
0'
#1078200
b10110010 E
1'
#1080000
0'
#1081800
b10110011 E
1'
#1083600
0'
#1085400
b10110100 E
1'
#1087200
0'
#1089000
b10110101 E
1'
#1090800
0'
#1092600
b10110110 E
1'
#1094400
0'
#1096200
b10110111 E
1'
#1098000
0'
#1099800
b10111000 E
1'
#1101600
0'
#1103400
b10111001 E
1'
#1105200
0'
#1107000
b10111010 E
1'
#1108800
0'
#1110600
b10111011 E
1'
#1112400
0'
#1114200
b10111100 E
1'
#1116000
0'
#1117800
b10111101 E
1'
#1119600
0'
#1121400
b10111110 E
1'
#1123200
0'
#1125000
b10111111 E
1'
#1126800
0'
#1128600
b11000000 E
1'
#1130400
0'
#1132200
b11000001 E
1'
#1134000
0'
#1135800
b11000010 E
1'
#1137600
0'
#1139400
b11000011 E
1'
#1141200
0'
#1143000
b11000100 E
1'
#1144800
0'
#1146600
b11000101 E
1'
#1148400
0'
#1150200
b11000110 E
1'
#1152000
0'
#1153800
b11000111 E
1'
#1155600
0'
#1157400
b11001000 E
1'
#1159200
0'
#1161000
b11001001 E
1'
#1162800
0'
#1164600
b11001010 E
1'
#1166400
0'
#1168200
b11001011 E
1'
#1170000
0'
#1171800
b11001100 E
1'
#1173600
0'
#1175400
b11001101 E
1'
#1177200
0'
#1179000
b11001110 E
1'
#1180800
0'
#1182600
b11001111 E
1'
#1184400
0'
#1186200
b11010000 E
1'
#1188000
0'
#1189800
b11010001 E
1'
#1191600
0'
#1193400
b11010010 E
1'
#1195200
0'
#1197000
b11010011 E
1'
#1198800
0'
#1200600
b11010100 E
1'
#1202400
0'
#1204200
b11010101 E
1'
#1206000
0'
#1207800
b11010110 E
1'
#1209600
0'
#1211400
b11010111 E
1'
#1213200
0'
#1215000
b11011000 E
1'
#1216800
0'
#1218600
b11011001 E
1'
#1220400
0'
#1222200
b11011010 E
1'
#1224000
0'
#1225800
b11011011 E
1'
#1227600
0'
#1229400
b11011100 E
1'
#1231200
0'
#1233000
b11011101 E
1'
#1234800
0'
#1236600
b11011110 E
1'
#1238400
0'
#1240200
b11011111 E
1'
#1242000
0'
#1243800
b11100000 E
1'
#1245600
0'
#1247400
b11100001 E
1'
#1249200
0'
#1251000
b11100010 E
1'
#1252800
0'
#1254600
b11100011 E
1'
#1256400
0'
#1258200
b11100100 E
1'
#1260000
0'
#1261800
b11100101 E
1'
#1263600
0'
#1265400
b11100110 E
1'
#1267200
0'
#1269000
b11100111 E
1'
#1270800
0'
#1272600
b11101000 E
1'
#1274400
0'
#1276200
b11101001 E
1'
#1278000
0'
#1279800
b1 D
b1 ;
b1 =
b1 K
b1 F
b0 E
1'
#1281600
0'
#1283400
b1 E
1'
#1285200
0'
#1287000
b10 E
1'
#1288800
0'
#1290600
b11 E
1'
#1292400
0'
#1294200
b100 E
1'
#1296000
0'
#1297800
b101 E
1'
#1299600
0'
#1301400
b110 E
1'
#1303200
0'
#1305000
b111 E
1'
#1306800
0'
#1308600
b1000 E
1'
#1310400
0'
#1312200
b1001 E
1'
#1314000
0'
#1315800
b1010 E
1'
#1317600
0'
#1319400
b1011 E
1'
#1321200
0'
#1323000
b1100 E
1'
#1324800
0'
#1326600
b1101 E
1'
#1328400
0'
#1330200
b1110 E
1'
#1332000
0'
#1333800
b1111 E
1'
#1335600
0'
#1337400
b10000 E
1'
#1339200
0'
#1341000
b10001 E
1'
#1342800
0'
#1344600
b10010 E
1'
#1346400
0'
#1348200
b10011 E
1'
#1350000
0'
#1351800
b10100 E
1'
#1353600
0'
#1355400
b10101 E
1'
#1357200
0'
#1359000
b10110 E
1'
#1360800
0'
#1362600
b10111 E
1'
#1364400
0'
#1366200
b11000 E
1'
#1368000
0'
#1369800
b11001 E
1'
#1371600
0'
#1373400
b11010 E
1'
#1375200
0'
#1377000
b11011 E
1'
#1378800
0'
#1380600
b11100 E
1'
#1382400
0'
#1384200
b11101 E
1'
#1386000
0'
#1387800
b11110 E
1'
#1389600
0'
#1391400
b11111 E
1'
#1393200
0'
#1395000
b100000 E
1'
#1396800
0'
#1398600
b100001 E
1'
#1400400
0'
#1402200
b100010 E
1'
#1404000
0'
#1405800
b100011 E
1'
#1407600
0'
#1409400
b100100 E
1'
#1411200
0'
#1413000
b100101 E
1'
#1414800
0'
#1416600
b100110 E
1'
#1418400
0'
#1420200
b100111 E
1'
#1422000
0'
#1423800
b101000 E
1'
#1425600
0'
#1427400
b101001 E
1'
#1429200
0'
#1431000
b101010 E
1'
#1432800
0'
#1434600
b101011 E
1'
#1436400
0'
#1438200
b101100 E
1'
#1440000
0'
#1441800
b101101 E
1'
#1443600
0'
#1445400
b101110 E
1'
#1447200
0'
#1449000
b101111 E
1'
#1450800
0'
#1452600
b110000 E
1'
#1454400
0'
#1456200
b110001 E
1'
#1458000
0'
#1459800
b110010 E
1'
#1461600
0'
#1463400
b110011 E
1'
#1465200
0'
#1467000
b110100 E
1'
#1468800
0'
#1470600
b110101 E
1'
#1472400
0'
#1474200
b110110 E
1'
#1476000
0'
#1477800
b110111 E
1'
#1479600
0'
#1481400
b111000 E
1'
#1483200
0'
#1485000
b111001 E
1'
#1486800
0'
#1488600
b111010 E
1'
#1490400
0'
#1492200
b111011 E
1'
#1494000
0'
#1495800
b111100 E
1'
#1497600
0'
#1499400
b111101 E
1'
#1501200
0'
#1503000
b111110 E
1'
#1504800
0'
#1506600
b111111 E
1'
#1508400
0'
#1510200
b1000000 E
1'
#1512000
0'
#1513800
b1000001 E
1'
#1515600
0'
#1517400
b1000010 E
1'
#1519200
0'
#1521000
b1000011 E
1'
#1522800
0'
#1524600
b1000100 E
1'
#1526400
0'
#1528200
b1000101 E
1'
#1530000
0'
#1531800
b1000110 E
1'
#1533600
0'
#1535400
b1000111 E
1'
#1537200
0'
#1539000
b1001000 E
1'
#1540800
0'
#1542600
b1001001 E
1'
#1544400
0'
#1546200
b1001010 E
1'
#1548000
0'
#1549800
b1001011 E
1'
#1551600
0'
#1553400
b1001100 E
1'
#1555200
0'
#1557000
b1001101 E
1'
#1558800
0'
#1560600
b1001110 E
1'
#1562400
0'
#1564200
b1001111 E
1'
#1566000
0'
#1567800
b1010000 E
1'
#1569600
0'
#1571400
b1010001 E
1'
#1573200
0'
#1575000
b1010010 E
1'
#1576800
0'
#1578600
b1010011 E
1'
#1580400
0'
#1582200
b1010100 E
1'
#1584000
0'
#1585800
b1010101 E
1'
#1587600
0'
#1589400
b1010110 E
1'
#1591200
0'
#1593000
b1010111 E
1'
#1594800
0'
#1596600
b1011000 E
1'
#1598400
0'
#1600200
b1011001 E
1'
#1602000
0'
#1603800
b1011010 E
1'
#1605600
0'
#1607400
b1011011 E
1'
#1609200
0'
#1611000
b1011100 E
1'
#1612800
0'
#1614600
b1011101 E
1'
#1616400
0'
#1618200
b1011110 E
1'
#1620000
0'
#1621800
b1011111 E
1'
#1623600
0'
#1625400
b1100000 E
1'
#1627200
0'
#1629000
b1100001 E
1'
#1630800
0'
#1632600
b1100010 E
1'
#1634400
0'
#1636200
b1100011 E
1'
#1638000
0'
#1639800
b1100100 E
1'
#1641600
0'
#1643400
b1100101 E
1'
#1645200
0'
#1647000
b1100110 E
1'
#1648800
0'
#1650600
b1100111 E
1'
#1652400
0'
#1654200
b1101000 E
1'
#1656000
0'
#1657800
b1101001 E
1'
#1659600
0'
#1661400
b1101010 E
1'
#1663200
0'
#1665000
b1101011 E
1'
#1666800
0'
#1668600
b1101100 E
1'
#1670400
0'
#1672200
b1101101 E
1'
#1674000
0'
#1675800
b1101110 E
1'
#1677600
0'
#1679400
b1101111 E
1'
#1681200
0'
#1683000
b1110000 E
1'
#1684800
0'
#1686600
b1110001 E
1'
#1688400
0'
#1690200
b1110010 E
1'
#1692000
0'
#1693800
b1110011 E
1'
#1695600
0'
#1697400
b1110100 E
1'
#1699200
0'
#1701000
b1110101 E
1'
#1702800
0'
#1704600
b1110110 E
1'
#1706400
0'
#1708200
b1110111 E
1'
#1710000
0'
#1711800
b1111000 E
1'
#1713600
0'
#1715400
b1111001 E
1'
#1717200
0'
#1719000
b1111010 E
1'
#1720800
0'
#1722600
b1111011 E
1'
#1724400
0'
#1726200
b1111100 E
1'
#1728000
0'
#1729800
b1111101 E
1'
#1731600
0'
#1733400
b1111110 E
1'
#1735200
0'
#1737000
b1111111 E
1'
b1 Y
#1738800
0'
#1740600
b10000000 E
1'
#1742400
0'
#1744200
b10000001 E
1'
#1746000
0'
#1747800
b10000010 E
1'
#1749600
0'
#1751400
b10000011 E
1'
#1753200
0'
#1755000
b10000100 E
1'
#1756800
0'
#1758600
b10000101 E
1'
#1760400
0'
#1762200
b10000110 E
1'
#1764000
0'
#1765800
b10000111 E
1'
#1767600
0'
#1769400
b10001000 E
1'
#1771200
0'
#1773000
b10001001 E
1'
#1774800
0'
#1776600
b10001010 E
1'
#1778400
0'
#1780200
b10001011 E
1'
#1782000
0'
#1783800
b10001100 E
1'
#1785600
0'
#1787400
b10001101 E
1'
#1789200
0'
#1791000
b10001110 E
1'
#1792800
0'
#1794600
b10001111 E
1'
#1796400
0'
#1798200
b10010000 E
1'
#1800000
0'
#1801800
b10010001 E
1'
#1803600
0'
#1805400
b10010010 E
1'
#1807200
0'
#1809000
b10010011 E
1'
#1810800
0'
#1812600
b10010100 E
1'
#1814400
0'
#1816200
b10010101 E
1'
#1818000
0'
#1819800
b10010110 E
1'
#1821600
0'
#1823400
b10010111 E
1'
#1825200
0'
#1827000
b10011000 E
1'
#1828800
0'
#1830600
b10011001 E
1'
#1832400
0'
#1834200
b10011010 E
1'
#1836000
0'
#1837800
b10011011 E
1'
#1839600
0'
#1841400
b10011100 E
1'
#1843200
0'
#1845000
b10011101 E
1'
#1846800
0'
#1848600
b10011110 E
1'
#1850400
0'
#1852200
b10011111 E
1'
#1854000
0'
#1855800
b10100000 E
1'
#1857600
0'
#1859400
b10100001 E
1'
#1861200
0'
#1863000
b10100010 E
1'
#1864800
0'
#1866600
b10100011 E
1'
#1868400
0'
#1870200
b10100100 E
1'
#1872000
0'
#1873800
b10100101 E
1'
#1875600
0'
#1877400
b10100110 E
1'
#1879200
0'
#1881000
b10100111 E
1'
#1882800
0'
#1884600
b10101000 E
1'
#1886400
0'
#1888200
b10101001 E
1'
#1890000
0'
#1891800
b10101010 E
1'
#1893600
0'
#1895400
b10101011 E
1'
#1897200
0'
#1899000
b10101100 E
1'
#1900800
0'
#1902600
b10101101 E
1'
#1904400
0'
#1906200
b10101110 E
1'
#1908000
0'
#1909800
b10101111 E
1'
#1911600
0'
#1913400
b10110000 E
1'
#1915200
0'
#1917000
b10110001 E
1'
#1918800
0'
#1920600
b10110010 E
1'
#1922400
0'
#1924200
b10110011 E
1'
#1926000
0'
#1927800
b10110100 E
1'
#1929600
0'
#1931400
b10110101 E
1'
#1933200
0'
#1935000
b10110110 E
1'
#1936800
0'
#1938600
b10110111 E
1'
#1940400
0'
#1942200
b10111000 E
1'
#1944000
0'
#1945800
b10111001 E
1'
#1947600
0'
#1949400
b10111010 E
1'
#1951200
0'
#1953000
b10111011 E
1'
#1954800
0'
#1956600
b10111100 E
1'
#1958400
0'
#1960200
b10111101 E
1'
#1962000
0'
#1963800
b10111110 E
1'
#1965600
0'
#1967400
b10111111 E
1'
#1969200
0'
#1971000
b11000000 E
1'
#1972800
0'
#1974600
b11000001 E
1'
#1976400
0'
#1978200
b11000010 E
1'
#1980000
0'
#1981800
b11000011 E
1'
#1983600
0'
#1985400
b11000100 E
1'
#1987200
0'
#1989000
b11000101 E
1'
#1990800
0'
#1992600
b11000110 E
1'
#1994400
0'
#1996200
b11000111 E
1'
#1998000
0'
#1999800
b11001000 E
1'
#2001600
0'
#2003400
b11001001 E
1'
#2005200
0'
#2007000
b11001010 E
1'
#2008800
0'
#2010600
b11001011 E
1'
#2012400
0'
#2014200
b11001100 E
1'
#2016000
0'
#2017800
b11001101 E
1'
#2019600
0'
#2021400
b11001110 E
1'
#2023200
0'
#2025000
b11001111 E
1'
#2026800
0'
#2028600
b11010000 E
1'
#2030400
0'
#2032200
b11010001 E
1'
#2034000
0'
#2035800
b11010010 E
1'
#2037600
0'
#2039400
b11010011 E
1'
#2041200
0'
#2043000
b11010100 E
1'
#2044800
0'
#2046600
b11010101 E
1'
#2048400
0'
#2050200
b11010110 E
1'
#2052000
0'
#2053800
b11010111 E
1'
#2055600
0'
#2057400
b11011000 E
1'
#2059200
0'
#2061000
b11011001 E
1'
#2062800
0'
#2064600
b11011010 E
1'
#2066400
0'
#2068200
b11011011 E
1'
#2070000
0'
#2071800
b11011100 E
1'
#2073600
0'
#2075400
b11011101 E
1'
#2077200
0'
#2079000
b11011110 E
1'
#2080800
0'
#2082600
b11011111 E
1'
#2084400
0'
#2086200
b11100000 E
1'
#2088000
0'
#2089800
b11100001 E
1'
#2091600
0'
#2093400
b11100010 E
1'
#2095200
0'
#2097000
b11100011 E
1'
#2098800
0'
#2100600
b11100100 E
1'
#2102400
0'
#2104200
b11100101 E
1'
#2106000
0'
#2107800
b11100110 E
1'
#2109600
0'
#2111400
b11100111 E
1'
#2113200
0'
#2115000
b11101000 E
1'
#2116800
0'
#2118600
b11101001 E
1'
#2120400
0'
#2122200
b10 D
b11 ;
b11 =
b11 K
b11 F
b0 E
1'
#2124000
0'
#2125800
b1 E
1'
#2127600
0'
#2129400
b10 E
1'
#2131200
0'
#2133000
b11 E
1'
#2134800
0'
#2136600
b100 E
1'
#2138400
0'
#2140200
b101 E
1'
#2142000
0'
#2143800
b110 E
1'
#2145600
0'
#2147400
b111 E
1'
#2149200
0'
#2151000
b1000 E
1'
#2152800
0'
#2154600
b1001 E
1'
#2156400
0'
#2158200
b1010 E
1'
#2160000
0'
#2161800
b1011 E
1'
#2163600
0'
#2165400
b1100 E
1'
#2167200
0'
#2169000
b1101 E
1'
#2170800
0'
#2172600
b1110 E
1'
#2174400
0'
#2176200
b1111 E
1'
#2178000
0'
#2179800
b10000 E
1'
#2181600
0'
#2183400
b10001 E
1'
#2185200
0'
#2187000
b10010 E
1'
#2188800
0'
#2190600
b10011 E
1'
#2192400
0'
#2194200
b10100 E
1'
#2196000
0'
#2197800
b10101 E
1'
#2199600
0'
#2201400
b10110 E
1'
#2203200
0'
#2205000
b10111 E
1'
#2206800
0'
#2208600
b11000 E
1'
#2210400
0'
#2212200
b11001 E
1'
#2214000
0'
#2215800
b11010 E
1'
#2217600
0'
#2219400
b11011 E
1'
#2221200
0'
#2223000
b11100 E
1'
#2224800
0'
#2226600
b11101 E
1'
#2228400
0'
#2230200
b11110 E
1'
#2232000
0'
#2233800
b11111 E
1'
#2235600
0'
#2237400
b100000 E
1'
#2239200
0'
#2241000
b100001 E
1'
#2242800
0'
#2244600
b100010 E
1'
#2246400
0'
#2248200
b100011 E
1'
#2250000
0'
#2251800
b100100 E
1'
#2253600
0'
#2255400
b100101 E
1'
#2257200
0'
#2259000
b100110 E
1'
#2260800
0'
#2262600
b100111 E
1'
#2264400
0'
#2266200
b101000 E
1'
#2268000
0'
#2269800
b101001 E
1'
#2271600
0'
#2273400
b101010 E
1'
#2275200
0'
#2277000
b101011 E
1'
#2278800
0'
#2280600
b101100 E
1'
#2282400
0'
#2284200
b101101 E
1'
#2286000
0'
#2287800
b101110 E
1'
#2289600
0'
#2291400
b101111 E
1'
#2293200
0'
#2295000
b110000 E
1'
#2296800
0'
#2298600
b110001 E
1'
#2300400
0'
#2302200
b110010 E
1'
#2304000
0'
#2305800
b110011 E
1'
#2307600
0'
#2309400
b110100 E
1'
#2311200
0'
#2313000
b110101 E
1'
#2314800
0'
#2316600
b110110 E
1'
#2318400
0'
#2320200
b110111 E
1'
#2322000
0'
#2323800
b111000 E
1'
#2325600
0'
#2327400
b111001 E
1'
#2329200
0'
#2331000
b111010 E
1'
#2332800
0'
#2334600
b111011 E
1'
#2336400
0'
#2338200
b111100 E
1'
#2340000
0'
#2341800
b111101 E
1'
#2343600
0'
#2345400
b111110 E
1'
#2347200
0'
#2349000
b111111 E
1'
#2350800
0'
#2352600
b1000000 E
1'
#2354400
0'
#2356200
b1000001 E
1'
#2358000
0'
#2359800
b1000010 E
1'
#2361600
0'
#2363400
b1000011 E
1'
#2365200
0'
#2367000
b1000100 E
1'
#2368800
0'
#2370600
b1000101 E
1'
#2372400
0'
#2374200
b1000110 E
1'
#2376000
0'
#2377800
b1000111 E
1'
#2379600
0'
#2381400
b1001000 E
1'
#2383200
0'
#2385000
b1001001 E
1'
#2386800
0'
#2388600
b1001010 E
1'
#2390400
0'
#2392200
b1001011 E
1'
#2394000
0'
#2395800
b1001100 E
1'
#2397600
0'
#2399400
b1001101 E
1'
#2401200
0'
#2403000
b1001110 E
1'
#2404800
0'
#2406600
b1001111 E
1'
#2408400
0'
#2410200
b1010000 E
1'
#2412000
0'
#2413800
b1010001 E
1'
#2415600
0'
#2417400
b1010010 E
1'
#2419200
0'
#2421000
b1010011 E
1'
#2422800
0'
#2424600
b1010100 E
1'
#2426400
0'
#2428200
b1010101 E
1'
#2430000
0'
#2431800
b1010110 E
1'
#2433600
0'
#2435400
b1010111 E
1'
#2437200
0'
#2439000
b1011000 E
1'
#2440800
0'
#2442600
b1011001 E
1'
#2444400
0'
#2446200
b1011010 E
1'
#2448000
0'
#2449800
b1011011 E
1'
#2451600
0'
#2453400
b1011100 E
1'
#2455200
0'
#2457000
b1011101 E
1'
#2458800
0'
#2460600
b1011110 E
1'
#2462400
0'
#2464200
b1011111 E
1'
#2466000
0'
#2467800
b1100000 E
1'
#2469600
0'
#2471400
b1100001 E
1'
#2473200
0'
#2475000
b1100010 E
1'
#2476800
0'
#2478600
b1100011 E
1'
#2480400
0'
#2482200
b1100100 E
1'
#2484000
0'
#2485800
b1100101 E
1'
#2487600
0'
#2489400
b1100110 E
1'
#2491200
0'
#2493000
b1100111 E
1'
#2494800
0'
#2496600
b1101000 E
1'
#2498400
0'
#2500200
b1101001 E
1'
#2502000
0'
#2503800
b1101010 E
1'
#2505600
0'
#2507400
b1101011 E
1'
#2509200
0'
#2511000
b1101100 E
1'
#2512800
0'
#2514600
b1101101 E
1'
#2516400
0'
#2518200
b1101110 E
1'
#2520000
0'
#2521800
b1101111 E
1'
#2523600
0'
#2525400
b1110000 E
1'
#2527200
0'
#2529000
b1110001 E
1'
#2530800
0'
#2532600
b1110010 E
1'
#2534400
0'
#2536200
b1110011 E
1'
#2538000
0'
#2539800
b1110100 E
1'
#2541600
0'
#2543400
b1110101 E
1'
#2545200
0'
#2547000
b1110110 E
1'
#2548800
0'
#2550600
b1110111 E
1'
#2552400
0'
#2554200
b1111000 E
1'
#2556000
0'
#2557800
b1111001 E
1'
#2559600
0'
#2561400
b1111010 E
1'
#2563200
0'
#2565000
b1111011 E
1'
#2566800
0'
#2568600
b1111100 E
1'
#2570400
0'
#2572200
b1111101 E
1'
#2574000
0'
#2575800
b1111110 E
1'
#2577600
0'
#2579400
b1111111 E
1'
#2581200
0'
#2583000
b10000000 E
1'
#2584800
0'
#2586600
b10000001 E
1'
#2588400
0'
#2590200
b10000010 E
1'
#2592000
0'
#2593800
b10000011 E
1'
#2595600
0'
#2597400
b10000100 E
1'
#2599200
0'
#2601000
b10000101 E
1'
#2602800
0'
b10 Y
#2604600
b10000110 E
1'
#2606400
0'
#2608200
b10000111 E
1'
#2610000
0'
#2611800
b10001000 E
1'
#2613600
0'
#2615400
b10001001 E
1'
#2617200
0'
#2619000
b10001010 E
1'
#2620800
0'
#2622600
b10001011 E
1'
#2624400
0'
#2626200
b10001100 E
1'
#2628000
0'
#2629800
b10001101 E
1'
#2631600
0'
#2633400
b10001110 E
1'
#2635200
0'
#2637000
b10001111 E
1'
#2638800
0'
#2640600
b10010000 E
1'
#2642400
0'
#2644200
b10010001 E
1'
#2646000
0'
#2647800
b10010010 E
1'
#2649600
0'
#2651400
b10010011 E
1'
#2653200
0'
#2655000
b10010100 E
1'
#2656800
0'
#2658600
b10010101 E
1'
#2660400
0'
#2662200
b10010110 E
1'
#2664000
0'
#2665800
b10010111 E
1'
#2667600
0'
#2669400
b10011000 E
1'
#2671200
0'
#2673000
b10011001 E
1'
#2674800
0'
#2676600
b10011010 E
1'
#2678400
0'
#2680200
b10011011 E
1'
#2682000
0'
#2683800
b10011100 E
1'
#2685600
0'
#2687400
b10011101 E
1'
#2689200
0'
#2691000
b10011110 E
1'
#2692800
0'
#2694600
b10011111 E
1'
#2696400
0'
#2698200
b10100000 E
1'
#2700000
0'
#2701800
b10100001 E
1'
#2703600
0'
#2705400
b10100010 E
1'
#2707200
0'
#2709000
b10100011 E
1'
#2710800
0'
#2712600
b10100100 E
1'
#2714400
0'
#2716200
b10100101 E
1'
#2718000
0'
#2719800
b10100110 E
1'
#2721600
0'
#2723400
b10100111 E
1'
#2725200
0'
#2727000
b10101000 E
1'
#2728800
0'
#2730600
b10101001 E
1'
#2732400
0'
#2734200
b10101010 E
1'
#2736000
0'
#2737800
b10101011 E
1'
#2739600
0'
#2741400
b10101100 E
1'
#2743200
0'
#2745000
b10101101 E
1'
#2746800
0'
#2748600
b10101110 E
1'
#2750400
0'
#2752200
b10101111 E
1'
#2754000
0'
#2755800
b10110000 E
1'
#2757600
0'
#2759400
b10110001 E
1'
#2761200
0'
#2763000
b10110010 E
1'
#2764800
0'
#2766600
b10110011 E
1'
#2768400
0'
#2770200
b10110100 E
1'
#2772000
0'
#2773800
b10110101 E
1'
#2775600
0'
#2777400
b10110110 E
1'
#2779200
0'
#2781000
b10110111 E
1'
#2782800
0'
#2784600
b10111000 E
1'
#2786400
0'
#2788200
b10111001 E
1'
#2790000
0'
#2791800
b10111010 E
1'
#2793600
0'
#2795400
b10111011 E
1'
#2797200
0'
#2799000
b10111100 E
1'
#2800800
0'
#2802600
b10111101 E
1'
#2804400
0'
#2806200
b10111110 E
1'
#2808000
0'
#2809800
b10111111 E
1'
#2811600
0'
#2813400
b11000000 E
1'
#2815200
0'
#2817000
b11000001 E
1'
#2818800
0'
#2820600
b11000010 E
1'
#2822400
0'
#2824200
b11000011 E
1'
#2826000
0'
#2827800
b11000100 E
1'
#2829600
0'
#2831400
b11000101 E
1'
#2833200
0'
#2835000
b11000110 E
1'
#2836800
0'
#2838600
b11000111 E
1'
#2840400
0'
#2842200
b11001000 E
1'
#2844000
0'
#2845800
b11001001 E
1'
#2847600
0'
#2849400
b11001010 E
1'
#2851200
0'
#2853000
b11001011 E
1'
#2854800
0'
#2856600
b11001100 E
1'
#2858400
0'
#2860200
b11001101 E
1'
#2862000
0'
#2863800
b11001110 E
1'
#2865600
0'
#2867400
b11001111 E
1'
#2869200
0'
#2871000
b11010000 E
1'
#2872800
0'
#2874600
b11010001 E
1'
#2876400
0'
#2878200
b11010010 E
1'
#2880000
0'
#2881800
b11010011 E
1'
#2883600
0'
#2885400
b11010100 E
1'
#2887200
0'
#2889000
b11010101 E
1'
#2890800
0'
#2892600
b11010110 E
1'
#2894400
0'
#2896200
b11010111 E
1'
#2898000
0'
#2899800
b11011000 E
1'
#2901600
0'
#2903400
b11011001 E
1'
#2905200
0'
#2907000
b11011010 E
1'
#2908800
0'
#2910600
b11011011 E
1'
#2912400
0'
#2914200
b11011100 E
1'
#2916000
0'
#2917800
b11011101 E
1'
#2919600
0'
#2921400
b11011110 E
1'
#2923200
0'
#2925000
b11011111 E
1'
#2926800
0'
#2928600
b11100000 E
1'
#2930400
0'
#2932200
b11100001 E
1'
#2934000
0'
#2935800
b11100010 E
1'
#2937600
0'
#2939400
b11100011 E
1'
#2941200
0'
#2943000
b11100100 E
1'
#2944800
0'
#2946600
b11100101 E
1'
#2948400
0'
#2950200
b11100110 E
1'
#2952000
0'
#2953800
b11100111 E
1'
#2955600
0'
#2957400
b11101000 E
1'
#2959200
0'
#2961000
b11101001 E
1'
#2962800
0'
#2964600
b11 D
b111 ;
b111 =
b111 K
b111 F
b0 E
1'
#2966400
0'
#2968200
b1 E
1'
#2970000
0'
#2971800
b10 E
1'
#2973600
0'
#2975400
b11 E
1'
#2977200
0'
#2979000
b100 E
1'
#2980800
0'
#2982600
b101 E
1'
#2984400
0'
#2986200
b110 E
1'
#2988000
0'
#2989800
b111 E
1'
#2991600
0'
#2993400
b1000 E
1'
#2995200
0'
#2997000
b1001 E
1'
#2998800
0'
#3000600
b1010 E
1'
#3002400
0'
#3004200
b1011 E
1'
#3006000
0'
#3007800
b1100 E
1'
#3009600
0'
#3011400
b1101 E
1'
#3013200
0'
#3015000
b1110 E
1'
#3016800
0'
#3018600
b1111 E
1'
#3020400
0'
#3022200
b10000 E
1'
#3024000
0'
#3025800
b10001 E
1'
#3027600
0'
#3029400
b10010 E
1'
#3031200
0'
#3033000
b10011 E
1'
#3034800
0'
#3036600
b10100 E
1'
#3038400
0'
#3040200
b10101 E
1'
#3042000
0'
#3043800
b10110 E
1'
#3045600
0'
#3047400
b10111 E
1'
#3049200
0'
#3051000
b11000 E
1'
#3052800
0'
#3054600
b11001 E
1'
#3056400
0'
#3058200
b11010 E
1'
#3060000
0'
#3061800
b11011 E
1'
#3063600
0'
#3065400
b11100 E
1'
#3067200
0'
#3069000
b11101 E
1'
#3070800
0'
#3072600
b11110 E
1'
#3074400
0'
#3076200
b11111 E
1'
#3078000
0'
#3079800
b100000 E
1'
#3081600
0'
#3083400
b100001 E
1'
#3085200
0'
#3087000
b100010 E
1'
#3088800
0'
#3090600
b100011 E
1'
#3092400
0'
#3094200
b100100 E
1'
#3096000
0'
#3097800
b100101 E
1'
#3099600
0'
#3101400
b100110 E
1'
#3103200
0'
#3105000
b100111 E
1'
#3106800
0'
#3108600
b101000 E
1'
#3110400
0'
#3112200
b101001 E
1'
#3114000
0'
#3115800
b101010 E
1'
#3117600
0'
#3119400
b101011 E
1'
#3121200
0'
#3123000
b101100 E
1'
#3124800
0'
#3126600
b101101 E
1'
#3128400
0'
#3130200
b101110 E
1'
#3132000
0'
#3133800
b101111 E
1'
#3135600
0'
#3137400
b110000 E
1'
#3139200
0'
#3141000
b110001 E
1'
#3142800
0'
#3144600
b110010 E
1'
#3146400
0'
#3148200
b110011 E
1'
#3150000
0'
#3151800
b110100 E
1'
#3153600
0'
#3155400
b110101 E
1'
#3157200
0'
#3159000
b110110 E
1'
#3160800
0'
#3162600
b110111 E
1'
#3164400
0'
#3166200
b111000 E
1'
#3168000
0'
#3169800
b111001 E
1'
#3171600
0'
#3173400
b111010 E
1'
#3175200
0'
#3177000
b111011 E
1'
#3178800
0'
#3180600
b111100 E
1'
#3182400
0'
#3184200
b111101 E
1'
#3186000
0'
#3187800
b111110 E
1'
#3189600
0'
#3191400
b111111 E
1'
#3193200
0'
#3195000
b1000000 E
1'
#3196800
0'
#3198600
b1000001 E
1'
#3200400
0'
#3202200
b1000010 E
1'
#3204000
0'
#3205800
b1000011 E
1'
#3207600
0'
#3209400
b1000100 E
1'
#3211200
0'
#3213000
b1000101 E
1'
#3214800
0'
#3216600
b1000110 E
1'
#3218400
0'
#3220200
b1000111 E
1'
#3222000
0'
#3223800
b1001000 E
1'
#3225600
0'
#3227400
b1001001 E
1'
#3229200
0'
#3231000
b1001010 E
1'
#3232800
0'
#3234600
b1001011 E
1'
#3236400
0'
#3238200
b1001100 E
1'
#3240000
0'
#3241800
b1001101 E
1'
#3243600
0'
#3245400
b1001110 E
1'
#3247200
0'
#3249000
b1001111 E
1'
#3250800
0'
#3252600
b1010000 E
1'
#3254400
0'
#3256200
b1010001 E
1'
#3258000
0'
#3259800
b1010010 E
1'
#3261600
0'
#3263400
b1010011 E
1'
#3265200
0'
#3267000
b1010100 E
1'
#3268800
0'
#3270600
b1010101 E
1'
#3272400
0'
#3274200
b1010110 E
1'
#3276000
0'
#3277800
b1010111 E
1'
#3279600
0'
#3281400
b1011000 E
1'
#3283200
0'
#3285000
b1011001 E
1'
#3286800
0'
#3288600
b1011010 E
1'
#3290400
0'
#3292200
b1011011 E
1'
#3294000
0'
#3295800
b1011100 E
1'
#3297600
0'
#3299400
b1011101 E
1'
#3301200
0'
#3303000
b1011110 E
1'
#3304800
0'
#3306600
b1011111 E
1'
#3308400
0'
#3310200
b1100000 E
1'
#3312000
0'
#3313800
b1100001 E
1'
#3315600
0'
#3317400
b1100010 E
1'
#3319200
0'
#3321000
b1100011 E
1'
#3322800
0'
#3324600
b1100100 E
1'
#3326400
0'
#3328200
b1100101 E
1'
#3330000
0'
#3331800
b1100110 E
1'
#3333600
0'
#3335400
b1100111 E
1'
#3337200
0'
#3339000
b1101000 E
1'
#3340800
0'
#3342600
b1101001 E
1'
#3344400
0'
#3346200
b1101010 E
1'
#3348000
0'
#3349800
b1101011 E
1'
#3351600
0'
#3353400
b1101100 E
1'
#3355200
0'
#3357000
b1101101 E
1'
#3358800
0'
#3360600
b1101110 E
1'
#3362400
0'
#3364200
b1101111 E
1'
#3366000
0'
#3367800
b1110000 E
1'
#3369600
0'
#3371400
b1110001 E
1'
#3373200
0'
#3375000
b1110010 E
1'
#3376800
0'
#3378600
b1110011 E
1'
#3380400
0'
#3382200
b1110100 E
1'
#3384000
0'
#3385800
b1110101 E
1'
#3387600
0'
#3389400
b1110110 E
1'
#3391200
0'
#3393000
b1110111 E
1'
#3394800
0'
#3396600
b1111000 E
1'
#3398400
0'
#3400200
b1111001 E
1'
#3402000
0'
#3403800
b1111010 E
1'
#3405600
0'
#3407400
b1111011 E
1'
#3409200
0'
#3411000
b1111100 E
1'
#3412800
0'
#3414600
b1111101 E
1'
#3416400
0'
#3418200
b1111110 E
1'
#3420000
0'
#3421800
b1111111 E
1'
#3423600
0'
#3425400
b10000000 E
1'
#3427200
0'
#3429000
b10000001 E
1'
#3430800
0'
#3432600
b10000010 E
1'
#3434400
0'
#3436200
b10000011 E
1'
#3438000
0'
#3439800
b10000100 E
1'
#3441600
0'
#3443400
b10000101 E
1'
#3445200
0'
#3447000
b10000110 E
1'
#3448800
0'
#3450600
b10000111 E
1'
#3452400
0'
#3454200
b10001000 E
1'
#3456000
0'
#3457800
b10001001 E
1'
#3459600
0'
#3461400
b10001010 E
1'
#3463200
0'
#3465000
b10001011 E
1'
#3466800
0'
#3468600
b10001100 E
1'
b11 Y
#3470400
0'
#3472200
b10001101 E
1'
#3474000
0'
#3475800
b10001110 E
1'
#3477600
0'
#3479400
b10001111 E
1'
#3481200
0'
#3483000
b10010000 E
1'
#3484800
0'
#3486600
b10010001 E
1'
#3488400
0'
#3490200
b10010010 E
1'
#3492000
0'
#3493800
b10010011 E
1'
#3495600
0'
#3497400
b10010100 E
1'
#3499200
0'
#3501000
b10010101 E
1'
#3502800
0'
#3504600
b10010110 E
1'
#3506400
0'
#3508200
b10010111 E
1'
#3510000
0'
#3511800
b10011000 E
1'
#3513600
0'
#3515400
b10011001 E
1'
#3517200
0'
#3519000
b10011010 E
1'
#3520800
0'
#3522600
b10011011 E
1'
#3524400
0'
#3526200
b10011100 E
1'
#3528000
0'
#3529800
b10011101 E
1'
#3531600
0'
#3533400
b10011110 E
1'
#3535200
0'
#3537000
b10011111 E
1'
#3538800
0'
#3540600
b10100000 E
1'
#3542400
0'
#3544200
b10100001 E
1'
#3546000
0'
#3547800
b10100010 E
1'
#3549600
0'
#3551400
b10100011 E
1'
#3553200
0'
#3555000
b10100100 E
1'
#3556800
0'
#3558600
b10100101 E
1'
#3560400
0'
#3562200
b10100110 E
1'
#3564000
0'
#3565800
b10100111 E
1'
#3567600
0'
#3569400
b10101000 E
1'
#3571200
0'
#3573000
b10101001 E
1'
#3574800
0'
#3576600
b10101010 E
1'
#3578400
0'
#3580200
b10101011 E
1'
#3582000
0'
#3583800
b10101100 E
1'
#3585600
0'
#3587400
b10101101 E
1'
#3589200
0'
#3591000
b10101110 E
1'
#3592800
0'
#3594600
b10101111 E
1'
#3596400
0'
#3598200
b10110000 E
1'
#3600000
0'
#3601800
b10110001 E
1'
#3603600
0'
#3605400
b10110010 E
1'
#3607200
0'
#3609000
b10110011 E
1'
#3610800
0'
#3612600
b10110100 E
1'
#3614400
0'
#3616200
b10110101 E
1'
#3618000
0'
#3619800
b10110110 E
1'
#3621600
0'
#3623400
b10110111 E
1'
#3625200
0'
#3627000
b10111000 E
1'
#3628800
0'
#3630600
b10111001 E
1'
#3632400
0'
#3634200
b10111010 E
1'
#3636000
0'
#3637800
b10111011 E
1'
#3639600
0'
#3641400
b10111100 E
1'
#3643200
0'
#3645000
b10111101 E
1'
#3646800
0'
#3648600
b10111110 E
1'
#3650400
0'
#3652200
b10111111 E
1'
#3654000
0'
#3655800
b11000000 E
1'
#3657600
0'
#3659400
b11000001 E
1'
#3661200
0'
#3663000
b11000010 E
1'
#3664800
0'
#3666600
b11000011 E
1'
#3668400
0'
#3670200
b11000100 E
1'
#3672000
0'
#3673800
b11000101 E
1'
#3675600
0'
#3677400
b11000110 E
1'
#3679200
0'
#3681000
b11000111 E
1'
#3682800
0'
#3684600
b11001000 E
1'
#3686400
0'
#3688200
b11001001 E
1'
#3690000
0'
#3691800
b11001010 E
1'
#3693600
0'
#3695400
b11001011 E
1'
#3697200
0'
#3699000
b11001100 E
1'
#3700800
0'
#3702600
b11001101 E
1'
#3704400
0'
#3706200
b11001110 E
1'
#3708000
0'
#3709800
b11001111 E
1'
#3711600
0'
#3713400
b11010000 E
1'
#3715200
0'
#3717000
b11010001 E
1'
#3718800
0'
#3720600
b11010010 E
1'
#3722400
0'
#3724200
b11010011 E
1'
#3726000
0'
#3727800
b11010100 E
1'
#3729600
0'
#3731400
b11010101 E
1'
#3733200
0'
#3735000
b11010110 E
1'
#3736800
0'
#3738600
b11010111 E
1'
#3740400
0'
#3742200
b11011000 E
1'
#3744000
0'
#3745800
b11011001 E
1'
#3747600
0'
#3749400
b11011010 E
1'
#3751200
0'
#3753000
b11011011 E
1'
#3754800
0'
#3756600
b11011100 E
1'
#3758400
0'
#3760200
b11011101 E
1'
#3762000
0'
#3763800
b11011110 E
1'
#3765600
0'
#3767400
b11011111 E
1'
#3769200
0'
#3771000
b11100000 E
1'
#3772800
0'
#3774600
b11100001 E
1'
#3776400
0'
#3778200
b11100010 E
1'
#3780000
0'
#3781800
b11100011 E
1'
#3783600
0'
#3785400
b11100100 E
1'
#3787200
0'
#3789000
b11100101 E
1'
#3790800
0'
#3792600
b11100110 E
1'
#3794400
0'
#3796200
b11100111 E
1'
#3798000
0'
#3799800
b11101000 E
1'
#3801600
0'
#3803400
b11101001 E
1'
#3805200
0'
#3807000
b100 D
b1111 ;
b1111 =
b1111 K
b1111 F
b0 E
1'
#3808800
0'
#3810600
b1 E
1'
#3812400
0'
#3814200
b10 E
1'
#3816000
0'
#3817800
b11 E
1'
#3819600
0'
#3821400
b100 E
1'
#3823200
0'
#3825000
b101 E
1'
#3826800
0'
#3828600
b110 E
1'
#3830400
0'
#3832200
b111 E
1'
#3834000
0'
#3835800
b1000 E
1'
#3837600
0'
#3839400
b1001 E
1'
#3841200
0'
#3843000
b1010 E
1'
#3844800
0'
#3846600
b1011 E
1'
#3848400
0'
#3850200
b1100 E
1'
#3852000
0'
#3853800
b1101 E
1'
#3855600
0'
#3857400
b1110 E
1'
#3859200
0'
#3861000
b1111 E
1'
#3862800
0'
#3864600
b10000 E
1'
#3866400
0'
#3868200
b10001 E
1'
#3870000
0'
#3871800
b10010 E
1'
#3873600
0'
#3875400
b10011 E
1'
#3877200
0'
#3879000
b10100 E
1'
#3880800
0'
#3882600
b10101 E
1'
#3884400
0'
#3886200
b10110 E
1'
#3888000
0'
#3889800
b10111 E
1'
#3891600
0'
#3893400
b11000 E
1'
#3895200
0'
#3897000
b11001 E
1'
#3898800
0'
#3900600
b11010 E
1'
#3902400
0'
#3904200
b11011 E
1'
#3906000
0'
#3907800
b11100 E
1'
#3909600
0'
#3911400
b11101 E
1'
#3913200
0'
#3915000
b11110 E
1'
#3916800
0'
#3918600
b11111 E
1'
#3920400
0'
#3922200
b100000 E
1'
#3924000
0'
#3925800
b100001 E
1'
#3927600
0'
#3929400
b100010 E
1'
#3931200
0'
#3933000
b100011 E
1'
#3934800
0'
#3936600
b100100 E
1'
#3938400
0'
#3940200
b100101 E
1'
#3942000
0'
#3943800
b100110 E
1'
#3945600
0'
#3947400
b100111 E
1'
#3949200
0'
#3951000
b101000 E
1'
#3952800
0'
#3954600
b101001 E
1'
#3956400
0'
#3958200
b101010 E
1'
#3960000
0'
#3961800
b101011 E
1'
#3963600
0'
#3965400
b101100 E
1'
#3967200
0'
#3969000
b101101 E
1'
#3970800
0'
#3972600
b101110 E
1'
#3974400
0'
#3976200
b101111 E
1'
#3978000
0'
#3979800
b110000 E
1'
#3981600
0'
#3983400
b110001 E
1'
#3985200
0'
#3987000
b110010 E
1'
#3988800
0'
#3990600
b110011 E
1'
#3992400
0'
#3994200
b110100 E
1'
#3996000
0'
#3997800
b110101 E
1'
#3999600
0'
#4001400
b110110 E
1'
#4003200
0'
#4005000
b110111 E
1'
#4006800
0'
#4008600
b111000 E
1'
#4010400
0'
#4012200
b111001 E
1'
#4014000
0'
#4015800
b111010 E
1'
#4017600
0'
#4019400
b111011 E
1'
#4021200
0'
#4023000
b111100 E
1'
#4024800
0'
#4026600
b111101 E
1'
#4028400
0'
#4030200
b111110 E
1'
#4032000
0'
#4033800
b111111 E
1'
#4035600
0'
#4037400
b1000000 E
1'
#4039200
0'
#4041000
b1000001 E
1'
#4042800
0'
#4044600
b1000010 E
1'
#4046400
0'
#4048200
b1000011 E
1'
#4050000
0'
#4051800
b1000100 E
1'
#4053600
0'
#4055400
b1000101 E
1'
#4057200
0'
#4059000
b1000110 E
1'
#4060800
0'
#4062600
b1000111 E
1'
#4064400
0'
#4066200
b1001000 E
1'
#4068000
0'
#4069800
b1001001 E
1'
#4071600
0'
#4073400
b1001010 E
1'
#4075200
0'
#4077000
b1001011 E
1'
#4078800
0'
#4080600
b1001100 E
1'
#4082400
0'
#4084200
b1001101 E
1'
#4086000
0'
#4087800
b1001110 E
1'
#4089600
0'
#4091400
b1001111 E
1'
#4093200
0'
#4095000
b1010000 E
1'
#4096800
0'
#4098600
b1010001 E
1'
#4100400
0'
#4102200
b1010010 E
1'
#4104000
0'
#4105800
b1010011 E
1'
#4107600
0'
#4109400
b1010100 E
1'
#4111200
0'
#4113000
b1010101 E
1'
#4114800
0'
#4116600
b1010110 E
1'
#4118400
0'
#4120200
b1010111 E
1'
#4122000
0'
#4123800
b1011000 E
1'
#4125600
0'
#4127400
b1011001 E
1'
#4129200
0'
#4131000
b1011010 E
1'
#4132800
0'
#4134600
b1011011 E
1'
#4136400
0'
#4138200
b1011100 E
1'
#4140000
0'
#4141800
b1011101 E
1'
#4143600
0'
#4145400
b1011110 E
1'
#4147200
0'
#4149000
b1011111 E
1'
#4150800
0'
#4152600
b1100000 E
1'
#4154400
0'
#4156200
b1100001 E
1'
#4158000
0'
#4159800
b1100010 E
1'
#4161600
0'
#4163400
b1100011 E
1'
#4165200
0'
#4167000
b1100100 E
1'
#4168800
0'
#4170600
b1100101 E
1'
#4172400
0'
#4174200
b1100110 E
1'
#4176000
0'
#4177800
b1100111 E
1'
#4179600
0'
#4181400
b1101000 E
1'
#4183200
0'
#4185000
b1101001 E
1'
#4186800
0'
#4188600
b1101010 E
1'
#4190400
0'
#4192200
b1101011 E
1'
#4194000
0'
#4195800
b1101100 E
1'
#4197600
0'
#4199400
b1101101 E
1'
#4201200
0'
#4203000
b1101110 E
1'
#4204800
0'
#4206600
b1101111 E
1'
#4208400
0'
#4210200
b1110000 E
1'
#4212000
0'
#4213800
b1110001 E
1'
#4215600
0'
#4217400
b1110010 E
1'
#4219200
0'
#4221000
b1110011 E
1'
#4222800
0'
#4224600
b1110100 E
1'
#4226400
0'
#4228200
b1110101 E
1'
#4230000
0'
#4231800
b1110110 E
1'
#4233600
0'
#4235400
b1110111 E
1'
#4237200
0'
#4239000
b1111000 E
1'
#4240800
0'
#4242600
b1111001 E
1'
#4244400
0'
#4246200
b1111010 E
1'
#4248000
0'
#4249800
b1111011 E
1'
#4251600
0'
#4253400
b1111100 E
1'
#4255200
0'
#4257000
b1111101 E
1'
#4258800
0'
#4260600
b1111110 E
1'
#4262400
0'
#4264200
b1111111 E
1'
#4266000
0'
#4267800
b10000000 E
1'
#4269600
0'
#4271400
b10000001 E
1'
#4273200
0'
#4275000
b10000010 E
1'
#4276800
0'
#4278600
b10000011 E
1'
#4280400
0'
#4282200
b10000100 E
1'
#4284000
0'
#4285800
b10000101 E
1'
#4287600
0'
#4289400
b10000110 E
1'
#4291200
0'
#4293000
b10000111 E
1'
#4294800
0'
#4296600
b10001000 E
1'
#4298400
0'
#4300200
b10001001 E
1'
#4302000
0'
#4303800
b10001010 E
1'
#4305600
0'
#4307400
b10001011 E
1'
#4309200
0'
#4311000
b10001100 E
1'
#4312800
0'
#4314600
b10001101 E
1'
#4316400
0'
#4318200
b10001110 E
1'
#4320000
0'
#4321800
b10001111 E
1'
#4323600
0'
#4325400
b10010000 E
1'
#4327200
0'
#4329000
b10010001 E
1'
#4330800
0'
#4332600
b10010010 E
1'
#4334400
0'
b100 Y
#4336200
b10010011 E
1'
#4338000
0'
#4339800
b10010100 E
1'
#4341600
0'
#4343400
b10010101 E
1'
#4345200
0'
#4347000
b10010110 E
1'
#4348800
0'
#4350600
b10010111 E
1'
#4352400
0'
#4354200
b10011000 E
1'
#4356000
0'
#4357800
b10011001 E
1'
#4359600
0'
#4361400
b10011010 E
1'
#4363200
0'
#4365000
b10011011 E
1'
#4366800
0'
#4368600
b10011100 E
1'
#4370400
0'
#4372200
b10011101 E
1'
#4374000
0'
#4375800
b10011110 E
1'
#4377600
0'
#4379400
b10011111 E
1'
#4381200
0'
#4383000
b10100000 E
1'
#4384800
0'
#4386600
b10100001 E
1'
#4388400
0'
#4390200
b10100010 E
1'
#4392000
0'
#4393800
b10100011 E
1'
#4395600
0'
#4397400
b10100100 E
1'
#4399200
0'
#4401000
b10100101 E
1'
#4402800
0'
#4404600
b10100110 E
1'
#4406400
0'
#4408200
b10100111 E
1'
#4410000
0'
#4411800
b10101000 E
1'
#4413600
0'
#4415400
b10101001 E
1'
#4417200
0'
#4419000
b10101010 E
1'
#4420800
0'
#4422600
b10101011 E
1'
#4424400
0'
#4426200
b10101100 E
1'
#4428000
0'
#4429800
b10101101 E
1'
#4431600
0'
#4433400
b10101110 E
1'
#4435200
0'
#4437000
b10101111 E
1'
#4438800
0'
#4440600
b10110000 E
1'
#4442400
0'
#4444200
b10110001 E
1'
#4446000
0'
#4447800
b10110010 E
1'
#4449600
0'
#4451400
b10110011 E
1'
#4453200
0'
#4455000
b10110100 E
1'
#4456800
0'
#4458600
b10110101 E
1'
#4460400
0'
#4462200
b10110110 E
1'
#4464000
0'
#4465800
b10110111 E
1'
#4467600
0'
#4469400
b10111000 E
1'
#4471200
0'
#4473000
b10111001 E
1'
#4474800
0'
#4476600
b10111010 E
1'
#4478400
0'
#4480200
b10111011 E
1'
#4482000
0'
#4483800
b10111100 E
1'
#4485600
0'
#4487400
b10111101 E
1'
#4489200
0'
#4491000
b10111110 E
1'
#4492800
0'
#4494600
b10111111 E
1'
#4496400
0'
#4498200
b11000000 E
1'
#4500000
0'
#4501800
b11000001 E
1'
#4503600
0'
#4505400
b11000010 E
1'
#4507200
0'
#4509000
b11000011 E
1'
#4510800
0'
#4512600
b11000100 E
1'
#4514400
0'
#4516200
b11000101 E
1'
#4518000
0'
#4519800
b11000110 E
1'
#4521600
0'
#4523400
b11000111 E
1'
#4525200
0'
#4527000
b11001000 E
1'
#4528800
0'
#4530600
b11001001 E
1'
#4532400
0'
#4534200
b11001010 E
1'
#4536000
0'
#4537800
b11001011 E
1'
#4539600
0'
#4541400
b11001100 E
1'
#4543200
0'
#4545000
b11001101 E
1'
#4546800
0'
#4548600
b11001110 E
1'
#4550400
0'
#4552200
b11001111 E
1'
#4554000
0'
#4555800
b11010000 E
1'
#4557600
0'
#4559400
b11010001 E
1'
#4561200
0'
#4563000
b11010010 E
1'
#4564800
0'
#4566600
b11010011 E
1'
#4568400
0'
#4570200
b11010100 E
1'
#4572000
0'
#4573800
b11010101 E
1'
#4575600
0'
#4577400
b11010110 E
1'
#4579200
0'
#4581000
b11010111 E
1'
#4582800
0'
#4584600
b11011000 E
1'
#4586400
0'
#4588200
b11011001 E
1'
#4590000
0'
#4591800
b11011010 E
1'
#4593600
0'
#4595400
b11011011 E
1'
#4597200
0'
#4599000
b11011100 E
1'
#4600800
0'
#4602600
b11011101 E
1'
#4604400
0'
#4606200
b11011110 E
1'
#4608000
0'
#4609800
b11011111 E
1'
#4611600
0'
#4613400
b11100000 E
1'
#4615200
0'
#4617000
b11100001 E
1'
#4618800
0'
#4620600
b11100010 E
1'
#4622400
0'
#4624200
b11100011 E
1'
#4626000
0'
#4627800
b11100100 E
1'
#4629600
0'
#4631400
b11100101 E
1'
#4633200
0'
#4635000
b11100110 E
1'
#4636800
0'
#4638600
b11100111 E
1'
#4640400
0'
#4642200
b11101000 E
1'
#4644000
0'
#4645800
b11101001 E
1'
#4647600
0'
#4649400
b101 D
b11111 ;
b11111 =
b11111 K
b11111 F
b0 E
1'
#4651200
0'
#4653000
b1 E
1'
#4654800
0'
#4656600
b10 E
1'
#4658400
0'
#4660200
b11 E
1'
#4662000
0'
#4663800
b100 E
1'
#4665600
0'
#4667400
b101 E
1'
#4669200
0'
#4671000
b110 E
1'
#4672800
0'
#4674600
b111 E
1'
#4676400
0'
#4678200
b1000 E
1'
#4680000
0'
#4681800
b1001 E
1'
#4683600
0'
#4685400
b1010 E
1'
#4687200
0'
#4689000
b1011 E
1'
#4690800
0'
#4692600
b1100 E
1'
#4694400
0'
#4696200
b1101 E
1'
#4698000
0'
#4699800
b1110 E
1'
#4701600
0'
#4703400
b1111 E
1'
#4705200
0'
#4707000
b10000 E
1'
#4708800
0'
#4710600
b10001 E
1'
#4712400
0'
#4714200
b10010 E
1'
#4716000
0'
#4717800
b10011 E
1'
#4719600
0'
#4721400
b10100 E
1'
#4723200
0'
#4725000
b10101 E
1'
#4726800
0'
#4728600
b10110 E
1'
#4730400
0'
#4732200
b10111 E
1'
#4734000
0'
#4735800
b11000 E
1'
#4737600
0'
#4739400
b11001 E
1'
#4741200
0'
#4743000
b11010 E
1'
#4744800
0'
#4746600
b11011 E
1'
#4748400
0'
#4750200
b11100 E
1'
#4752000
0'
#4753800
b11101 E
1'
#4755600
0'
#4757400
b11110 E
1'
#4759200
0'
#4761000
b11111 E
1'
#4762800
0'
#4764600
b100000 E
1'
#4766400
0'
#4768200
b100001 E
1'
#4770000
0'
#4771800
b100010 E
1'
#4773600
0'
#4775400
b100011 E
1'
#4777200
0'
#4779000
b100100 E
1'
#4780800
0'
#4782600
b100101 E
1'
#4784400
0'
#4786200
b100110 E
1'
#4788000
0'
#4789800
b100111 E
1'
#4791600
0'
#4793400
b101000 E
1'
#4795200
0'
#4797000
b101001 E
1'
#4798800
0'
#4800600
b101010 E
1'
#4802400
0'
#4804200
b101011 E
1'
#4806000
0'
#4807800
b101100 E
1'
#4809600
0'
#4811400
b101101 E
1'
#4813200
0'
#4815000
b101110 E
1'
#4816800
0'
#4818600
b101111 E
1'
#4820400
0'
#4822200
b110000 E
1'
#4824000
0'
#4825800
b110001 E
1'
#4827600
0'
#4829400
b110010 E
1'
#4831200
0'
#4833000
b110011 E
1'
#4834800
0'
#4836600
b110100 E
1'
#4838400
0'
#4840200
b110101 E
1'
#4842000
0'
#4843800
b110110 E
1'
#4845600
0'
#4847400
b110111 E
1'
#4849200
0'
#4851000
b111000 E
1'
#4852800
0'
#4854600
b111001 E
1'
#4856400
0'
#4858200
b111010 E
1'
#4860000
0'
#4861800
b111011 E
1'
#4863600
0'
#4865400
b111100 E
1'
#4867200
0'
#4869000
b111101 E
1'
#4870800
0'
#4872600
b111110 E
1'
#4874400
0'
#4876200
b111111 E
1'
#4878000
0'
#4879800
b1000000 E
1'
#4881600
0'
#4883400
b1000001 E
1'
#4885200
0'
#4887000
b1000010 E
1'
#4888800
0'
#4890600
b1000011 E
1'
#4892400
0'
#4894200
b1000100 E
1'
#4896000
0'
#4897800
b1000101 E
1'
#4899600
0'
#4901400
b1000110 E
1'
#4903200
0'
#4905000
b1000111 E
1'
#4906800
0'
#4908600
b1001000 E
1'
#4910400
0'
#4912200
b1001001 E
1'
#4914000
0'
#4915800
b1001010 E
1'
#4917600
0'
#4919400
b1001011 E
1'
#4921200
0'
#4923000
b1001100 E
1'
#4924800
0'
#4926600
b1001101 E
1'
#4928400
0'
#4930200
b1001110 E
1'
#4932000
0'
#4933800
b1001111 E
1'
#4935600
0'
#4937400
b1010000 E
1'
#4939200
0'
#4941000
b1010001 E
1'
#4942800
0'
#4944600
b1010010 E
1'
#4946400
0'
#4948200
b1010011 E
1'
#4950000
0'
#4951800
b1010100 E
1'
#4953600
0'
#4955400
b1010101 E
1'
#4957200
0'
#4959000
b1010110 E
1'
#4960800
0'
#4962600
b1010111 E
1'
#4964400
0'
#4966200
b1011000 E
1'
#4968000
0'
#4969800
b1011001 E
1'
#4971600
0'
#4973400
b1011010 E
1'
#4975200
0'
#4977000
b1011011 E
1'
#4978800
0'
#4980600
b1011100 E
1'
#4982400
0'
#4984200
b1011101 E
1'
#4986000
0'
#4987800
b1011110 E
1'
#4989600
0'
#4991400
b1011111 E
1'
#4993200
0'
#4995000
b1100000 E
1'
#4996800
0'
#4998600
b1100001 E
1'
#5000400
0'
#5002200
b1100010 E
1'
#5004000
0'
#5005800
b1100011 E
1'
#5007600
0'
#5009400
b1100100 E
1'
#5011200
0'
#5013000
b1100101 E
1'
#5014800
0'
#5016600
b1100110 E
1'
#5018400
0'
#5020200
b1100111 E
1'
#5022000
0'
#5023800
b1101000 E
1'
#5025600
0'
#5027400
b1101001 E
1'
#5029200
0'
#5031000
b1101010 E
1'
#5032800
0'
#5034600
b1101011 E
1'
#5036400
0'
#5038200
b1101100 E
1'
#5040000
0'
#5041800
b1101101 E
1'
#5043600
0'
#5045400
b1101110 E
1'
#5047200
0'
#5049000
b1101111 E
1'
#5050800
0'
#5052600
b1110000 E
1'
#5054400
0'
#5056200
b1110001 E
1'
#5058000
0'
#5059800
b1110010 E
1'
#5061600
0'
#5063400
b1110011 E
1'
#5065200
0'
#5067000
b1110100 E
1'
#5068800
0'
#5070600
b1110101 E
1'
#5072400
0'
#5074200
b1110110 E
1'
#5076000
0'
#5077800
b1110111 E
1'
#5079600
0'
#5081400
b1111000 E
1'
#5083200
0'
#5085000
b1111001 E
1'
#5086800
0'
#5088600
b1111010 E
1'
#5090400
0'
#5092200
b1111011 E
1'
#5094000
0'
#5095800
b1111100 E
1'
#5097600
0'
#5099400
b1111101 E
1'
#5101200
0'
#5103000
b1111110 E
1'
#5104800
0'
#5106600
b1111111 E
1'
#5108400
0'
#5110200
b10000000 E
1'
#5112000
0'
#5113800
b10000001 E
1'
#5115600
0'
#5117400
b10000010 E
1'
#5119200
0'
#5121000
b10000011 E
1'
#5122800
0'
#5124600
b10000100 E
1'
#5126400
0'
#5128200
b10000101 E
1'
#5130000
0'
#5131800
b10000110 E
1'
#5133600
0'
#5135400
b10000111 E
1'
#5137200
0'
#5139000
b10001000 E
1'
#5140800
0'
#5142600
b10001001 E
1'
#5144400
0'
#5146200
b10001010 E
1'
#5148000
0'
#5149800
b10001011 E
1'
#5151600
0'
#5153400
b10001100 E
1'
#5155200
0'
#5157000
b10001101 E
1'
#5158800
0'
#5160600
b10001110 E
1'
#5162400
0'
#5164200
b10001111 E
1'
#5166000
0'
#5167800
b10010000 E
1'
#5169600
0'
#5171400
b10010001 E
1'
#5173200
0'
#5175000
b10010010 E
1'
#5176800
0'
#5178600
b10010011 E
1'
#5180400
0'
#5182200
b10010100 E
1'
#5184000
0'
#5185800
b10010101 E
1'
#5187600
0'
#5189400
b10010110 E
1'
#5191200
0'
#5193000
b10010111 E
1'
#5194800
0'
#5196600
b10011000 E
1'
#5198400
0'
#5200200
b10011001 E
1'
b101 Y
#5202000
0'
#5203800
b10011010 E
1'
#5205600
0'
#5207400
b10011011 E
1'
#5209200
0'
#5211000
b10011100 E
1'
#5212800
0'
#5214600
b10011101 E
1'
#5216400
0'
#5218200
b10011110 E
1'
#5220000
0'
#5221800
b10011111 E
1'
#5223600
0'
#5225400
b10100000 E
1'
#5227200
0'
#5229000
b10100001 E
1'
#5230800
0'
#5232600
b10100010 E
1'
#5234400
0'
#5236200
b10100011 E
1'
#5238000
0'
#5239800
b10100100 E
1'
#5241600
0'
#5243400
b10100101 E
1'
#5245200
0'
#5247000
b10100110 E
1'
#5248800
0'
#5250600
b10100111 E
1'
#5252400
0'
#5254200
b10101000 E
1'
#5256000
0'
#5257800
b10101001 E
1'
#5259600
0'
#5261400
b10101010 E
1'
#5263200
0'
#5265000
b10101011 E
1'
#5266800
0'
#5268600
b10101100 E
1'
#5270400
0'
#5272200
b10101101 E
1'
#5274000
0'
#5275800
b10101110 E
1'
#5277600
0'
#5279400
b10101111 E
1'
#5281200
0'
#5283000
b10110000 E
1'
#5284800
0'
#5286600
b10110001 E
1'
#5288400
0'
#5290200
b10110010 E
1'
#5292000
0'
#5293800
b10110011 E
1'
#5295600
0'
#5297400
b10110100 E
1'
#5299200
0'
#5301000
b10110101 E
1'
#5302800
0'
#5304600
b10110110 E
1'
#5306400
0'
#5308200
b10110111 E
1'
#5310000
0'
#5311800
b10111000 E
1'
#5313600
0'
#5315400
b10111001 E
1'
#5317200
0'
#5319000
b10111010 E
1'
#5320800
0'
#5322600
b10111011 E
1'
#5324400
0'
#5326200
b10111100 E
1'
#5328000
0'
#5329800
b10111101 E
1'
#5331600
0'
#5333400
b10111110 E
1'
#5335200
0'
#5337000
b10111111 E
1'
#5338800
0'
#5340600
b11000000 E
1'
#5342400
0'
#5344200
b11000001 E
1'
#5346000
0'
#5347800
b11000010 E
1'
#5349600
0'
#5351400
b11000011 E
1'
#5353200
0'
#5355000
b11000100 E
1'
#5356800
0'
#5358600
b11000101 E
1'
#5360400
0'
#5362200
b11000110 E
1'
#5364000
0'
#5365800
b11000111 E
1'
#5367600
0'
#5369400
b11001000 E
1'
#5371200
0'
#5373000
b11001001 E
1'
#5374800
0'
#5376600
b11001010 E
1'
#5378400
0'
#5380200
b11001011 E
1'
#5382000
0'
#5383800
b11001100 E
1'
#5385600
0'
#5387400
b11001101 E
1'
#5389200
0'
#5391000
b11001110 E
1'
#5392800
0'
#5394600
b11001111 E
1'
#5396400
0'
#5398200
b11010000 E
1'
#5400000
0'
#5401800
b11010001 E
1'
#5403600
0'
#5405400
b11010010 E
1'
#5407200
0'
#5409000
b11010011 E
1'
#5410800
0'
#5412600
b11010100 E
1'
#5414400
0'
#5416200
b11010101 E
1'
#5418000
0'
#5419800
b11010110 E
1'
#5421600
0'
#5423400
b11010111 E
1'
#5425200
0'
#5427000
b11011000 E
1'
#5428800
0'
#5430600
b11011001 E
1'
#5432400
0'
#5434200
b11011010 E
1'
#5436000
0'
#5437800
b11011011 E
1'
#5439600
0'
#5441400
b11011100 E
1'
#5443200
0'
#5445000
b11011101 E
1'
#5446800
0'
#5448600
b11011110 E
1'
#5450400
0'
#5452200
b11011111 E
1'
#5454000
0'
#5455800
b11100000 E
1'
#5457600
0'
#5459400
b11100001 E
1'
#5461200
0'
#5463000
b11100010 E
1'
#5464800
0'
#5466600
b11100011 E
1'
#5468400
0'
#5470200
b11100100 E
1'
#5472000
0'
#5473800
b11100101 E
1'
#5475600
0'
#5477400
b11100110 E
1'
#5479200
0'
#5481000
b11100111 E
1'
#5482800
0'
#5484600
b11101000 E
1'
#5486400
0'
#5488200
b11101001 E
1'
#5490000
0'
#5491800
b110 D
b111111 ;
b111111 =
b111111 K
b111111 F
b0 E
1'
#5493600
0'
#5495400
b1 E
1'
#5497200
0'
#5499000
b10 E
1'
#5500800
0'
#5502600
b11 E
1'
#5504400
0'
#5506200
b100 E
1'
#5508000
0'
#5509800
b101 E
1'
#5511600
0'
#5513400
b110 E
1'
#5515200
0'
#5517000
b111 E
1'
#5518800
0'
#5520600
b1000 E
1'
#5522400
0'
#5524200
b1001 E
1'
#5526000
0'
#5527800
b1010 E
1'
#5529600
0'
#5531400
b1011 E
1'
#5533200
0'
#5535000
b1100 E
1'
#5536800
0'
#5538600
b1101 E
1'
#5540400
0'
#5542200
b1110 E
1'
#5544000
0'
#5545800
b1111 E
1'
#5547600
0'
#5549400
b10000 E
1'
#5551200
0'
#5553000
b10001 E
1'
#5554800
0'
#5556600
b10010 E
1'
#5558400
0'
#5560200
b10011 E
1'
#5562000
0'
#5563800
b10100 E
1'
#5565600
0'
#5567400
b10101 E
1'
#5569200
0'
#5571000
b10110 E
1'
#5572800
0'
#5574600
b10111 E
1'
#5576400
0'
#5578200
b11000 E
1'
#5580000
0'
#5581800
b11001 E
1'
#5583600
0'
#5585400
b11010 E
1'
#5587200
0'
#5589000
b11011 E
1'
#5590800
0'
#5592600
b11100 E
1'
#5594400
0'
#5596200
b11101 E
1'
#5598000
0'
#5599800
b11110 E
1'
#5601600
0'
#5603400
b11111 E
1'
#5605200
0'
#5607000
b100000 E
1'
#5608800
0'
#5610600
b100001 E
1'
#5612400
0'
#5614200
b100010 E
1'
#5616000
0'
#5617800
b100011 E
1'
#5619600
0'
#5621400
b100100 E
1'
#5623200
0'
#5625000
b100101 E
1'
#5626800
0'
#5628600
b100110 E
1'
#5630400
0'
#5632200
b100111 E
1'
#5634000
0'
#5635800
b101000 E
1'
#5637600
0'
#5639400
b101001 E
1'
#5641200
0'
#5643000
b101010 E
1'
#5644800
0'
#5646600
b101011 E
1'
#5648400
0'
#5650200
b101100 E
1'
#5652000
0'
#5653800
b101101 E
1'
#5655600
0'
#5657400
b101110 E
1'
#5659200
0'
#5661000
b101111 E
1'
#5662800
0'
#5664600
b110000 E
1'
#5666400
0'
#5668200
b110001 E
1'
#5670000
0'
#5671800
b110010 E
1'
#5673600
0'
#5675400
b110011 E
1'
#5677200
0'
#5679000
b110100 E
1'
#5680800
0'
#5682600
b110101 E
1'
#5684400
0'
#5686200
b110110 E
1'
#5688000
0'
#5689800
b110111 E
1'
#5691600
0'
#5693400
b111000 E
1'
#5695200
0'
#5697000
b111001 E
1'
#5698800
0'
#5700600
b111010 E
1'
#5702400
0'
#5704200
b111011 E
1'
#5706000
0'
#5707800
b111100 E
1'
#5709600
0'
#5711400
b111101 E
1'
#5713200
0'
#5715000
b111110 E
1'
#5716800
0'
#5718600
b111111 E
1'
#5720400
0'
#5722200
b1000000 E
1'
#5724000
0'
#5725800
b1000001 E
1'
#5727600
0'
#5729400
b1000010 E
1'
#5731200
0'
#5733000
b1000011 E
1'
#5734800
0'
#5736600
b1000100 E
1'
#5738400
0'
#5740200
b1000101 E
1'
#5742000
0'
#5743800
b1000110 E
1'
#5745600
0'
#5747400
b1000111 E
1'
#5749200
0'
#5751000
b1001000 E
1'
#5752800
0'
#5754600
b1001001 E
1'
#5756400
0'
#5758200
b1001010 E
1'
#5760000
0'
#5761800
b1001011 E
1'
#5763600
0'
#5765400
b1001100 E
1'
#5767200
0'
#5769000
b1001101 E
1'
#5770800
0'
#5772600
b1001110 E
1'
#5774400
0'
#5776200
b1001111 E
1'
#5778000
0'
#5779800
b1010000 E
1'
#5781600
0'
#5783400
b1010001 E
1'
#5785200
0'
#5787000
b1010010 E
1'
#5788800
0'
#5790600
b1010011 E
1'
#5792400
0'
#5794200
b1010100 E
1'
#5796000
0'
#5797800
b1010101 E
1'
#5799600
0'
#5801400
b1010110 E
1'
#5803200
0'
#5805000
b1010111 E
1'
#5806800
0'
#5808600
b1011000 E
1'
#5810400
0'
#5812200
b1011001 E
1'
#5814000
0'
#5815800
b1011010 E
1'
#5817600
0'
#5819400
b1011011 E
1'
#5821200
0'
#5823000
b1011100 E
1'
#5824800
0'
#5826600
b1011101 E
1'
#5828400
0'
#5830200
b1011110 E
1'
#5832000
0'
#5833800
b1011111 E
1'
#5835600
0'
#5837400
b1100000 E
1'
#5839200
0'
#5841000
b1100001 E
1'
#5842800
0'
#5844600
b1100010 E
1'
#5846400
0'
#5848200
b1100011 E
1'
#5850000
0'
#5851800
b1100100 E
1'
#5853600
0'
#5855400
b1100101 E
1'
#5857200
0'
#5859000
b1100110 E
1'
#5860800
0'
#5862600
b1100111 E
1'
#5864400
0'
#5866200
b1101000 E
1'
#5868000
0'
#5869800
b1101001 E
1'
#5871600
0'
#5873400
b1101010 E
1'
#5875200
0'
#5877000
b1101011 E
1'
#5878800
0'
#5880600
b1101100 E
1'
#5882400
0'
#5884200
b1101101 E
1'
#5886000
0'
#5887800
b1101110 E
1'
#5889600
0'
#5891400
b1101111 E
1'
#5893200
0'
#5895000
b1110000 E
1'
#5896800
0'
#5898600
b1110001 E
1'
#5900400
0'
#5902200
b1110010 E
1'
#5904000
0'
#5905800
b1110011 E
1'
#5907600
0'
#5909400
b1110100 E
1'
#5911200
0'
#5913000
b1110101 E
1'
#5914800
0'
#5916600
b1110110 E
1'
#5918400
0'
#5920200
b1110111 E
1'
#5922000
0'
#5923800
b1111000 E
1'
#5925600
0'
#5927400
b1111001 E
1'
#5929200
0'
#5931000
b1111010 E
1'
#5932800
0'
#5934600
b1111011 E
1'
#5936400
0'
#5938200
b1111100 E
1'
#5940000
0'
#5941800
b1111101 E
1'
#5943600
0'
#5945400
b1111110 E
1'
#5947200
0'
#5949000
b1111111 E
1'
#5950800
0'
#5952600
b10000000 E
1'
#5954400
0'
#5956200
b10000001 E
1'
#5958000
0'
#5959800
b10000010 E
1'
#5961600
0'
#5963400
b10000011 E
1'
#5965200
0'
#5967000
b10000100 E
1'
#5968800
0'
#5970600
b10000101 E
1'
#5972400
0'
#5974200
b10000110 E
1'
#5976000
0'
#5977800
b10000111 E
1'
#5979600
0'
#5981400
b10001000 E
1'
#5983200
0'
#5985000
b10001001 E
1'
#5986800
0'
#5988600
b10001010 E
1'
#5990400
0'
#5992200
b10001011 E
1'
#5994000
0'
#5995800
b10001100 E
1'
#5997600
0'
#5999400
b10001101 E
1'
#6001200
0'
#6003000
b10001110 E
1'
#6004800
0'
#6006600
b10001111 E
1'
#6008400
0'
#6010200
b10010000 E
1'
#6012000
0'
#6013800
b10010001 E
1'
#6015600
0'
#6017400
b10010010 E
1'
#6019200
0'
#6021000
b10010011 E
1'
#6022800
0'
#6024600
b10010100 E
1'
#6026400
0'
#6028200
b10010101 E
1'
#6030000
0'
#6031800
b10010110 E
1'
#6033600
0'
#6035400
b10010111 E
1'
#6037200
0'
#6039000
b10011000 E
1'
#6040800
0'
#6042600
b10011001 E
1'
#6044400
0'
#6046200
b10011010 E
1'
#6048000
0'
#6049800
b10011011 E
1'
#6051600
0'
#6053400
b10011100 E
1'
#6055200
0'
#6057000
b10011101 E
1'
#6058800
0'
#6060600
b10011110 E
1'
#6062400
0'
#6064200
b10011111 E
1'
#6066000
0'
b110 Y
#6067800
b10100000 E
1'
#6069600
0'
#6071400
b10100001 E
1'
#6073200
0'
#6075000
b10100010 E
1'
#6076800
0'
#6078600
b10100011 E
1'
#6080400
0'
#6082200
b10100100 E
1'
#6084000
0'
#6085800
b10100101 E
1'
#6087600
0'
#6089400
b10100110 E
1'
#6091200
0'
#6093000
b10100111 E
1'
#6094800
0'
#6096600
b10101000 E
1'
#6098400
0'
#6100200
b10101001 E
1'
#6102000
0'
#6103800
b10101010 E
1'
#6105600
0'
#6107400
b10101011 E
1'
#6109200
0'
#6111000
b10101100 E
1'
#6112800
0'
#6114600
b10101101 E
1'
#6116400
0'
#6118200
b10101110 E
1'
#6120000
0'
#6121800
b10101111 E
1'
#6123600
0'
#6125400
b10110000 E
1'
#6127200
0'
#6129000
b10110001 E
1'
#6130800
0'
#6132600
b10110010 E
1'
#6134400
0'
#6136200
b10110011 E
1'
#6138000
0'
#6139800
b10110100 E
1'
#6141600
0'
#6143400
b10110101 E
1'
#6145200
0'
#6147000
b10110110 E
1'
#6148800
0'
#6150600
b10110111 E
1'
#6152400
0'
#6154200
b10111000 E
1'
#6156000
0'
#6157800
b10111001 E
1'
#6159600
0'
#6161400
b10111010 E
1'
#6163200
0'
#6165000
b10111011 E
1'
#6166800
0'
#6168600
b10111100 E
1'
#6170400
0'
#6172200
b10111101 E
1'
#6174000
0'
#6175800
b10111110 E
1'
#6177600
0'
#6179400
b10111111 E
1'
#6181200
0'
#6183000
b11000000 E
1'
#6184800
0'
#6186600
b11000001 E
1'
#6188400
0'
#6190200
b11000010 E
1'
#6192000
0'
#6193800
b11000011 E
1'
#6195600
0'
#6197400
b11000100 E
1'
#6199200
0'
#6201000
b11000101 E
1'
#6202800
0'
#6204600
b11000110 E
1'
#6206400
0'
#6208200
b11000111 E
1'
#6210000
0'
#6211800
b11001000 E
1'
#6213600
0'
#6215400
b11001001 E
1'
#6217200
0'
#6219000
b11001010 E
1'
#6220800
0'
#6222600
b11001011 E
1'
#6224400
0'
#6226200
b11001100 E
1'
#6228000
0'
#6229800
b11001101 E
1'
#6231600
0'
#6233400
b11001110 E
1'
#6235200
0'
#6237000
b11001111 E
1'
#6238800
0'
#6240600
b11010000 E
1'
#6242400
0'
#6244200
b11010001 E
1'
#6246000
0'
#6247800
b11010010 E
1'
#6249600
0'
#6251400
b11010011 E
1'
#6253200
0'
#6255000
b11010100 E
1'
#6256800
0'
#6258600
b11010101 E
1'
#6260400
0'
#6262200
b11010110 E
1'
#6264000
0'
#6265800
b11010111 E
1'
#6267600
0'
#6269400
b11011000 E
1'
#6271200
0'
#6273000
b11011001 E
1'
#6274800
0'
#6276600
b11011010 E
1'
#6278400
0'
#6280200
b11011011 E
1'
#6282000
0'
#6283800
b11011100 E
1'
#6285600
0'
#6287400
b11011101 E
1'
#6289200
0'
#6291000
b11011110 E
1'
#6292800
0'
#6294600
b11011111 E
1'
#6296400
0'
#6298200
b11100000 E
1'
#6300000
0'
#6301800
b11100001 E
1'
#6303600
0'
#6305400
b11100010 E
1'
#6307200
0'
#6309000
b11100011 E
1'
#6310800
0'
#6312600
b11100100 E
1'
#6314400
0'
#6316200
b11100101 E
1'
#6318000
0'
#6319800
b11100110 E
1'
#6321600
0'
#6323400
b11100111 E
1'
#6325200
0'
#6327000
b11101000 E
1'
#6328800
0'
#6330600
b11101001 E
1'
#6332400
0'
#6334200
b111 D
b1111111 ;
b1111111 =
b1111111 K
b1111111 F
b0 E
1'
#6336000
0'
#6337800
b1 E
1'
#6339600
0'
#6341400
b10 E
1'
#6343200
0'
#6345000
b11 E
1'
#6346800
0'
#6348600
b100 E
1'
#6350400
0'
#6352200
b101 E
1'
#6354000
0'
#6355800
b110 E
1'
#6357600
0'
#6359400
b111 E
1'
#6361200
0'
#6363000
b1000 E
1'
#6364800
0'
#6366600
b1001 E
1'
#6368400
0'
#6370200
b1010 E
1'
#6372000
0'
#6373800
b1011 E
1'
#6375600
0'
#6377400
b1100 E
1'
#6379200
0'
#6381000
b1101 E
1'
#6382800
0'
#6384600
b1110 E
1'
#6386400
0'
#6388200
b1111 E
1'
#6390000
0'
#6391800
b10000 E
1'
#6393600
0'
#6395400
b10001 E
1'
#6397200
0'
#6399000
b10010 E
1'
#6400800
0'
#6402600
b10011 E
1'
#6404400
0'
#6406200
b10100 E
1'
#6408000
0'
#6409800
b10101 E
1'
#6411600
0'
#6413400
b10110 E
1'
#6415200
0'
#6417000
b10111 E
1'
#6418800
0'
#6420600
b11000 E
1'
#6422400
0'
#6424200
b11001 E
1'
#6426000
0'
#6427800
b11010 E
1'
#6429600
0'
#6431400
b11011 E
1'
#6433200
0'
#6435000
b11100 E
1'
#6436800
0'
#6438600
b11101 E
1'
#6440400
0'
#6442200
b11110 E
1'
#6444000
0'
#6445800
b11111 E
1'
#6447600
0'
#6449400
b100000 E
1'
#6451200
0'
#6453000
b100001 E
1'
#6454800
0'
#6456600
b100010 E
1'
#6458400
0'
#6460200
b100011 E
1'
#6462000
0'
#6463800
b100100 E
1'
#6465600
0'
#6467400
b100101 E
1'
#6469200
0'
#6471000
b100110 E
1'
#6472800
0'
#6474600
b100111 E
1'
#6476400
0'
#6478200
b101000 E
1'
#6480000
0'
#6481800
b101001 E
1'
#6483600
0'
#6485400
b101010 E
1'
#6487200
0'
#6489000
b101011 E
1'
#6490800
0'
#6492600
b101100 E
1'
#6494400
0'
#6496200
b101101 E
1'
#6498000
0'
#6499800
b101110 E
1'
#6501600
0'
#6503400
b101111 E
1'
#6505200
0'
#6507000
b110000 E
1'
#6508800
0'
#6510600
b110001 E
1'
#6512400
0'
#6514200
b110010 E
1'
#6516000
0'
#6517800
b110011 E
1'
#6519600
0'
#6521400
b110100 E
1'
#6523200
0'
#6525000
b110101 E
1'
#6526800
0'
#6528600
b110110 E
1'
#6530400
0'
#6532200
b110111 E
1'
#6534000
0'
#6535800
b111000 E
1'
#6537600
0'
#6539400
b111001 E
1'
#6541200
0'
#6543000
b111010 E
1'
#6544800
0'
#6546600
b111011 E
1'
#6548400
0'
#6550200
b111100 E
1'
#6552000
0'
#6553800
b111101 E
1'
#6555600
0'
#6557400
b111110 E
1'
#6559200
0'
#6561000
b111111 E
1'
#6562800
0'
#6564600
b1000000 E
1'
#6566400
0'
#6568200
b1000001 E
1'
#6570000
0'
#6571800
b1000010 E
1'
#6573600
0'
#6575400
b1000011 E
1'
#6577200
0'
#6579000
b1000100 E
1'
#6580800
0'
#6582600
b1000101 E
1'
#6584400
0'
#6586200
b1000110 E
1'
#6588000
0'
#6589800
b1000111 E
1'
#6591600
0'
#6593400
b1001000 E
1'
#6595200
0'
#6597000
b1001001 E
1'
#6598800
0'
#6600600
b1001010 E
1'
#6602400
0'
#6604200
b1001011 E
1'
#6606000
0'
#6607800
b1001100 E
1'
#6609600
0'
#6611400
b1001101 E
1'
#6613200
0'
#6615000
b1001110 E
1'
#6616800
0'
#6618600
b1001111 E
1'
#6620400
0'
#6622200
b1010000 E
1'
#6624000
0'
#6625800
b1010001 E
1'
#6627600
0'
#6629400
b1010010 E
1'
#6631200
0'
#6633000
b1010011 E
1'
#6634800
0'
#6636600
b1010100 E
1'
#6638400
0'
#6640200
b1010101 E
1'
#6642000
0'
#6643800
b1010110 E
1'
#6645600
0'
#6647400
b1010111 E
1'
#6649200
0'
#6651000
b1011000 E
1'
#6652800
0'
#6654600
b1011001 E
1'
#6656400
0'
#6658200
b1011010 E
1'
#6660000
0'
#6661800
b1011011 E
1'
#6663600
0'
#6665400
b1011100 E
1'
#6667200
0'
#6669000
b1011101 E
1'
#6670800
0'
#6672600
b1011110 E
1'
#6674400
0'
#6676200
b1011111 E
1'
#6678000
0'
#6679800
b1100000 E
1'
#6681600
0'
#6683400
b1100001 E
1'
#6685200
0'
#6687000
b1100010 E
1'
#6688800
0'
#6690600
b1100011 E
1'
#6692400
0'
#6694200
b1100100 E
1'
#6696000
0'
#6697800
b1100101 E
1'
#6699600
0'
#6701400
b1100110 E
1'
#6703200
0'
#6705000
b1100111 E
1'
#6706800
0'
#6708600
b1101000 E
1'
#6710400
0'
#6712200
b1101001 E
1'
#6714000
0'
#6715800
b1101010 E
1'
#6717600
0'
#6719400
b1101011 E
1'
#6721200
0'
#6723000
b1101100 E
1'
#6724800
0'
#6726600
b1101101 E
1'
#6728400
0'
#6730200
b1101110 E
1'
#6732000
0'
#6733800
b1101111 E
1'
#6735600
0'
#6737400
b1110000 E
1'
#6739200
0'
#6741000
b1110001 E
1'
#6742800
0'
#6744600
b1110010 E
1'
#6746400
0'
#6748200
b1110011 E
1'
#6750000
0'
#6751800
b1110100 E
1'
#6753600
0'
#6755400
b1110101 E
1'
#6757200
0'
#6759000
b1110110 E
1'
#6760800
0'
#6762600
b1110111 E
1'
#6764400
0'
#6766200
b1111000 E
1'
#6768000
0'
#6769800
b1111001 E
1'
#6771600
0'
#6773400
b1111010 E
1'
#6775200
0'
#6777000
b1111011 E
1'
#6778800
0'
#6780600
b1111100 E
1'
#6782400
0'
#6784200
b1111101 E
1'
#6786000
0'
#6787800
b1111110 E
1'
#6789600
0'
#6791400
b1111111 E
1'
#6793200
0'
#6795000
b10000000 E
1'
#6796800
0'
#6798600
b10000001 E
1'
#6800400
0'
#6802200
b10000010 E
1'
#6804000
0'
#6805800
b10000011 E
1'
#6807600
0'
#6809400
b10000100 E
1'
#6811200
0'
#6813000
b10000101 E
1'
#6814800
0'
#6816600
b10000110 E
1'
#6818400
0'
#6820200
b10000111 E
1'
#6822000
0'
#6823800
b10001000 E
1'
#6825600
0'
#6827400
b10001001 E
1'
#6829200
0'
#6831000
b10001010 E
1'
#6832800
0'
#6834600
b10001011 E
1'
#6836400
0'
#6838200
b10001100 E
1'
#6840000
0'
#6841800
b10001101 E
1'
#6843600
0'
#6845400
b10001110 E
1'
#6847200
0'
#6849000
b10001111 E
1'
#6850800
0'
#6852600
b10010000 E
1'
#6854400
0'
#6856200
b10010001 E
1'
#6858000
0'
#6859800
b10010010 E
1'
#6861600
0'
#6863400
b10010011 E
1'
#6865200
0'
#6867000
b10010100 E
1'
#6868800
0'
#6870600
b10010101 E
1'
#6872400
0'
#6874200
b10010110 E
1'
#6876000
0'
#6877800
b10010111 E
1'
#6879600
0'
#6881400
b10011000 E
1'
#6883200
0'
#6885000
b10011001 E
1'
#6886800
0'
#6888600
b10011010 E
1'
#6890400
0'
#6892200
b10011011 E
1'
#6894000
0'
#6895800
b10011100 E
1'
#6897600
0'
#6899400
b10011101 E
1'
#6901200
0'
#6903000
b10011110 E
1'
#6904800
0'
#6906600
b10011111 E
1'
#6908400
0'
#6910200
b10100000 E
1'
#6912000
0'
#6913800
b10100001 E
1'
#6915600
0'
#6917400
b10100010 E
1'
#6919200
0'
#6921000
b10100011 E
1'
#6922800
0'
#6924600
b10100100 E
1'
#6926400
0'
#6928200
b10100101 E
1'
#6930000
0'
#6931800
b10100110 E
1'
b111 Y
#6933600
0'
#6935400
b10100111 E
1'
#6937200
0'
#6939000
b10101000 E
1'
#6940800
0'
#6942600
b10101001 E
1'
#6944400
0'
#6946200
b10101010 E
1'
#6948000
0'
#6949800
b10101011 E
1'
#6951600
0'
#6953400
b10101100 E
1'
#6955200
0'
#6957000
b10101101 E
1'
#6958800
0'
#6960600
b10101110 E
1'
#6962400
0'
#6964200
b10101111 E
1'
#6966000
0'
#6967800
b10110000 E
1'
#6969600
0'
#6971400
b10110001 E
1'
#6973200
0'
#6975000
b10110010 E
1'
#6976800
0'
#6978600
b10110011 E
1'
#6980400
0'
#6982200
b10110100 E
1'
#6984000
0'
#6985800
b10110101 E
1'
#6987600
0'
#6989400
b10110110 E
1'
#6991200
0'
#6993000
b10110111 E
1'
#6994800
0'
#6996600
b10111000 E
1'
#6998400
0'
#7000200
b10111001 E
1'
#7002000
0'
#7003800
b10111010 E
1'
#7005600
0'
#7007400
b10111011 E
1'
#7009200
0'
#7011000
b10111100 E
1'
#7012800
0'
#7014600
b10111101 E
1'
#7016400
0'
#7018200
b10111110 E
1'
#7020000
0'
#7021800
b10111111 E
1'
#7023600
0'
#7025400
b11000000 E
1'
#7027200
0'
#7029000
b11000001 E
1'
#7030800
0'
#7032600
b11000010 E
1'
#7034400
0'
#7036200
b11000011 E
1'
#7038000
0'
#7039800
b11000100 E
1'
#7041600
0'
#7043400
b11000101 E
1'
#7045200
0'
#7047000
b11000110 E
1'
#7048800
0'
#7050600
b11000111 E
1'
#7052400
0'
#7054200
b11001000 E
1'
#7056000
0'
#7057800
b11001001 E
1'
#7059600
0'
#7061400
b11001010 E
1'
#7063200
0'
#7065000
b11001011 E
1'
#7066800
0'
#7068600
b11001100 E
1'
#7070400
0'
#7072200
b11001101 E
1'
#7074000
0'
#7075800
b11001110 E
1'
#7077600
0'
#7079400
b11001111 E
1'
#7081200
0'
#7083000
b11010000 E
1'
#7084800
0'
#7086600
b11010001 E
1'
#7088400
0'
#7090200
b11010010 E
1'
#7092000
0'
#7093800
b11010011 E
1'
#7095600
0'
#7097400
b11010100 E
1'
#7099200
0'
#7101000
b11010101 E
1'
#7102800
0'
#7104600
b11010110 E
1'
#7106400
0'
#7108200
b11010111 E
1'
#7110000
0'
#7111800
b11011000 E
1'
#7113600
0'
#7115400
b11011001 E
1'
#7117200
0'
#7119000
b11011010 E
1'
#7120800
0'
#7122600
b11011011 E
1'
#7124400
0'
#7126200
b11011100 E
1'
#7128000
0'
#7129800
b11011101 E
1'
#7131600
0'
#7133400
b11011110 E
1'
#7135200
0'
#7137000
b11011111 E
1'
#7138800
0'
#7140600
b11100000 E
1'
#7142400
0'
#7144200
b11100001 E
1'
#7146000
0'
#7147800
b11100010 E
1'
#7149600
0'
#7151400
b11100011 E
1'
#7153200
0'
#7155000
b11100100 E
1'
#7156800
0'
#7158600
b11100101 E
1'
#7160400
0'
#7162200
b11100110 E
1'
#7164000
0'
#7165800
b11100111 E
1'
#7167600
0'
#7169400
b11101000 E
1'
#7171200
0'
#7173000
b11101001 E
1'
#7174800
0'
#7176600
b11 J
b0 D
b11111111 ;
b11111111 =
b11111111 K
b11111111 F
b0 E
1'
#7178400
0'
#7180200
b1 E
1'
#7182000
0'
#7183800
b10 E
1'
#7185600
0'
#7187400
b11 E
1'
#7189200
0'
#7191000
b100 E
1'
#7192800
0'
#7194600
b101 E
1'
#7196400
0'
#7198200
b110 E
1'
#7200000
0'
#7201800
b111 E
1'
#7203600
0'
#7205400
b1000 E
1'
#7207200
0'
#7209000
b1001 E
1'
#7210800
0'
#7212600
b1010 E
1'
#7214400
0'
#7216200
b1011 E
1'
#7218000
0'
#7219800
b1100 E
1'
#7221600
0'
#7223400
b1101 E
1'
#7225200
0'
#7227000
b1110 E
1'
#7228800
0'
#7230600
b1111 E
1'
#7232400
0'
#7234200
b10000 E
1'
#7236000
0'
#7237800
b10001 E
1'
#7239600
0'
#7241400
b10010 E
1'
#7243200
0'
#7245000
b10011 E
1'
#7246800
0'
#7248600
b10100 E
1'
#7250400
0'
#7252200
b10101 E
1'
#7254000
0'
#7255800
b10110 E
1'
#7257600
0'
#7259400
b10111 E
1'
#7261200
0'
#7263000
b11000 E
1'
#7264800
0'
#7266600
b11001 E
1'
#7268400
0'
#7270200
b11010 E
1'
#7272000
0'
#7273800
b11011 E
1'
#7275600
0'
#7277400
b11100 E
1'
#7279200
0'
#7281000
b11101 E
1'
#7282800
0'
#7284600
b11110 E
1'
#7286400
0'
#7288200
b11111 E
1'
#7290000
0'
#7291800
b100000 E
1'
#7293600
0'
#7295400
b100001 E
1'
#7297200
0'
#7299000
b100010 E
1'
#7300800
0'
#7302600
b100011 E
1'
#7304400
0'
#7306200
b100100 E
1'
#7308000
0'
#7309800
b100101 E
1'
#7311600
0'
#7313400
b100110 E
1'
#7315200
0'
#7317000
b100111 E
1'
#7318800
0'
#7320600
b101000 E
1'
#7322400
0'
#7324200
b101001 E
1'
#7326000
0'
#7327800
b101010 E
1'
#7329600
0'
#7331400
b101011 E
1'
#7333200
0'
#7335000
b101100 E
1'
#7336800
0'
#7338600
b101101 E
1'
#7340400
0'
#7342200
b101110 E
1'
#7344000
0'
#7345800
b101111 E
1'
#7347600
0'
#7349400
b110000 E
1'
#7351200
0'
#7353000
b110001 E
1'
#7354800
0'
#7356600
b110010 E
1'
#7358400
0'
#7360200
b110011 E
1'
#7362000
0'
#7363800
b110100 E
1'
#7365600
0'
#7367400
b110101 E
1'
#7369200
0'
#7371000
b110110 E
1'
#7372800
0'
#7374600
b110111 E
1'
#7376400
0'
#7378200
b111000 E
1'
#7380000
0'
#7381800
b111001 E
1'
#7383600
0'
#7385400
b111010 E
1'
#7387200
0'
#7389000
b111011 E
1'
#7390800
0'
#7392600
b111100 E
1'
#7394400
0'
#7396200
b111101 E
1'
#7398000
0'
#7399800
b111110 E
1'
#7401600
0'
#7403400
b111111 E
1'
#7405200
0'
#7407000
b1000000 E
1'
#7408800
0'
#7410600
b1000001 E
1'
#7412400
0'
#7414200
b1000010 E
1'
#7416000
0'
#7417800
b1000011 E
1'
#7419600
0'
#7421400
b1000100 E
1'
#7423200
0'
#7425000
b1000101 E
1'
#7426800
0'
#7428600
b1000110 E
1'
#7430400
0'
#7432200
b1000111 E
1'
#7434000
0'
#7435800
b1001000 E
1'
#7437600
0'
#7439400
b1001001 E
1'
#7441200
0'
#7443000
b1001010 E
1'
#7444800
0'
#7446600
b1001011 E
1'
#7448400
0'
#7450200
b1001100 E
1'
#7452000
0'
#7453800
b1001101 E
1'
#7455600
0'
#7457400
b1001110 E
1'
#7459200
0'
#7461000
b1001111 E
1'
#7462800
0'
#7464600
b1010000 E
1'
#7466400
0'
#7468200
b1010001 E
1'
#7470000
0'
#7471800
b1010010 E
1'
#7473600
0'
#7475400
b1010011 E
1'
#7477200
0'
#7479000
b1010100 E
1'
#7480800
0'
#7482600
b1010101 E
1'
#7484400
0'
#7486200
b1010110 E
1'
#7488000
0'
#7489800
b1010111 E
1'
#7491600
0'
#7493400
b1011000 E
1'
#7495200
0'
#7497000
b1011001 E
1'
#7498800
0'
#7500600
b1011010 E
1'
#7502400
0'
#7504200
b1011011 E
1'
#7506000
0'
#7507800
b1011100 E
1'
#7509600
0'
#7511400
b1011101 E
1'
#7513200
0'
#7515000
b1011110 E
1'
#7516800
0'
#7518600
b1011111 E
1'
#7520400
0'
#7522200
b1100000 E
1'
#7524000
0'
#7525800
b1100001 E
1'
#7527600
0'
#7529400
b1100010 E
1'
#7531200
0'
#7533000
b1100011 E
1'
#7534800
0'
#7536600
b1100100 E
1'
#7538400
0'
#7540200
b1100101 E
1'
#7542000
0'
#7543800
b1100110 E
1'
#7545600
0'
#7547400
b1100111 E
1'
#7549200
0'
#7551000
b1101000 E
1'
#7552800
0'
#7554600
b1101001 E
1'
#7556400
0'
#7558200
b1101010 E
1'
#7560000
0'
#7561800
b1101011 E
1'
#7563600
0'
#7565400
b1101100 E
1'
#7567200
0'
#7569000
b1101101 E
1'
#7570800
0'
#7572600
b1101110 E
1'
#7574400
0'
#7576200
b1101111 E
1'
#7578000
0'
#7579800
b1110000 E
1'
#7581600
0'
#7583400
b1110001 E
1'
#7585200
0'
#7587000
b1110010 E
1'
#7588800
0'
#7590600
b1110011 E
1'
#7592400
0'
#7594200
b1110100 E
1'
#7596000
0'
#7597800
b1110101 E
1'
#7599600
0'
#7601400
b1110110 E
1'
#7603200
0'
#7605000
b1110111 E
1'
#7606800
0'
#7608600
b1111000 E
1'
#7610400
0'
#7612200
b1111001 E
1'
#7614000
0'
#7615800
b1111010 E
1'
#7617600
0'
#7619400
b1111011 E
1'
#7621200
0'
#7623000
b1111100 E
1'
#7624800
0'
#7626600
b1111101 E
1'
#7628400
0'
#7630200
b1111110 E
1'
#7632000
0'
#7633800
b1111111 E
1'
#7635600
0'
#7637400
b10000000 E
1'
#7639200
0'
#7641000
b10000001 E
1'
#7642800
0'
#7644600
b10000010 E
1'
#7646400
0'
#7648200
b10000011 E
1'
#7650000
0'
#7651800
b10000100 E
1'
#7653600
0'
#7655400
b10000101 E
1'
#7657200
0'
#7659000
b10000110 E
1'
#7660800
0'
#7662600
b10000111 E
1'
#7664400
0'
#7666200
b10001000 E
1'
#7668000
0'
#7669800
b10001001 E
1'
#7671600
0'
#7673400
b10001010 E
1'
#7675200
0'
#7677000
b10001011 E
1'
#7678800
0'
#7680600
b10001100 E
1'
#7682400
0'
#7684200
b10001101 E
1'
#7686000
0'
#7687800
b10001110 E
1'
#7689600
0'
#7691400
b10001111 E
1'
#7693200
0'
#7695000
b10010000 E
1'
#7696800
0'
#7698600
b10010001 E
1'
#7700400
0'
#7702200
b10010010 E
1'
#7704000
0'
#7705800
b10010011 E
1'
#7707600
0'
#7709400
b10010100 E
1'
#7711200
0'
#7713000
b10010101 E
1'
#7714800
0'
#7716600
b10010110 E
1'
#7718400
0'
#7720200
b10010111 E
1'
#7722000
0'
#7723800
b10011000 E
1'
#7725600
0'
#7727400
b10011001 E
1'
#7729200
0'
#7731000
b10011010 E
1'
#7732800
0'
#7734600
b10011011 E
1'
#7736400
0'
#7738200
b10011100 E
1'
#7740000
0'
#7741800
b10011101 E
1'
#7743600
0'
#7745400
b10011110 E
1'
#7747200
0'
#7749000
b10011111 E
1'
#7750800
0'
#7752600
b10100000 E
1'
#7754400
0'
#7756200
b10100001 E
1'
#7758000
0'
#7759800
b10100010 E
1'
#7761600
0'
#7763400
b10100011 E
1'
#7765200
0'
#7767000
b10100100 E
1'
#7768800
0'
#7770600
b10100101 E
1'
#7772400
0'
#7774200
b10100110 E
1'
#7776000
0'
#7777800
b10100111 E
1'
#7779600
0'
#7781400
b10101000 E
1'
#7783200
0'
#7785000
b10101001 E
1'
#7786800
0'
#7788600
b10101010 E
1'
#7790400
0'
#7792200
b10101011 E
1'
#7794000
0'
#7795800
b10101100 E
1'
#7797600
0'
b1000 Y
#7799400
b10101101 E
1'
#7801200
0'
#7803000
b10101110 E
1'
#7804800
0'
#7806600
b10101111 E
1'
#7808400
0'
#7810200
b10110000 E
1'
#7812000
0'
#7813800
b10110001 E
1'
#7815600
0'
#7817400
b10110010 E
1'
#7819200
0'
#7821000
b10110011 E
1'
#7822800
0'
#7824600
b10110100 E
1'
#7826400
0'
#7828200
b10110101 E
1'
#7830000
0'
#7831800
b10110110 E
1'
#7833600
0'
#7835400
b10110111 E
1'
#7837200
0'
#7839000
b10111000 E
1'
#7840800
0'
#7842600
b10111001 E
1'
#7844400
0'
#7846200
b10111010 E
1'
#7848000
0'
#7849800
b10111011 E
1'
#7851600
0'
#7853400
b10111100 E
1'
#7855200
0'
#7857000
b10111101 E
1'
#7858800
0'
#7860600
b10111110 E
1'
#7862400
0'
#7864200
b10111111 E
1'
#7866000
0'
#7867800
b11000000 E
1'
#7869600
0'
#7871400
b11000001 E
1'
#7873200
0'
#7875000
b11000010 E
1'
#7876800
0'
#7878600
b11000011 E
1'
#7880400
0'
#7882200
b11000100 E
1'
#7884000
0'
#7885800
b11000101 E
1'
#7887600
0'
#7889400
b11000110 E
1'
#7891200
0'
#7893000
b11000111 E
1'
#7894800
0'
#7896600
b11001000 E
1'
#7898400
0'
#7900200
b11001001 E
1'
#7902000
0'
#7903800
b11001010 E
1'
#7905600
0'
#7907400
b11001011 E
1'
#7909200
0'
#7911000
b11001100 E
1'
#7912800
0'
#7914600
b11001101 E
1'
#7916400
0'
#7918200
b11001110 E
1'
#7920000
0'
#7921800
b11001111 E
1'
#7923600
0'
#7925400
b11010000 E
1'
#7927200
0'
#7929000
b11010001 E
1'
#7930800
0'
#7932600
b11010010 E
1'
#7934400
0'
#7936200
b11010011 E
1'
#7938000
0'
#7939800
b11010100 E
1'
#7941600
0'
#7943400
b11010101 E
1'
#7945200
0'
#7947000
b11010110 E
1'
#7948800
0'
#7950600
b11010111 E
1'
#7952400
0'
#7954200
b11011000 E
1'
#7956000
0'
#7957800
b11011001 E
1'
#7959600
0'
#7961400
b11011010 E
1'
#7963200
0'
#7965000
b11011011 E
1'
#7966800
0'
#7968600
b11011100 E
1'
#7970400
0'
#7972200
b11011101 E
1'
#7974000
0'
#7975800
b11011110 E
1'
#7977600
0'
#7979400
b11011111 E
1'
#7981200
0'
#7983000
b11100000 E
1'
#7984800
0'
#7986600
b11100001 E
1'
#7988400
0'
#7990200
b11100010 E
1'
#7992000
0'
#7993800
b11100011 E
1'
#7995600
0'
#7997400
b11100100 E
1'
#7999200
0'
#8001000
b11100101 E
1'
#8002800
0'
#8004600
b11100110 E
1'
#8006400
0'
#8008200
b11100111 E
1'
#8010000
0'
#8011800
b11101000 E
1'
#8013600
0'
#8015400
b11101001 E
1'
#8017200
0'
#8019000
b100 J
b0 E
1:
1G
1'
#8020800
0'
#8022600
0:
0G
b0 J
b1 T
b11111111 V
19
1U
1'
#8024400
0'
#8026200
b1 S
0!
1'
#8028000
0'
#8029800
b10 S
06
1'
#8031600
0'
#8033400
05
b11 S
1'
#8035200
0'
#8037000
b100 S
b1 7
1'
#8038800
0'
#8040600
b1 2
b101 S
1'
#8042400
0'
#8044200
b110 S
b10 2
1'
#8046000
0'
#8047800
b11 2
b111 S
1'
#8049600
0'
#8051400
b1000 S
b100 2
1'
#8053200
0'
#8055000
b101 2
b1001 S
1'
#8056800
0'
#8058600
b1010 S
b110 2
1'
#8060400
0'
#8062200
b111 2
b1011 S
1'
#8064000
0'
#8065800
b1100 S
b1000 2
1'
#8067600
0'
#8069400
b1001 2
b1101 S
1'
#8071200
0'
#8073000
b1110 S
b1010 2
1'
#8074800
0'
#8076600
b1011 2
b1111 S
1'
#8078400
0'
#8080200
b10000 S
b1100 2
1'
#8082000
0'
#8083800
b1101 2
b10001 S
1'
#8085600
0'
#8087400
b10010 S
b1110 2
1'
#8089200
0'
#8091000
b1111 2
b10011 S
1'
#8092800
0'
#8094600
b10100 S
b10000 2
1'
#8096400
0'
#8098200
b10001 2
b10101 S
1'
#8100000
0'
#8101800
b10110 S
b10010 2
1'
#8103600
0'
#8105400
b10011 2
b10111 S
1'
#8107200
0'
#8109000
b11000 S
b10100 2
1'
#8110800
0'
#8112600
b10101 2
b11001 S
1'
#8114400
0'
#8116200
b11010 S
b10110 2
1'
#8118000
0'
#8119800
b10111 2
b11011 S
1'
#8121600
0'
#8123400
b11100 S
b11000 2
1'
#8125200
0'
#8127000
b11001 2
b11101 S
1'
#8128800
0'
#8130600
b11110 S
b11010 2
1'
#8132400
0'
#8134200
b11011 2
b11111 S
1'
#8136000
0'
#8137800
b100000 S
b11100 2
1'
#8139600
0'
#8141400
b11101 2
b100001 S
1'
#8143200
0'
#8145000
b100010 S
b11110 2
1'
#8146800
0'
#8148600
b11111 2
b100011 S
1'
#8150400
0'
#8152200
b100100 S
b100000 2
1'
#8154000
0'
#8155800
b100001 2
b100101 S
1'
#8157600
0'
#8159400
b100110 S
b100010 2
1'
#8161200
0'
#8163000
b100011 2
b100111 S
1'
#8164800
0'
#8166600
b101000 S
b100100 2
1'
#8168400
0'
#8170200
b100101 2
b101001 S
1'
#8172000
0'
#8173800
b101010 S
b100110 2
1'
#8175600
0'
#8177400
b100111 2
b101011 S
1'
#8179200
0'
#8181000
b101100 S
b101000 2
1'
#8182800
0'
#8184600
b101001 2
b101101 S
1'
#8186400
0'
#8188200
b101110 S
b101010 2
1'
#8190000
0'
#8191800
b101011 2
b101111 S
1'
#8193600
0'
#8195400
b110000 S
b101100 2
1'
#8197200
0'
#8199000
b101101 2
b110001 S
1'
#8200800
0'
#8202600
b110010 S
b101110 2
1'
#8204400
0'
#8206200
b101111 2
b110011 S
1'
#8208000
0'
#8209800
b110100 S
b110000 2
1'
#8211600
0'
#8213400
b110001 2
b110101 S
1'
#8215200
0'
#8217000
b110110 S
b110010 2
1'
#8218800
0'
#8220600
b110011 2
b110111 S
1'
#8222400
0'
#8224200
b111000 S
b110100 2
1'
#8226000
0'
#8227800
b110101 2
b111001 S
1'
#8229600
0'
#8231400
b111010 S
b110110 2
1'
#8233200
0'
#8235000
b110111 2
b111011 S
1'
#8236800
0'
#8238600
b111100 S
b111000 2
1'
#8240400
0'
#8242200
b111001 2
b111101 S
1'
#8244000
0'
#8245800
b111110 S
b111010 2
1'
#8247600
0'
#8249400
b111011 2
b111111 S
1'
#8251200
0'
#8253000
b1000000 S
b111100 2
1'
#8254800
0'
#8256600
b111101 2
b1000001 S
1'
#8258400
0'
#8260200
b1000010 S
b111110 2
1'
#8262000
0'
#8263800
b111111 2
b1000011 S
1'
#8265600
0'
#8267400
b1000100 S
b1000000 2
1'
#8269200
0'
#8271000
b1000001 2
b1000101 S
1'
#8272800
0'
#8274600
b1000110 S
b1000010 2
1'
#8276400
0'
#8278200
b1000011 2
b1000111 S
1'
#8280000
0'
#8281800
b1001000 S
b1000100 2
1'
#8283600
0'
#8285400
b1000101 2
b1001001 S
1'
#8287200
0'
#8289000
b1001010 S
b1000110 2
1'
#8290800
0'
#8292600
b1000111 2
b1001011 S
1'
#8294400
0'
#8296200
b1001100 S
b1001000 2
1'
#8298000
0'
#8299800
b1001001 2
b1001101 S
1'
#8301600
0'
#8303400
b1001110 S
b1001010 2
1'
#8305200
0'
#8307000
b1001011 2
b1001111 S
1'
#8308800
0'
#8310600
b1010000 S
b1001100 2
1'
#8312400
0'
#8314200
b1001101 2
b1010001 S
1'
#8316000
0'
#8317800
b1010010 S
b1001110 2
1'
#8319600
0'
#8321400
b1001111 2
b1010011 S
1'
#8323200
0'
#8325000
b1010100 S
b1010000 2
1'
#8326800
0'
#8328600
b1010001 2
b1010101 S
1'
#8330400
0'
#8332200
b1010110 S
b1010010 2
1'
#8334000
0'
#8335800
b1010011 2
b1010111 S
1'
#8337600
0'
#8339400
b1011000 S
b1010100 2
1'
#8341200
0'
#8343000
b1010101 2
b1011001 S
1'
#8344800
0'
#8346600
b1011010 S
b1010110 2
1'
#8348400
0'
#8350200
b1010111 2
b1011011 S
1'
#8352000
0'
#8353800
b1011100 S
b1011000 2
1'
#8355600
0'
#8357400
b1011001 2
b1011101 S
1'
#8359200
0'
#8361000
b1011110 S
b1011010 2
1'
#8362800
0'
#8364600
b1011011 2
b1011111 S
1'
#8366400
0'
#8368200
b1100000 S
b1011100 2
1'
#8370000
0'
#8371800
b1011101 2
b1100001 S
1'
#8373600
0'
#8375400
b1100010 S
b1011110 2
1'
#8377200
0'
#8379000
b1011111 2
b1100011 S
1'
#8380800
0'
#8382600
b1100100 S
b1100000 2
1'
#8384400
0'
#8386200
b1100001 2
b1100101 S
1'
#8388000
0'
#8389800
b1100110 S
b1100010 2
1'
#8391600
0'
#8393400
b1100011 2
b1100111 S
1'
#8395200
0'
#8397000
b1101000 S
b1100100 2
1'
#8398800
0'
#8400600
b1100101 2
b1101001 S
1'
#8402400
0'
#8404200
b1101010 S
b1100110 2
1'
#8406000
0'
#8407800
b1100111 2
b1101011 S
1'
#8409600
0'
#8411400
b1101100 S
b1101000 2
1'
#8413200
0'
#8415000
b1101001 2
b1101101 S
1'
#8416800
0'
#8418600
b1101110 S
b1101010 2
1'
#8420400
0'
#8422200
b1101011 2
b1101111 S
1'
#8424000
0'
#8425800
b1110000 S
b1101100 2
1'
#8427600
0'
#8429400
b1101101 2
b1110001 S
1'
#8431200
0'
#8433000
b1110010 S
b1101110 2
1'
#8434800
0'
#8436600
b1101111 2
b1110011 S
1'
#8438400
0'
#8440200
b1110100 S
b1110000 2
1'
#8442000
0'
#8443800
b1110001 2
b1110101 S
1'
#8445600
0'
#8447400
b1110110 S
b1110010 2
1'
#8449200
0'
#8451000
b1110011 2
b1110111 S
1'
#8452800
0'
#8454600
b1111000 S
b1110100 2
1'
#8456400
0'
#8458200
b10 7
b0 2
b1111001 S
1'
#8460000
0'
#8461800
b1111010 S
b1 2
1'
#8463600
0'
#8465400
b10 2
b1111011 S
1'
#8467200
0'
#8469000
b1111100 S
b11 2
1'
#8470800
0'
#8472600
b100 2
b1111101 S
1'
#8474400
0'
#8476200
b1111110 S
b101 2
1'
#8478000
0'
#8479800
b110 2
b1111111 S
1'
#8481600
0'
#8483400
b10000000 S
b111 2
1'
#8485200
0'
#8487000
b1000 2
b10000001 S
1'
#8488800
0'
#8490600
b10000010 S
b1001 2
1'
#8492400
0'
#8494200
b1010 2
b10000011 S
1'
#8496000
0'
#8497800
b10000100 S
b1011 2
1'
#8499600
0'
#8501400
b1100 2
b10000101 S
1'
#8503200
0'
#8505000
b10000110 S
b1101 2
1'
#8506800
0'
#8508600
b1110 2
b10000111 S
1'
#8510400
0'
#8512200
b10001000 S
b1111 2
1'
#8514000
0'
#8515800
b10000 2
b10001001 S
1'
#8517600
0'
#8519400
b10001010 S
b10001 2
1'
#8521200
0'
#8523000
b10010 2
b10001011 S
1'
#8524800
0'
#8526600
b10001100 S
b10011 2
1'
#8528400
0'
#8530200
b10100 2
b10001101 S
1'
#8532000
0'
#8533800
b10001110 S
b10101 2
1'
#8535600
0'
#8537400
b10110 2
b10001111 S
1'
#8539200
0'
#8541000
b10010000 S
b10111 2
1'
#8542800
0'
#8544600
b11000 2
b10010001 S
1'
#8546400
0'
#8548200
b10010010 S
b11001 2
1'
#8550000
0'
#8551800
b11010 2
b10010011 S
1'
#8553600
0'
#8555400
b10010100 S
b11011 2
1'
#8557200
0'
#8559000
b11100 2
b10010101 S
1'
#8560800
0'
#8562600
b10010110 S
b11101 2
1'
#8564400
0'
#8566200
b11110 2
b10010111 S
1'
#8568000
0'
#8569800
b10011000 S
b11111 2
1'
#8571600
0'
#8573400
b100000 2
b10011001 S
1'
#8575200
0'
#8577000
b10011010 S
b100001 2
1'
#8578800
0'
#8580600
b100010 2
b10011011 S
1'
#8582400
0'
#8584200
b10011100 S
b100011 2
1'
#8586000
0'
#8587800
b100100 2
b10011101 S
1'
#8589600
0'
#8591400
b10011110 S
b100101 2
1'
#8593200
0'
#8595000
b100110 2
b10011111 S
1'
#8596800
0'
#8598600
b10100000 S
b100111 2
1'
#8600400
0'
#8602200
b101000 2
b10100001 S
1'
#8604000
0'
#8605800
b10100010 S
b101001 2
1'
#8607600
0'
#8609400
b101010 2
b10100011 S
1'
#8611200
0'
#8613000
b10100100 S
b101011 2
1'
#8614800
0'
#8616600
b101100 2
b10100101 S
1'
#8618400
0'
#8620200
b10100110 S
b101101 2
1'
#8622000
0'
#8623800
b101110 2
b10100111 S
1'
#8625600
0'
#8627400
b10101000 S
b101111 2
1'
#8629200
0'
#8631000
b110000 2
b10101001 S
1'
#8632800
0'
#8634600
b10101010 S
b110001 2
1'
#8636400
0'
#8638200
b110010 2
b10101011 S
1'
#8640000
0'
#8641800
b10101100 S
b110011 2
1'
#8643600
0'
#8645400
b110100 2
b10101101 S
1'
#8647200
0'
#8649000
b10101110 S
b110101 2
1'
#8650800
0'
#8652600
b110110 2
b10101111 S
1'
#8654400
0'
#8656200
b10110000 S
b110111 2
1'
#8658000
0'
#8659800
b111000 2
b10110001 S
1'
#8661600
0'
#8663400
b10110010 S
b111001 2
1'
#8665200
0'
#8667000
b111010 2
b10110011 S
1'
#8668800
0'
#8670600
b10110100 S
b111011 2
1'
#8672400
0'
#8674200
b111100 2
b10110101 S
1'
#8676000
0'
#8677800
b10110110 S
b111101 2
1'
#8679600
0'
#8681400
b111110 2
b10110111 S
1'
#8683200
0'
#8685000
b10111000 S
b111111 2
1'
#8686800
0'
#8688600
b1000000 2
b10111001 S
1'
#8690400
0'
#8692200
b10111010 S
b1000001 2
1'
#8694000
0'
#8695800
b1000010 2
b10111011 S
1'
#8697600
0'
#8699400
b10111100 S
b1000011 2
1'
#8701200
0'
#8703000
b1000100 2
b10111101 S
1'
#8704800
0'
#8706600
b10111110 S
b1000101 2
1'
#8708400
0'
#8710200
b1000110 2
b10111111 S
1'
#8712000
0'
#8713800
b11000000 S
b1000111 2
1'
#8715600
0'
#8717400
b1001000 2
b11000001 S
1'
#8719200
0'
#8721000
b11000010 S
b1001001 2
1'
#8722800
0'
#8724600
b1001010 2
b11000011 S
1'
#8726400
0'
#8728200
b11000100 S
b1001011 2
1'
#8730000
0'
#8731800
b1001100 2
b11000101 S
1'
#8733600
0'
#8735400
b11000110 S
b1001101 2
1'
#8737200
0'
#8739000
b1001110 2
b11000111 S
1'
#8740800
0'
#8742600
b11001000 S
b1001111 2
1'
#8744400
0'
#8746200
b1010000 2
b11001001 S
1'
#8748000
0'
#8749800
b11001010 S
b1010001 2
1'
#8751600
0'
#8753400
b1010010 2
b11001011 S
1'
#8755200
0'
#8757000
b11001100 S
b1010011 2
1'
#8758800
0'
#8760600
b1010100 2
b11001101 S
1'
#8762400
0'
#8764200
b11001110 S
b1010101 2
1'
#8766000
0'
#8767800
b1010110 2
b11001111 S
1'
#8769600
0'
#8771400
b11010000 S
b1010111 2
1'
#8773200
0'
#8775000
b1011000 2
b11010001 S
1'
#8776800
0'
#8778600
b11010010 S
b1011001 2
1'
#8780400
0'
#8782200
b1011010 2
b11010011 S
1'
#8784000
0'
#8785800
b11010100 S
b1011011 2
1'
#8787600
0'
#8789400
b1011100 2
b11010101 S
1'
#8791200
0'
#8793000
b11010110 S
b1011101 2
1'
#8794800
0'
#8796600
b1011110 2
b11010111 S
1'
#8798400
0'
#8800200
b11011000 S
b1011111 2
1'
#8802000
0'
#8803800
b1100000 2
b11011001 S
1'
#8805600
0'
#8807400
b11011010 S
b1100001 2
1'
#8809200
0'
#8811000
b1100010 2
b11011011 S
1'
#8812800
0'
#8814600
b11011100 S
b1100011 2
1'
#8816400
0'
#8818200
b1100100 2
b11011101 S
1'
#8820000
0'
#8821800
b11011110 S
b1100101 2
1'
#8823600
0'
#8825400
b1100110 2
b11011111 S
1'
#8827200
0'
#8829000
b11100000 S
b1100111 2
1'
#8830800
0'
#8832600
b1101000 2
b11100001 S
1'
#8834400
0'
#8836200
b11100010 S
b1101001 2
1'
#8838000
0'
#8839800
b1101010 2
b11100011 S
1'
#8841600
0'
#8843400
b11100100 S
b1101011 2
1'
#8845200
0'
#8847000
b1101100 2
b11100101 S
1'
#8848800
0'
#8850600
b11100110 S
b1101101 2
1'
#8852400
0'
#8854200
b1101110 2
b11100111 S
1'
#8856000
0'
#8857800
b11101000 S
b1101111 2
1'
#8859600
0'
#8861400
b1110000 2
b11101001 S
1'
#8863200
0'
#8865000
b10 T
b0 S
b1110001 2
1'
#8866800
0'
#8868600
b1110010 2
b1 S
1!
1'
#8870400
0'
#8872200
b10 S
16
b1110011 2
1'
#8874000
0'
#8875800
b1110100 2
15
b11 S
1'
#8877600
0'
#8879400
b100 S
b1110101 2
1'
#8881200
0'
#8883000
b1110110 2
b101 S
1'
#8884800
0'
#8886600
b110 S
b1110111 2
1'
#8888400
0'
#8890200
b1111000 2
b111 S
1'
#8892000
0'
#8893800
b1000 S
b1111001 2
1'
#8895600
0'
#8897400
b1111010 2
b1001 S
1'
#8899200
0'
#8901000
b1010 S
b1111011 2
1'
#8902800
0'
#8904600
b1111100 2
b1011 S
1'
#8906400
0'
#8908200
b1100 S
b1111101 2
1'
#8910000
0'
#8911800
b1111110 2
b1101 S
1'
#8913600
0'
#8915400
b1110 S
b1111111 2
1'
#8917200
0'
#8919000
b10000000 2
b1111 S
1'
#8920800
0'
#8922600
b10000 S
b10000001 2
1'
#8924400
0'
#8926200
b10000010 2
b10001 S
1'
#8928000
0'
#8929800
b10010 S
b10000011 2
1'
#8931600
0'
#8933400
b10000100 2
b10011 S
1'
#8935200
0'
#8937000
b10100 S
b10000101 2
1'
#8938800
0'
#8940600
b10000110 2
b10101 S
1'
#8942400
0'
#8944200
b10110 S
b10000111 2
1'
#8946000
0'
#8947800
b10001000 2
b10111 S
1'
#8949600
0'
#8951400
b11000 S
b10001001 2
1'
#8953200
0'
#8955000
b10001010 2
b11001 S
1'
#8956800
0'
#8958600
b11010 S
b10001011 2
1'
#8960400
0'
#8962200
b10001100 2
b11011 S
1'
#8964000
0'
#8965800
b11100 S
b10001101 2
1'
#8967600
0'
#8969400
b10001110 2
b11101 S
1'
#8971200
0'
#8973000
b11110 S
b10001111 2
1'
#8974800
0'
#8976600
b10010000 2
b11111 S
1'
#8978400
0'
#8980200
b100000 S
b10010001 2
1'
#8982000
0'
#8983800
b10010010 2
b100001 S
1'
#8985600
0'
#8987400
b100010 S
b10010011 2
1'
#8989200
0'
#8991000
b10010100 2
b100011 S
1'
#8992800
0'
#8994600
b100100 S
b10010101 2
1'
#8996400
0'
#8998200
b10010110 2
b100101 S
1'
#9000000
0'
#9001800
b100110 S
b10010111 2
1'
#9003600
0'
#9005400
b10011000 2
b100111 S
1'
#9007200
0'
#9009000
b101000 S
b10011001 2
1'
#9010800
0'
#9012600
b10011010 2
b101001 S
1'
#9014400
0'
#9016200
b101010 S
b10011011 2
1'
#9018000
0'
#9019800
b10011100 2
b101011 S
1'
#9021600
0'
#9023400
b101100 S
b10011101 2
1'
#9025200
0'
#9027000
b10011110 2
b101101 S
1'
#9028800
0'
#9030600
b101110 S
b10011111 2
1'
#9032400
0'
#9034200
b10100000 2
b101111 S
1'
#9036000
0'
#9037800
b110000 S
b10100001 2
1'
#9039600
0'
#9041400
b10100010 2
b110001 S
1'
#9043200
0'
#9045000
b110010 S
b10100011 2
1'
#9046800
0'
#9048600
b10100100 2
b110011 S
1'
#9050400
0'
#9052200
b110100 S
b10100101 2
1'
#9054000
0'
#9055800
b10100110 2
b110101 S
1'
#9057600
0'
#9059400
b110110 S
b10100111 2
1'
#9061200
0'
#9063000
b10101000 2
b110111 S
1'
#9064800
0'
#9066600
b111000 S
b10101001 2
1'
#9068400
0'
#9070200
b10101010 2
b111001 S
1'
#9072000
0'
#9073800
b111010 S
b10101011 2
1'
#9075600
0'
#9077400
b10101100 2
b111011 S
1'
#9079200
0'
#9081000
b111100 S
b10101101 2
1'
#9082800
0'
#9084600
b10101110 2
b111101 S
1'
#9086400
0'
#9088200
b111110 S
b10101111 2
1'
#9090000
0'
#9091800
b10110000 2
b111111 S
1'
#9093600
0'
#9095400
b1000000 S
b10110001 2
1'
#9097200
0'
#9099000
b10110010 2
b1000001 S
1'
#9100800
0'
#9102600
b1000010 S
b10110011 2
1'
#9104400
0'
#9106200
b10110100 2
b1000011 S
1'
#9108000
0'
#9109800
b1000100 S
b10110101 2
1'
#9111600
0'
#9113400
b10110110 2
b1000101 S
1'
#9115200
0'
#9117000
b1000110 S
b10110111 2
1'
#9118800
0'
#9120600
b10111000 2
b1000111 S
1'
#9122400
0'
#9124200
b1001000 S
b10111001 2
1'
#9126000
0'
#9127800
b10111010 2
b1001001 S
1'
#9129600
0'
#9131400
b1001010 S
b10111011 2
1'
#9133200
0'
#9135000
b10111100 2
b1001011 S
1'
#9136800
0'
#9138600
b1001100 S
b10111101 2
1'
#9140400
0'
#9142200
b10111110 2
b1001101 S
1'
#9144000
0'
#9145800
b1001110 S
b10111111 2
1'
#9147600
0'
#9149400
b11000000 2
b1001111 S
1'
#9151200
0'
#9153000
b1010000 S
b11000001 2
1'
#9154800
0'
#9156600
b11000010 2
b1010001 S
1'
#9158400
0'
#9160200
b1010010 S
b11000011 2
1'
#9162000
0'
#9163800
b11000100 2
b1010011 S
1'
#9165600
0'
#9167400
b1010100 S
b11000101 2
1'
#9169200
0'
#9171000
b11000110 2
b1010101 S
1'
#9172800
0'
#9174600
b1010110 S
b11000111 2
1'
#9176400
0'
#9178200
b11001000 2
b1010111 S
1'
#9180000
0'
#9181800
b1011000 S
b11001001 2
1'
#9183600
0'
#9185400
b11001010 2
b1011001 S
1'
#9187200
0'
#9189000
b1011010 S
b11001011 2
1'
#9190800
0'
#9192600
b11001100 2
b1011011 S
1'
#9194400
0'
#9196200
b1011100 S
b11001101 2
1'
#9198000
0'
#9199800
b11001110 2
b1011101 S
1'
#9201600
0'
#9203400
b1011110 S
b11001111 2
1'
#9205200
0'
#9207000
b11010000 2
b1011111 S
1'
#9208800
0'
#9210600
b1100000 S
b11010001 2
1'
#9212400
0'
#9214200
b11010010 2
b1100001 S
1'
#9216000
0'
#9217800
b1100010 S
b11010011 2
1'
#9219600
0'
#9221400
b11010100 2
b1100011 S
1'
#9223200
0'
#9225000
b1100100 S
b11010101 2
1'
#9226800
0'
#9228600
b11010110 2
b1100101 S
1'
#9230400
0'
#9232200
b1100110 S
b11010111 2
1'
#9234000
0'
#9235800
b11011000 2
b1100111 S
1'
#9237600
0'
#9239400
b1101000 S
b11011001 2
1'
#9241200
0'
#9243000
b11011010 2
b1101001 S
1'
#9244800
0'
#9246600
b1101010 S
b11011011 2
1'
#9248400
0'
#9250200
b11011100 2
b1101011 S
1'
#9252000
0'
#9253800
b1101100 S
b11011101 2
1'
#9255600
0'
#9257400
b11011110 2
b1101101 S
1'
#9259200
0'
#9261000
b1101110 S
b11011111 2
1'
#9262800
0'
#9264600
b11100000 2
b1101111 S
1'
#9266400
0'
#9268200
b1110000 S
b11100001 2
1'
#9270000
0'
#9271800
b11100010 2
b1110001 S
1'
#9273600
0'
#9275400
b1110010 S
b11100011 2
1'
#9277200
0'
#9279000
b11100100 2
b1110011 S
1'
#9280800
0'
#9282600
b1110100 S
b11100101 2
1'
#9284400
0'
#9286200
b11100110 2
b1110101 S
1'
#9288000
0'
#9289800
b1110110 S
b11100111 2
1'
#9291600
0'
#9293400
b11101000 2
b1110111 S
1'
#9295200
0'
#9297000
b1111000 S
b11101001 2
1'
#9298800
0'
#9300600
b1 1
b1 #
b1 *
b1 3
b0 2
b1111001 S
1'
#9302400
0'
#9304200
b1111010 S
b1 2
1'
#9306000
0'
#9307800
b10 2
b1111011 S
1'
#9309600
0'
#9311400
b1111100 S
b11 2
1'
#9313200
0'
#9315000
b100 2
b1111101 S
1'
#9316800
0'
#9318600
b1111110 S
b101 2
1'
#9320400
0'
#9322200
b110 2
b1111111 S
1'
#9324000
0'
#9325800
b10000000 S
b111 2
1'
#9327600
0'
#9329400
b1000 2
b10000001 S
1'
#9331200
0'
#9333000
b10000010 S
b1001 2
1'
#9334800
0'
#9336600
b1010 2
b10000011 S
1'
#9338400
0'
#9340200
b10000100 S
b1011 2
1'
#9342000
0'
#9343800
b1100 2
b10000101 S
1'
#9345600
0'
#9347400
b10000110 S
b1101 2
1'
#9349200
0'
#9351000
b1110 2
b10000111 S
1'
#9352800
0'
#9354600
b10001000 S
b1111 2
1'
#9356400
0'
#9358200
b10000 2
b10001001 S
1'
#9360000
0'
#9361800
b10001010 S
b10001 2
1'
#9363600
0'
#9365400
b10010 2
b10001011 S
1'
#9367200
0'
#9369000
b10001100 S
b10011 2
1'
#9370800
0'
#9372600
b10100 2
b10001101 S
1'
#9374400
0'
#9376200
b10001110 S
b10101 2
1'
#9378000
0'
#9379800
b10110 2
b10001111 S
1'
#9381600
0'
#9383400
b10010000 S
b10111 2
1'
#9385200
0'
#9387000
b11000 2
b10010001 S
1'
#9388800
0'
#9390600
b10010010 S
b11001 2
1'
#9392400
0'
#9394200
b11010 2
b10010011 S
1'
#9396000
0'
#9397800
b10010100 S
b11011 2
1'
#9399600
0'
#9401400
b11100 2
b10010101 S
1'
#9403200
0'
#9405000
b10010110 S
b11101 2
1'
#9406800
0'
#9408600
b11110 2
b10010111 S
1'
#9410400
0'
#9412200
b10011000 S
b11111 2
1'
#9414000
0'
#9415800
b100000 2
b10011001 S
1'
#9417600
0'
#9419400
b10011010 S
b100001 2
1'
#9421200
0'
#9423000
b100010 2
b10011011 S
1'
#9424800
0'
#9426600
b10011100 S
b100011 2
1'
#9428400
0'
#9430200
b100100 2
b10011101 S
1'
#9432000
0'
#9433800
b10011110 S
b100101 2
1'
#9435600
0'
#9437400
b100110 2
b10011111 S
1'
#9439200
0'
#9441000
b10100000 S
b100111 2
1'
#9442800
0'
#9444600
b101000 2
b10100001 S
1'
#9446400
0'
#9448200
b10100010 S
b101001 2
1'
#9450000
0'
#9451800
b101010 2
b10100011 S
1'
#9453600
0'
#9455400
b10100100 S
b101011 2
1'
#9457200
0'
#9459000
b101100 2
b10100101 S
1'
#9460800
0'
#9462600
b10100110 S
b101101 2
1'
#9464400
0'
#9466200
b101110 2
b10100111 S
1'
#9468000
0'
#9469800
b10101000 S
b101111 2
1'
#9471600
0'
#9473400
b110000 2
b10101001 S
1'
#9475200
0'
#9477000
b10101010 S
b110001 2
1'
#9478800
0'
#9480600
b110010 2
b10101011 S
1'
#9482400
0'
#9484200
b10101100 S
b110011 2
1'
#9486000
0'
#9487800
b110100 2
b10101101 S
1'
#9489600
0'
#9491400
b10101110 S
b110101 2
1'
#9493200
0'
#9495000
b110110 2
b10101111 S
1'
#9496800
0'
#9498600
b10110000 S
b110111 2
1'
#9500400
0'
#9502200
b111000 2
b10110001 S
1'
#9504000
0'
#9505800
b10110010 S
b111001 2
1'
#9507600
0'
#9509400
b111010 2
b10110011 S
1'
#9511200
0'
#9513000
b10110100 S
b111011 2
1'
#9514800
0'
#9516600
b111100 2
b10110101 S
1'
#9518400
0'
#9520200
b10110110 S
b111101 2
1'
#9522000
0'
#9523800
b111110 2
b10110111 S
1'
#9525600
0'
#9527400
b10111000 S
b111111 2
1'
#9529200
0'
#9531000
b1000000 2
b10111001 S
1'
#9532800
0'
#9534600
b10111010 S
b1000001 2
1'
#9536400
0'
#9538200
b1000010 2
b10111011 S
1'
#9540000
0'
#9541800
b10111100 S
b1000011 2
1'
#9543600
0'
#9545400
b1000100 2
b10111101 S
1'
#9547200
0'
#9549000
b10111110 S
b1000101 2
1'
#9550800
0'
#9552600
b1000110 2
b10111111 S
1'
#9554400
0'
#9556200
b11000000 S
b1000111 2
1'
#9558000
0'
#9559800
b1001000 2
b11000001 S
1'
#9561600
0'
#9563400
b11000010 S
b1001001 2
1'
#9565200
0'
#9567000
b1001010 2
b11000011 S
1'
#9568800
0'
#9570600
b11000100 S
b1001011 2
1'
#9572400
0'
#9574200
b1001100 2
b11000101 S
1'
#9576000
0'
#9577800
b11000110 S
b1001101 2
1'
#9579600
0'
#9581400
b1001110 2
b11000111 S
1'
#9583200
0'
#9585000
b11001000 S
b1001111 2
1'
#9586800
0'
#9588600
b1010000 2
b11001001 S
1'
#9590400
0'
#9592200
b11001010 S
b1010001 2
1'
#9594000
0'
#9595800
b1010010 2
b11001011 S
1'
#9597600
0'
#9599400
b11001100 S
b1010011 2
1'
#9601200
0'
#9603000
b1010100 2
b11001101 S
1'
#9604800
0'
#9606600
b11001110 S
b1010101 2
1'
#9608400
0'
#9610200
b1010110 2
b11001111 S
1'
#9612000
0'
#9613800
b11010000 S
b1010111 2
1'
#9615600
0'
#9617400
b1011000 2
b11010001 S
1'
#9619200
0'
#9621000
b11010010 S
b1011001 2
1'
#9622800
0'
#9624600
b1011010 2
b11010011 S
1'
#9626400
0'
#9628200
b11010100 S
b1011011 2
1'
#9630000
0'
#9631800
b1011100 2
b11010101 S
1'
#9633600
0'
#9635400
b11010110 S
b1011101 2
1'
#9637200
0'
#9639000
b1011110 2
b11010111 S
1'
#9640800
0'
#9642600
b11011000 S
b1011111 2
1'
#9644400
0'
#9646200
b1100000 2
b11011001 S
1'
#9648000
0'
#9649800
b11011010 S
b1100001 2
1'
#9651600
0'
#9653400
b1100010 2
b11011011 S
1'
#9655200
0'
#9657000
b11011100 S
b1100011 2
1'
#9658800
0'
#9660600
b1100100 2
b11011101 S
1'
#9662400
0'
#9664200
b11011110 S
b1100101 2
1'
#9666000
0'
#9667800
b1100110 2
b11011111 S
1'
#9669600
0'
#9671400
b11100000 S
b1100111 2
1'
#9673200
0'
#9675000
b1101000 2
b11100001 S
1'
#9676800
0'
#9678600
b11100010 S
b1101001 2
1'
#9680400
0'
#9682200
b1101010 2
b11100011 S
1'
#9684000
0'
#9685800
b11100100 S
b1101011 2
1'
#9687600
0'
#9689400
b1101100 2
b11100101 S
1'
#9691200
0'
#9693000
b11100110 S
b1101101 2
1'
#9694800
0'
#9696600
b1101110 2
b11100111 S
1'
#9698400
0'
#9700200
b11101000 S
b1101111 2
1'
#9702000
0'
#9703800
b1110000 2
b11101001 S
1'
#9705600
0'
#9707400
b1 R
b0 S
b1110001 2
1'
#9709200
0'
#9711000
b1110010 2
b1 S
1'
#9712800
0'
#9714600
b10 S
b1110011 2
1'
#9716400
0'
#9718200
b1110100 2
b11 S
1'
#9720000
0'
#9721800
b100 S
b1110101 2
1'
#9723600
0'
#9725400
b1110110 2
b101 S
1'
#9727200
0'
#9729000
b110 S
b1110111 2
1'
#9730800
0'
#9732600
b1111000 2
b111 S
1'
#9734400
0'
#9736200
b1000 S
b1111001 2
1'
#9738000
0'
#9739800
b1111010 2
b1001 S
1'
#9741600
0'
#9743400
b1010 S
b1111011 2
1'
#9745200
0'
#9747000
b1111100 2
b1011 S
1'
#9748800
0'
#9750600
b1100 S
b1111101 2
1'
#9752400
0'
#9754200
b1111110 2
b1101 S
1'
#9756000
0'
#9757800
b1110 S
b1111111 2
1'
#9759600
0'
#9761400
b10000000 2
b1111 S
1'
#9763200
0'
#9765000
b10000 S
b10000001 2
1'
#9766800
0'
#9768600
b10000010 2
b10001 S
1'
#9770400
0'
#9772200
b10010 S
b10000011 2
1'
#9774000
0'
#9775800
b10000100 2
b10011 S
1'
#9777600
0'
#9779400
b10100 S
b10000101 2
1'
#9781200
0'
#9783000
b10000110 2
b10101 S
1'
#9784800
0'
#9786600
b10110 S
b10000111 2
1'
#9788400
0'
#9790200
b10001000 2
b10111 S
1'
#9792000
0'
#9793800
b11000 S
b10001001 2
1'
#9795600
0'
#9797400
b10001010 2
b11001 S
1'
#9799200
0'
#9801000
b11010 S
b10001011 2
1'
#9802800
0'
#9804600
b10001100 2
b11011 S
1'
#9806400
0'
#9808200
b11100 S
b10001101 2
1'
#9810000
0'
#9811800
b10001110 2
b11101 S
1'
#9813600
0'
#9815400
b11110 S
b10001111 2
1'
#9817200
0'
#9819000
b10010000 2
b11111 S
1'
#9820800
0'
#9822600
b100000 S
b10010001 2
1'
#9824400
0'
#9826200
b10010010 2
b100001 S
1'
#9828000
0'
#9829800
b100010 S
b10010011 2
1'
#9831600
0'
#9833400
b10010100 2
b100011 S
1'
#9835200
0'
#9837000
b100100 S
b10010101 2
1'
#9838800
0'
#9840600
b10010110 2
b100101 S
1'
#9842400
0'
#9844200
b100110 S
b10010111 2
1'
#9846000
0'
#9847800
b10011000 2
b100111 S
1'
#9849600
0'
#9851400
b101000 S
b10011001 2
1'
#9853200
0'
#9855000
b10011010 2
b101001 S
1'
#9856800
0'
#9858600
b101010 S
b10011011 2
1'
#9860400
0'
#9862200
b10011100 2
b101011 S
1'
#9864000
0'
#9865800
b101100 S
b10011101 2
1'
#9867600
0'
#9869400
b10011110 2
b101101 S
1'
#9871200
0'
#9873000
b101110 S
b10011111 2
1'
#9874800
0'
#9876600
b10100000 2
b101111 S
1'
#9878400
0'
#9880200
b110000 S
b10100001 2
1'
#9882000
0'
#9883800
b10100010 2
b110001 S
1'
#9885600
0'
#9887400
b110010 S
b10100011 2
1'
#9889200
0'
#9891000
b10100100 2
b110011 S
1'
#9892800
0'
#9894600
b110100 S
b10100101 2
1'
#9896400
0'
#9898200
b10100110 2
b110101 S
1'
#9900000
0'
#9901800
b110110 S
b10100111 2
1'
#9903600
0'
#9905400
b10101000 2
b110111 S
1'
#9907200
0'
#9909000
b111000 S
b10101001 2
1'
#9910800
0'
#9912600
b10101010 2
b111001 S
1'
#9914400
0'
#9916200
b111010 S
b10101011 2
1'
#9918000
0'
#9919800
b10101100 2
b111011 S
1'
#9921600
0'
#9923400
b111100 S
b10101101 2
1'
#9925200
0'
#9927000
b10101110 2
b111101 S
1'
#9928800
0'
#9930600
b111110 S
b10101111 2
1'
#9932400
0'
#9934200
b10110000 2
b111111 S
1'
#9936000
0'
#9937800
b1000000 S
b10110001 2
1'
#9939600
0'
#9941400
b10110010 2
b1000001 S
1'
#9943200
0'
#9945000
b1000010 S
b10110011 2
1'
#9946800
0'
#9948600
b10110100 2
b1000011 S
1'
#9950400
0'
#9952200
b1000100 S
b10110101 2
1'
#9954000
0'
#9955800
b10110110 2
b1000101 S
1'
#9957600
0'
#9959400
b1000110 S
b10110111 2
1'
#9961200
0'
#9963000
b10111000 2
b1000111 S
1'
#9964800
0'
#9966600
b1001000 S
b10111001 2
1'
#9968400
0'
#9970200
b10111010 2
b1001001 S
1'
#9972000
0'
#9973800
b1001010 S
b10111011 2
1'
#9975600
0'
#9977400
b10111100 2
b1001011 S
1'
#9979200
0'
#9981000
b1001100 S
b10111101 2
1'
#9982800
0'
#9984600
b10111110 2
b1001101 S
1'
#9986400
0'
#9988200
b1001110 S
b10111111 2
1'
#9990000
0'
#9991800
b11000000 2
b1001111 S
1'
#9993600
0'
#9995400
b1010000 S
b11000001 2
1'
#9997200
0'
#9999000
b11000010 2
b1010001 S
1'
#10000800
0'
#10002600
b1010010 S
b11000011 2
1'
#10004400
0'
#10006200
b11000100 2
b1010011 S
1'
#10008000
0'
#10009800
b1010100 S
b11000101 2
1'
#10011600
0'
#10013400
b11000110 2
b1010101 S
1'
#10015200
0'
#10017000
b1010110 S
b11000111 2
1'
#10018800
0'
#10020600
b11001000 2
b1010111 S
1'
#10022400
0'
#10024200
b1011000 S
b11001001 2
1'
#10026000
0'
#10027800
b11001010 2
b1011001 S
1'
#10029600
0'
#10031400
b1011010 S
b11001011 2
1'
#10033200
0'
#10035000
b11001100 2
b1011011 S
1'
#10036800
0'
#10038600
b1011100 S
b11001101 2
1'
#10040400
0'
#10042200
b11001110 2
b1011101 S
1'
#10044000
0'
#10045800
b1011110 S
b11001111 2
1'
#10047600
0'
#10049400
b11010000 2
b1011111 S
1'
#10051200
0'
#10053000
b1100000 S
b11010001 2
1'
#10054800
0'
#10056600
b11010010 2
b1100001 S
1'
#10058400
0'
#10060200
b1100010 S
b11010011 2
1'
#10062000
0'
#10063800
b11010100 2
b1100011 S
1'
#10065600
0'
#10067400
b1100100 S
b11010101 2
1'
#10069200
0'
#10071000
b11010110 2
b1100101 S
1'
#10072800
0'
#10074600
b1100110 S
b11010111 2
1'
#10076400
0'
#10078200
b11011000 2
b1100111 S
1'
#10080000
0'
#10081800
b1101000 S
b11011001 2
1'
#10083600
0'
#10085400
b11011010 2
b1101001 S
1'
#10087200
0'
#10089000
b1101010 S
b11011011 2
1'
#10090800
0'
#10092600
b11011100 2
b1101011 S
1'
#10094400
0'
#10096200
b1101100 S
b11011101 2
1'
#10098000
0'
#10099800
b11011110 2
b1101101 S
1'
#10101600
0'
#10103400
b1101110 S
b11011111 2
1'
#10105200
0'
#10107000
b11100000 2
b1101111 S
1'
#10108800
0'
#10110600
b1110000 S
b11100001 2
1'
#10112400
0'
#10114200
b11100010 2
b1110001 S
1'
#10116000
0'
#10117800
b1110010 S
b11100011 2
1'
#10119600
0'
#10121400
b11100100 2
b1110011 S
1'
#10123200
0'
#10125000
b1110100 S
b11100101 2
1'
#10126800
0'
#10128600
b11100110 2
b1110101 S
1'
#10130400
0'
#10132200
b1110110 S
b11100111 2
1'
#10134000
0'
#10135800
b11101000 2
b1110111 S
1'
#10137600
0'
#10139400
b1111000 S
b11101001 2
1'
#10141200
0'
#10143000
b10 1
b11 #
b11 *
b11 3
b0 2
b1111001 S
1'
#10144800
0'
#10146600
b1111010 S
b1 2
1'
#10148400
0'
#10150200
b10 2
b1111011 S
1'
#10152000
0'
#10153800
b1111100 S
b11 2
1'
#10155600
0'
#10157400
b100 2
b1111101 S
1'
#10159200
0'
#10161000
b1111110 S
b101 2
1'
#10162800
0'
#10164600
b110 2
b1111111 S
1'
#10166400
0'
#10168200
b10000000 S
b111 2
1'
#10170000
0'
#10171800
b1000 2
b10000001 S
1'
#10173600
0'
#10175400
b10000010 S
b1001 2
1'
#10177200
0'
#10179000
b1010 2
b10000011 S
1'
#10180800
0'
#10182600
b10000100 S
b1011 2
1'
#10184400
0'
#10186200
b1100 2
b10000101 S
1'
#10188000
0'
#10189800
b10000110 S
b1101 2
1'
#10191600
0'
#10193400
b1110 2
b10000111 S
1'
#10195200
0'
#10197000
b10001000 S
b1111 2
1'
#10198800
0'
#10200600
b10000 2
b10001001 S
1'
#10202400
0'
#10204200
b10001010 S
b10001 2
1'
#10206000
0'
#10207800
b10010 2
b10001011 S
1'
#10209600
0'
#10211400
b10001100 S
b10011 2
1'
#10213200
0'
#10215000
b10100 2
b10001101 S
1'
#10216800
0'
#10218600
b10001110 S
b10101 2
1'
#10220400
0'
#10222200
b10110 2
b10001111 S
1'
#10224000
0'
#10225800
b10010000 S
b10111 2
1'
#10227600
0'
#10229400
b11000 2
b10010001 S
1'
#10231200
0'
#10233000
b10010010 S
b11001 2
1'
#10234800
0'
#10236600
b11010 2
b10010011 S
1'
#10238400
0'
#10240200
b10010100 S
b11011 2
1'
#10242000
0'
#10243800
b11100 2
b10010101 S
1'
#10245600
0'
#10247400
b10010110 S
b11101 2
1'
#10249200
0'
#10251000
b11110 2
b10010111 S
1'
#10252800
0'
#10254600
b10011000 S
b11111 2
1'
#10256400
0'
#10258200
b100000 2
b10011001 S
1'
#10260000
0'
#10261800
b10011010 S
b100001 2
1'
#10263600
0'
#10265400
b100010 2
b10011011 S
1'
#10267200
0'
#10269000
b10011100 S
b100011 2
1'
#10270800
0'
#10272600
b100100 2
b10011101 S
1'
#10274400
0'
#10276200
b10011110 S
b100101 2
1'
#10278000
0'
#10279800
b100110 2
b10011111 S
1'
#10281600
0'
#10283400
b10100000 S
b100111 2
1'
#10285200
0'
#10287000
b101000 2
b10100001 S
1'
#10288800
0'
#10290600
b10100010 S
b101001 2
1'
#10292400
0'
#10294200
b101010 2
b10100011 S
1'
#10296000
0'
#10297800
b10100100 S
b101011 2
1'
#10299600
0'
#10301400
b101100 2
b10100101 S
1'
#10303200
0'
#10305000
b10100110 S
b101101 2
1'
#10306800
0'
#10308600
b101110 2
b10100111 S
1'
#10310400
0'
#10312200
b10101000 S
b101111 2
1'
#10314000
0'
#10315800
b110000 2
b10101001 S
1'
#10317600
0'
#10319400
b10101010 S
b110001 2
1'
#10321200
0'
#10323000
b110010 2
b10101011 S
1'
#10324800
0'
#10326600
b10101100 S
b110011 2
1'
#10328400
0'
#10330200
b110100 2
b10101101 S
1'
#10332000
0'
#10333800
b10101110 S
b110101 2
1'
#10335600
0'
#10337400
b110110 2
b10101111 S
1'
#10339200
0'
#10341000
b10110000 S
b110111 2
1'
#10342800
0'
#10344600
b111000 2
b10110001 S
1'
#10346400
0'
#10348200
b10110010 S
b111001 2
1'
#10350000
0'
#10351800
b111010 2
b10110011 S
1'
#10353600
0'
#10355400
b10110100 S
b111011 2
1'
#10357200
0'
#10359000
b111100 2
b10110101 S
1'
#10360800
0'
#10362600
b10110110 S
b111101 2
1'
#10364400
0'
#10366200
b111110 2
b10110111 S
1'
#10368000
0'
#10369800
b10111000 S
b111111 2
1'
#10371600
0'
#10373400
b1000000 2
b10111001 S
1'
#10375200
0'
#10377000
b10111010 S
b1000001 2
1'
#10378800
0'
#10380600
b1000010 2
b10111011 S
1'
#10382400
0'
#10384200
b10111100 S
b1000011 2
1'
#10386000
0'
#10387800
b1000100 2
b10111101 S
1'
#10389600
0'
#10391400
b10111110 S
b1000101 2
1'
#10393200
0'
#10395000
b1000110 2
b10111111 S
1'
#10396800
0'
#10398600
b11000000 S
b1000111 2
1'
#10400400
0'
#10402200
b1001000 2
b11000001 S
1'
#10404000
0'
#10405800
b11000010 S
b1001001 2
1'
#10407600
0'
#10409400
b1001010 2
b11000011 S
1'
#10411200
0'
#10413000
b11000100 S
b1001011 2
1'
#10414800
0'
#10416600
b1001100 2
b11000101 S
1'
#10418400
0'
#10420200
b11000110 S
b1001101 2
1'
#10422000
0'
#10423800
b1001110 2
b11000111 S
1'
#10425600
0'
#10427400
b11001000 S
b1001111 2
1'
#10429200
0'
#10431000
b1010000 2
b11001001 S
1'
#10432800
0'
#10434600
b11001010 S
b1010001 2
1'
#10436400
0'
#10438200
b1010010 2
b11001011 S
1'
#10440000
0'
#10441800
b11001100 S
b1010011 2
1'
#10443600
0'
#10445400
b1010100 2
b11001101 S
1'
#10447200
0'
#10449000
b11001110 S
b1010101 2
1'
#10450800
0'
#10452600
b1010110 2
b11001111 S
1'
#10454400
0'
#10456200
b11010000 S
b1010111 2
1'
#10458000
0'
#10459800
b1011000 2
b11010001 S
1'
#10461600
0'
#10463400
b11010010 S
b1011001 2
1'
#10465200
0'
#10467000
b1011010 2
b11010011 S
1'
#10468800
0'
#10470600
b11010100 S
b1011011 2
1'
#10472400
0'
#10474200
b1011100 2
b11010101 S
1'
#10476000
0'
#10477800
b11010110 S
b1011101 2
1'
#10479600
0'
#10481400
b1011110 2
b11010111 S
1'
#10483200
0'
#10485000
b11011000 S
b1011111 2
1'
#10486800
0'
#10488600
b1100000 2
b11011001 S
1'
#10490400
0'
#10492200
b11011010 S
b1100001 2
1'
#10494000
0'
#10495800
b1100010 2
b11011011 S
1'
#10497600
0'
#10499400
b11011100 S
b1100011 2
1'
#10501200
0'
#10503000
b1100100 2
b11011101 S
1'
#10504800
0'
#10506600
b11011110 S
b1100101 2
1'
#10508400
0'
#10510200
b1100110 2
b11011111 S
1'
#10512000
0'
#10513800
b11100000 S
b1100111 2
1'
#10515600
0'
#10517400
b1101000 2
b11100001 S
1'
#10519200
0'
#10521000
b11100010 S
b1101001 2
1'
#10522800
0'
#10524600
b1101010 2
b11100011 S
1'
#10526400
0'
#10528200
b11100100 S
b1101011 2
1'
#10530000
0'
#10531800
b1101100 2
b11100101 S
1'
#10533600
0'
#10535400
b11100110 S
b1101101 2
1'
#10537200
0'
#10539000
b1101110 2
b11100111 S
1'
#10540800
0'
#10542600
b11101000 S
b1101111 2
1'
#10544400
0'
#10546200
b1110000 2
b11101001 S
1'
#10548000
0'
#10549800
b10 R
b0 S
b1110001 2
1'
#10551600
0'
#10553400
b1110010 2
b1 S
1'
#10555200
0'
#10557000
b10 S
b1110011 2
1'
#10558800
0'
#10560600
b1110100 2
b11 S
1'
#10562400
0'
#10564200
b100 S
b1110101 2
1'
#10566000
0'
#10567800
b1110110 2
b101 S
1'
#10569600
0'
#10571400
b110 S
b1110111 2
1'
#10573200
0'
#10575000
b1111000 2
b111 S
1'
#10576800
0'
#10578600
b1000 S
b1111001 2
1'
#10580400
0'
#10582200
b1111010 2
b1001 S
1'
#10584000
0'
#10585800
b1010 S
b1111011 2
1'
#10587600
0'
#10589400
b1111100 2
b1011 S
1'
#10591200
0'
#10593000
b1100 S
b1111101 2
1'
#10594800
0'
#10596600
b1111110 2
b1101 S
1'
#10598400
0'
#10600200
b1110 S
b1111111 2
1'
#10602000
0'
#10603800
b10000000 2
b1111 S
1'
#10605600
0'
#10607400
b10000 S
b10000001 2
1'
#10609200
0'
#10611000
b10000010 2
b10001 S
1'
#10612800
0'
#10614600
b10010 S
b10000011 2
1'
#10616400
0'
#10618200
b10000100 2
b10011 S
1'
#10620000
0'
#10621800
b10100 S
b10000101 2
1'
#10623600
0'
#10625400
b10000110 2
b10101 S
1'
#10627200
0'
#10629000
b10110 S
b10000111 2
1'
#10630800
0'
#10632600
b10001000 2
b10111 S
1'
#10634400
0'
#10636200
b11000 S
b10001001 2
1'
#10638000
0'
#10639800
b10001010 2
b11001 S
1'
#10641600
0'
#10643400
b11010 S
b10001011 2
1'
#10645200
0'
#10647000
b10001100 2
b11011 S
1'
#10648800
0'
#10650600
b11100 S
b10001101 2
1'
#10652400
0'
#10654200
b10001110 2
b11101 S
1'
#10656000
0'
#10657800
b11110 S
b10001111 2
1'
#10659600
0'
#10661400
b10010000 2
b11111 S
1'
#10663200
0'
#10665000
b100000 S
b10010001 2
1'
#10666800
0'
#10668600
b10010010 2
b100001 S
1'
#10670400
0'
#10672200
b100010 S
b10010011 2
1'
#10674000
0'
#10675800
b10010100 2
b100011 S
1'
#10677600
0'
#10679400
b100100 S
b10010101 2
1'
#10681200
0'
#10683000
b10010110 2
b100101 S
1'
#10684800
0'
#10686600
b100110 S
b10010111 2
1'
#10688400
0'
#10690200
b10011000 2
b100111 S
1'
#10692000
0'
#10693800
b101000 S
b10011001 2
1'
#10695600
0'
#10697400
b10011010 2
b101001 S
1'
#10699200
0'
#10701000
b101010 S
b10011011 2
1'
#10702800
0'
#10704600
b10011100 2
b101011 S
1'
#10706400
0'
#10708200
b101100 S
b10011101 2
1'
#10710000
0'
#10711800
b10011110 2
b101101 S
1'
#10713600
0'
#10715400
b101110 S
b10011111 2
1'
#10717200
0'
#10719000
b10100000 2
b101111 S
1'
#10720800
0'
#10722600
b110000 S
b10100001 2
1'
#10724400
0'
#10726200
b10100010 2
b110001 S
1'
#10728000
0'
#10729800
b110010 S
b10100011 2
1'
#10731600
0'
#10733400
b10100100 2
b110011 S
1'
#10735200
0'
#10737000
b110100 S
b10100101 2
1'
#10738800
0'
#10740600
b10100110 2
b110101 S
1'
#10742400
0'
#10744200
b110110 S
b10100111 2
1'
#10746000
0'
#10747800
b10101000 2
b110111 S
1'
#10749600
0'
#10751400
b111000 S
b10101001 2
1'
#10753200
0'
#10755000
b10101010 2
b111001 S
1'
#10756800
0'
#10758600
b111010 S
b10101011 2
1'
#10760400
0'
#10762200
b10101100 2
b111011 S
1'
#10764000
0'
#10765800
b111100 S
b10101101 2
1'
#10767600
0'
#10769400
b10101110 2
b111101 S
1'
#10771200
0'
#10773000
b111110 S
b10101111 2
1'
#10774800
0'
#10776600
b10110000 2
b111111 S
1'
#10778400
0'
#10780200
b1000000 S
b10110001 2
1'
#10782000
0'
#10783800
b10110010 2
b1000001 S
1'
#10785600
0'
#10787400
b1000010 S
b10110011 2
1'
#10789200
0'
#10791000
b10110100 2
b1000011 S
1'
#10792800
0'
#10794600
b1000100 S
b10110101 2
1'
#10796400
0'
#10798200
b10110110 2
b1000101 S
1'
#10800000
0'
#10801800
b1000110 S
b10110111 2
1'
#10803600
0'
#10805400
b10111000 2
b1000111 S
1'
#10807200
0'
#10809000
b1001000 S
b10111001 2
1'
#10810800
0'
#10812600
b10111010 2
b1001001 S
1'
#10814400
0'
#10816200
b1001010 S
b10111011 2
1'
#10818000
0'
#10819800
b10111100 2
b1001011 S
1'
#10821600
0'
#10823400
b1001100 S
b10111101 2
1'
#10825200
0'
#10827000
b10111110 2
b1001101 S
1'
#10828800
0'
#10830600
b1001110 S
b10111111 2
1'
#10832400
0'
#10834200
b11000000 2
b1001111 S
1'
#10836000
0'
#10837800
b1010000 S
b11000001 2
1'
#10839600
0'
#10841400
b11000010 2
b1010001 S
1'
#10843200
0'
#10845000
b1010010 S
b11000011 2
1'
#10846800
0'
#10848600
b11000100 2
b1010011 S
1'
#10850400
0'
#10852200
b1010100 S
b11000101 2
1'
#10854000
0'
#10855800
b11000110 2
b1010101 S
1'
#10857600
0'
#10859400
b1010110 S
b11000111 2
1'
#10861200
0'
#10863000
b11001000 2
b1010111 S
1'
#10864800
0'
#10866600
b1011000 S
b11001001 2
1'
#10868400
0'
#10870200
b11001010 2
b1011001 S
1'
#10872000
0'
#10873800
b1011010 S
b11001011 2
1'
#10875600
0'
#10877400
b11001100 2
b1011011 S
1'
#10879200
0'
#10881000
b1011100 S
b11001101 2
1'
#10882800
0'
#10884600
b11001110 2
b1011101 S
1'
#10886400
0'
#10888200
b1011110 S
b11001111 2
1'
#10890000
0'
#10891800
b11010000 2
b1011111 S
1'
#10893600
0'
#10895400
b1100000 S
b11010001 2
1'
#10897200
0'
#10899000
b11010010 2
b1100001 S
1'
#10900800
0'
#10902600
b1100010 S
b11010011 2
1'
#10904400
0'
#10906200
b11010100 2
b1100011 S
1'
#10908000
0'
#10909800
b1100100 S
b11010101 2
1'
#10911600
0'
#10913400
b11010110 2
b1100101 S
1'
#10915200
0'
#10917000
b1100110 S
b11010111 2
1'
#10918800
0'
#10920600
b11011000 2
b1100111 S
1'
#10922400
0'
#10924200
b1101000 S
b11011001 2
1'
#10926000
0'
#10927800
b11011010 2
b1101001 S
1'
#10929600
0'
#10931400
b1101010 S
b11011011 2
1'
#10933200
0'
#10935000
b11011100 2
b1101011 S
1'
#10936800
0'
#10938600
b1101100 S
b11011101 2
1'
#10940400
0'
#10942200
b11011110 2
b1101101 S
1'
#10944000
0'
#10945800
b1101110 S
b11011111 2
1'
#10947600
0'
#10949400
b11100000 2
b1101111 S
1'
#10951200
0'
#10953000
b1110000 S
b11100001 2
1'
#10954800
0'
#10956600
b11100010 2
b1110001 S
1'
#10958400
0'
#10960200
b1110010 S
b11100011 2
1'
#10962000
0'
#10963800
b11100100 2
b1110011 S
1'
#10965600
0'
#10967400
b1110100 S
b11100101 2
1'
#10969200
0'
#10971000
b11100110 2
b1110101 S
1'
#10972800
0'
#10974600
b1110110 S
b11100111 2
1'
#10976400
0'
#10978200
b11101000 2
b1110111 S
1'
#10980000
0'
#10981800
b1111000 S
b11101001 2
1'
#10983600
0'
#10985400
b11 1
b111 #
b111 *
b111 3
b0 2
b1111001 S
1'
#10987200
0'
#10989000
b1111010 S
b1 2
1'
#10990800
0'
#10992600
b10 2
b1111011 S
1'
#10994400
0'
#10996200
b1111100 S
b11 2
1'
#10998000
0'
#10999800
b100 2
b1111101 S
1'
#11001600
0'
#11003400
b1111110 S
b101 2
1'
#11005200
0'
#11007000
b110 2
b1111111 S
1'
#11008800
0'
#11010600
b10000000 S
b111 2
1'
#11012400
0'
#11014200
b1000 2
b10000001 S
1'
#11016000
0'
#11017800
b10000010 S
b1001 2
1'
#11019600
0'
#11021400
b1010 2
b10000011 S
1'
#11023200
0'
#11025000
b10000100 S
b1011 2
1'
#11026800
0'
#11028600
b1100 2
b10000101 S
1'
#11030400
0'
#11032200
b10000110 S
b1101 2
1'
#11034000
0'
#11035800
b1110 2
b10000111 S
1'
#11037600
0'
#11039400
b10001000 S
b1111 2
1'
#11041200
0'
#11043000
b10000 2
b10001001 S
1'
#11044800
0'
#11046600
b10001010 S
b10001 2
1'
#11048400
0'
#11050200
b10010 2
b10001011 S
1'
#11052000
0'
#11053800
b10001100 S
b10011 2
1'
#11055600
0'
#11057400
b10100 2
b10001101 S
1'
#11059200
0'
#11061000
b10001110 S
b10101 2
1'
#11062800
0'
#11064600
b10110 2
b10001111 S
1'
#11066400
0'
#11068200
b10010000 S
b10111 2
1'
#11070000
0'
#11071800
b11000 2
b10010001 S
1'
#11073600
0'
#11075400
b10010010 S
b11001 2
1'
#11077200
0'
#11079000
b11010 2
b10010011 S
1'
#11080800
0'
#11082600
b10010100 S
b11011 2
1'
#11084400
0'
#11086200
b11100 2
b10010101 S
1'
#11088000
0'
#11089800
b10010110 S
b11101 2
1'
#11091600
0'
#11093400
b11110 2
b10010111 S
1'
#11095200
0'
#11097000
b10011000 S
b11111 2
1'
#11098800
0'
#11100600
b100000 2
b10011001 S
1'
#11102400
0'
#11104200
b10011010 S
b100001 2
1'
#11106000
0'
#11107800
b100010 2
b10011011 S
1'
#11109600
0'
#11111400
b10011100 S
b100011 2
1'
#11113200
0'
#11115000
b100100 2
b10011101 S
1'
#11116800
0'
#11118600
b10011110 S
b100101 2
1'
#11120400
0'
#11122200
b100110 2
b10011111 S
1'
#11124000
0'
#11125800
b10100000 S
b100111 2
1'
#11127600
0'
#11129400
b101000 2
b10100001 S
1'
#11131200
0'
#11133000
b10100010 S
b101001 2
1'
#11134800
0'
#11136600
b101010 2
b10100011 S
1'
#11138400
0'
#11140200
b10100100 S
b101011 2
1'
#11142000
0'
#11143800
b101100 2
b10100101 S
1'
#11145600
0'
#11147400
b10100110 S
b101101 2
1'
#11149200
0'
#11151000
b101110 2
b10100111 S
1'
#11152800
0'
#11154600
b10101000 S
b101111 2
1'
#11156400
0'
#11158200
b110000 2
b10101001 S
1'
#11160000
0'
#11161800
b10101010 S
b110001 2
1'
#11163600
0'
#11165400
b110010 2
b10101011 S
1'
#11167200
0'
#11169000
b10101100 S
b110011 2
1'
#11170800
0'
#11172600
b110100 2
b10101101 S
1'
#11174400
0'
#11176200
b10101110 S
b110101 2
1'
#11178000
0'
#11179800
b110110 2
b10101111 S
1'
#11181600
0'
#11183400
b10110000 S
b110111 2
1'
#11185200
0'
#11187000
b111000 2
b10110001 S
1'
#11188800
0'
#11190600
b10110010 S
b111001 2
1'
#11192400
0'
#11194200
b111010 2
b10110011 S
1'
#11196000
0'
#11197800
b10110100 S
b111011 2
1'
#11199600
0'
#11201400
b111100 2
b10110101 S
1'
#11203200
0'
#11205000
b10110110 S
b111101 2
1'
#11206800
0'
#11208600
b111110 2
b10110111 S
1'
#11210400
0'
#11212200
b10111000 S
b111111 2
1'
#11214000
0'
#11215800
b1000000 2
b10111001 S
1'
#11217600
0'
#11219400
b10111010 S
b1000001 2
1'
#11221200
0'
#11223000
b1000010 2
b10111011 S
1'
#11224800
0'
#11226600
b10111100 S
b1000011 2
1'
#11228400
0'
#11230200
b1000100 2
b10111101 S
1'
#11232000
0'
#11233800
b10111110 S
b1000101 2
1'
#11235600
0'
#11237400
b1000110 2
b10111111 S
1'
#11239200
0'
#11241000
b11000000 S
b1000111 2
1'
#11242800
0'
#11244600
b1001000 2
b11000001 S
1'
#11246400
0'
#11248200
b11000010 S
b1001001 2
1'
#11250000
0'
#11251800
b1001010 2
b11000011 S
1'
#11253600
0'
#11255400
b11000100 S
b1001011 2
1'
#11257200
0'
#11259000
b1001100 2
b11000101 S
1'
#11260800
0'
#11262600
b11000110 S
b1001101 2
1'
#11264400
0'
#11266200
b1001110 2
b11000111 S
1'
#11268000
0'
#11269800
b11001000 S
b1001111 2
1'
#11271600
0'
#11273400
b1010000 2
b11001001 S
1'
#11275200
0'
#11277000
b11001010 S
b1010001 2
1'
#11278800
0'
#11280600
b1010010 2
b11001011 S
1'
#11282400
0'
#11284200
b11001100 S
b1010011 2
1'
#11286000
0'
#11287800
b1010100 2
b11001101 S
1'
#11289600
0'
#11291400
b11001110 S
b1010101 2
1'
#11293200
0'
#11295000
b1010110 2
b11001111 S
1'
#11296800
0'
#11298600
b11010000 S
b1010111 2
1'
#11300400
0'
#11302200
b1011000 2
b11010001 S
1'
#11304000
0'
#11305800
b11010010 S
b1011001 2
1'
#11307600
0'
#11309400
b1011010 2
b11010011 S
1'
#11311200
0'
#11313000
b11010100 S
b1011011 2
1'
#11314800
0'
#11316600
b1011100 2
b11010101 S
1'
#11318400
0'
#11320200
b11010110 S
b1011101 2
1'
#11322000
0'
#11323800
b1011110 2
b11010111 S
1'
#11325600
0'
#11327400
b11011000 S
b1011111 2
1'
#11329200
0'
#11331000
b1100000 2
b11011001 S
1'
#11332800
0'
#11334600
b11011010 S
b1100001 2
1'
#11336400
0'
#11338200
b1100010 2
b11011011 S
1'
#11340000
0'
#11341800
b11011100 S
b1100011 2
1'
#11343600
0'
#11345400
b1100100 2
b11011101 S
1'
#11347200
0'
#11349000
b11011110 S
b1100101 2
1'
#11350800
0'
#11352600
b1100110 2
b11011111 S
1'
#11354400
0'
#11356200
b11100000 S
b1100111 2
1'
#11358000
0'
#11359800
b1101000 2
b11100001 S
1'
#11361600
0'
#11363400
b11100010 S
b1101001 2
1'
#11365200
0'
#11367000
b1101010 2
b11100011 S
1'
#11368800
0'
#11370600
b11100100 S
b1101011 2
1'
#11372400
0'
#11374200
b1101100 2
b11100101 S
1'
#11376000
0'
#11377800
b11100110 S
b1101101 2
1'
#11379600
0'
#11381400
b1101110 2
b11100111 S
1'
#11383200
0'
#11385000
b11101000 S
b1101111 2
1'
#11386800
0'
#11388600
b1110000 2
b11101001 S
1'
#11390400
0'
#11392200
b11 R
b0 S
b1110001 2
1'
#11394000
0'
#11395800
b1110010 2
b1 S
1'
#11397600
0'
#11399400
b10 S
b1110011 2
1'
#11401200
0'
#11403000
b1110100 2
b11 S
1'
#11404800
0'
#11406600
b100 S
b1110101 2
1'
#11408400
0'
#11410200
b1110110 2
b101 S
1'
#11412000
0'
#11413800
b110 S
b1110111 2
1'
#11415600
0'
#11417400
b1111000 2
b111 S
1'
#11419200
0'
#11421000
b1000 S
b1111001 2
1'
#11422800
0'
#11424600
b1111010 2
b1001 S
1'
#11426400
0'
#11428200
b1010 S
b1111011 2
1'
#11430000
0'
#11431800
b1111100 2
b1011 S
1'
#11433600
0'
#11435400
b1100 S
b1111101 2
1'
#11437200
0'
#11439000
b1111110 2
b1101 S
1'
#11440800
0'
#11442600
b1110 S
b1111111 2
1'
#11444400
0'
#11446200
b10000000 2
b1111 S
1'
#11448000
0'
#11449800
b10000 S
b10000001 2
1'
#11451600
0'
#11453400
b10000010 2
b10001 S
1'
#11455200
0'
#11457000
b10010 S
b10000011 2
1'
#11458800
0'
#11460600
b10000100 2
b10011 S
1'
#11462400
0'
#11464200
b10100 S
b10000101 2
1'
#11466000
0'
#11467800
b10000110 2
b10101 S
1'
#11469600
0'
#11471400
b10110 S
b10000111 2
1'
#11473200
0'
#11475000
b10001000 2
b10111 S
1'
#11476800
0'
#11478600
b11000 S
b10001001 2
1'
#11480400
0'
#11482200
b10001010 2
b11001 S
1'
#11484000
0'
#11485800
b11010 S
b10001011 2
1'
#11487600
0'
#11489400
b10001100 2
b11011 S
1'
#11491200
0'
#11493000
b11100 S
b10001101 2
1'
#11494800
0'
#11496600
b10001110 2
b11101 S
1'
#11498400
0'
#11500200
b11110 S
b10001111 2
1'
#11502000
0'
#11503800
b10010000 2
b11111 S
1'
#11505600
0'
#11507400
b100000 S
b10010001 2
1'
#11509200
0'
#11511000
b10010010 2
b100001 S
1'
#11512800
0'
#11514600
b100010 S
b10010011 2
1'
#11516400
0'
#11518200
b10010100 2
b100011 S
1'
#11520000
0'
#11521800
b100100 S
b10010101 2
1'
#11523600
0'
#11525400
b10010110 2
b100101 S
1'
#11527200
0'
#11529000
b100110 S
b10010111 2
1'
#11530800
0'
#11532600
b10011000 2
b100111 S
1'
#11534400
0'
#11536200
b101000 S
b10011001 2
1'
#11538000
0'
#11539800
b10011010 2
b101001 S
1'
#11541600
0'
#11543400
b101010 S
b10011011 2
1'
#11545200
0'
#11547000
b10011100 2
b101011 S
1'
#11548800
0'
#11550600
b101100 S
b10011101 2
1'
#11552400
0'
#11554200
b10011110 2
b101101 S
1'
#11556000
0'
#11557800
b101110 S
b10011111 2
1'
#11559600
0'
#11561400
b10100000 2
b101111 S
1'
#11563200
0'
#11565000
b110000 S
b10100001 2
1'
#11566800
0'
#11568600
b10100010 2
b110001 S
1'
#11570400
0'
#11572200
b110010 S
b10100011 2
1'
#11574000
0'
#11575800
b10100100 2
b110011 S
1'
#11577600
0'
#11579400
b110100 S
b10100101 2
1'
#11581200
0'
#11583000
b10100110 2
b110101 S
1'
#11584800
0'
#11586600
b110110 S
b10100111 2
1'
#11588400
0'
#11590200
b10101000 2
b110111 S
1'
#11592000
0'
#11593800
b111000 S
b10101001 2
1'
#11595600
0'
#11597400
b10101010 2
b111001 S
1'
#11599200
0'
#11601000
b111010 S
b10101011 2
1'
#11602800
0'
#11604600
b10101100 2
b111011 S
1'
#11606400
0'
#11608200
b111100 S
b10101101 2
1'
#11610000
0'
#11611800
b10101110 2
b111101 S
1'
#11613600
0'
#11615400
b111110 S
b10101111 2
1'
#11617200
0'
#11619000
b10110000 2
b111111 S
1'
#11620800
0'
#11622600
b1000000 S
b10110001 2
1'
#11624400
0'
#11626200
b10110010 2
b1000001 S
1'
#11628000
0'
#11629800
b1000010 S
b10110011 2
1'
#11631600
0'
#11633400
b10110100 2
b1000011 S
1'
#11635200
0'
#11637000
b1000100 S
b10110101 2
1'
#11638800
0'
#11640600
b10110110 2
b1000101 S
1'
#11642400
0'
#11644200
b1000110 S
b10110111 2
1'
#11646000
0'
#11647800
b10111000 2
b1000111 S
1'
#11649600
0'
#11651400
b1001000 S
b10111001 2
1'
#11653200
0'
#11655000
b10111010 2
b1001001 S
1'
#11656800
0'
#11658600
b1001010 S
b10111011 2
1'
#11660400
0'
#11662200
b10111100 2
b1001011 S
1'
#11664000
0'
#11665800
b1001100 S
b10111101 2
1'
#11667600
0'
#11669400
b10111110 2
b1001101 S
1'
#11671200
0'
#11673000
b1001110 S
b10111111 2
1'
#11674800
0'
#11676600
b11000000 2
b1001111 S
1'
#11678400
0'
#11680200
b1010000 S
b11000001 2
1'
#11682000
0'
#11683800
b11000010 2
b1010001 S
1'
#11685600
0'
#11687400
b1010010 S
b11000011 2
1'
#11689200
0'
#11691000
b11000100 2
b1010011 S
1'
#11692800
0'
#11694600
b1010100 S
b11000101 2
1'
#11696400
0'
#11698200
b11000110 2
b1010101 S
1'
#11700000
0'
#11701800
b1010110 S
b11000111 2
1'
#11703600
0'
#11705400
b11001000 2
b1010111 S
1'
#11707200
0'
#11709000
b1011000 S
b11001001 2
1'
#11710800
0'
#11712600
b11001010 2
b1011001 S
1'
#11714400
0'
#11716200
b1011010 S
b11001011 2
1'
#11718000
0'
#11719800
b11001100 2
b1011011 S
1'
#11721600
0'
#11723400
b1011100 S
b11001101 2
1'
#11725200
0'
#11727000
b11001110 2
b1011101 S
1'
#11728800
0'
#11730600
b1011110 S
b11001111 2
1'
#11732400
0'
#11734200
b11010000 2
b1011111 S
1'
#11736000
0'
#11737800
b1100000 S
b11010001 2
1'
#11739600
0'
#11741400
b11010010 2
b1100001 S
1'
#11743200
0'
#11745000
b1100010 S
b11010011 2
1'
#11746800
0'
#11748600
b11010100 2
b1100011 S
1'
#11750400
0'
#11752200
b1100100 S
b11010101 2
1'
#11754000
0'
#11755800
b11010110 2
b1100101 S
1'
#11757600
0'
#11759400
b1100110 S
b11010111 2
1'
#11761200
0'
#11763000
b11011000 2
b1100111 S
1'
#11764800
0'
#11766600
b1101000 S
b11011001 2
1'
#11768400
0'
#11770200
b11011010 2
b1101001 S
1'
#11772000
0'
#11773800
b1101010 S
b11011011 2
1'
#11775600
0'
#11777400
b11011100 2
b1101011 S
1'
#11779200
0'
#11781000
b1101100 S
b11011101 2
1'
#11782800
0'
#11784600
b11011110 2
b1101101 S
1'
#11786400
0'
#11788200
b1101110 S
b11011111 2
1'
#11790000
0'
#11791800
b11100000 2
b1101111 S
1'
#11793600
0'
#11795400
b1110000 S
b11100001 2
1'
#11797200
0'
#11799000
b11100010 2
b1110001 S
1'
#11800800
0'
#11802600
b1110010 S
b11100011 2
1'
#11804400
0'
#11806200
b11100100 2
b1110011 S
1'
#11808000
0'
#11809800
b1110100 S
b11100101 2
1'
#11811600
0'
#11813400
b11100110 2
b1110101 S
1'
#11815200
0'
#11817000
b1110110 S
b11100111 2
1'
#11818800
0'
#11820600
b11101000 2
b1110111 S
1'
#11822400
0'
#11824200
b1111000 S
b11101001 2
1'
#11826000
0'
#11827800
b100 1
b1111 #
b1111 *
b1111 3
b0 2
b1111001 S
1'
#11829600
0'
#11831400
b1111010 S
b1 2
1'
#11833200
0'
#11835000
b10 2
b1111011 S
1'
#11836800
0'
#11838600
b1111100 S
b11 2
1'
#11840400
0'
#11842200
b100 2
b1111101 S
1'
#11844000
0'
#11845800
b1111110 S
b101 2
1'
#11847600
0'
#11849400
b110 2
b1111111 S
1'
#11851200
0'
#11853000
b10000000 S
b111 2
1'
#11854800
0'
#11856600
b1000 2
b10000001 S
1'
#11858400
0'
#11860200
b10000010 S
b1001 2
1'
#11862000
0'
#11863800
b1010 2
b10000011 S
1'
#11865600
0'
#11867400
b10000100 S
b1011 2
1'
#11869200
0'
#11871000
b1100 2
b10000101 S
1'
#11872800
0'
#11874600
b10000110 S
b1101 2
1'
#11876400
0'
#11878200
b1110 2
b10000111 S
1'
#11880000
0'
#11881800
b10001000 S
b1111 2
1'
#11883600
0'
#11885400
b10000 2
b10001001 S
1'
#11887200
0'
#11889000
b10001010 S
b10001 2
1'
#11890800
0'
#11892600
b10010 2
b10001011 S
1'
#11894400
0'
#11896200
b10001100 S
b10011 2
1'
#11898000
0'
#11899800
b10100 2
b10001101 S
1'
#11901600
0'
#11903400
b10001110 S
b10101 2
1'
#11905200
0'
#11907000
b10110 2
b10001111 S
1'
#11908800
0'
#11910600
b10010000 S
b10111 2
1'
#11912400
0'
#11914200
b11000 2
b10010001 S
1'
#11916000
0'
#11917800
b10010010 S
b11001 2
1'
#11919600
0'
#11921400
b11010 2
b10010011 S
1'
#11923200
0'
#11925000
b10010100 S
b11011 2
1'
#11926800
0'
#11928600
b11100 2
b10010101 S
1'
#11930400
0'
#11932200
b10010110 S
b11101 2
1'
#11934000
0'
#11935800
b11110 2
b10010111 S
1'
#11937600
0'
#11939400
b10011000 S
b11111 2
1'
#11941200
0'
#11943000
b100000 2
b10011001 S
1'
#11944800
0'
#11946600
b10011010 S
b100001 2
1'
#11948400
0'
#11950200
b100010 2
b10011011 S
1'
#11952000
0'
#11953800
b10011100 S
b100011 2
1'
#11955600
0'
#11957400
b100100 2
b10011101 S
1'
#11959200
0'
#11961000
b10011110 S
b100101 2
1'
#11962800
0'
#11964600
b100110 2
b10011111 S
1'
#11966400
0'
#11968200
b10100000 S
b100111 2
1'
#11970000
0'
#11971800
b101000 2
b10100001 S
1'
#11973600
0'
#11975400
b10100010 S
b101001 2
1'
#11977200
0'
#11979000
b101010 2
b10100011 S
1'
#11980800
0'
#11982600
b10100100 S
b101011 2
1'
#11984400
0'
#11986200
b101100 2
b10100101 S
1'
#11988000
0'
#11989800
b10100110 S
b101101 2
1'
#11991600
0'
#11993400
b101110 2
b10100111 S
1'
#11995200
0'
#11997000
b10101000 S
b101111 2
1'
#11998800
0'
#12000600
b110000 2
b10101001 S
1'
#12002400
0'
#12004200
b10101010 S
b110001 2
1'
#12006000
0'
#12007800
b110010 2
b10101011 S
1'
#12009600
0'
#12011400
b10101100 S
b110011 2
1'
#12013200
0'
#12015000
b110100 2
b10101101 S
1'
#12016800
0'
#12018600
b10101110 S
b110101 2
1'
#12020400
0'
#12022200
b110110 2
b10101111 S
1'
#12024000
0'
#12025800
b10110000 S
b110111 2
1'
#12027600
0'
#12029400
b111000 2
b10110001 S
1'
#12031200
0'
#12033000
b10110010 S
b111001 2
1'
#12034800
0'
#12036600
b111010 2
b10110011 S
1'
#12038400
0'
#12040200
b10110100 S
b111011 2
1'
#12042000
0'
#12043800
b111100 2
b10110101 S
1'
#12045600
0'
#12047400
b10110110 S
b111101 2
1'
#12049200
0'
#12051000
b111110 2
b10110111 S
1'
#12052800
0'
#12054600
b10111000 S
b111111 2
1'
#12056400
0'
#12058200
b1000000 2
b10111001 S
1'
#12060000
0'
#12061800
b10111010 S
b1000001 2
1'
#12063600
0'
#12065400
b1000010 2
b10111011 S
1'
#12067200
0'
#12069000
b10111100 S
b1000011 2
1'
#12070800
0'
#12072600
b1000100 2
b10111101 S
1'
#12074400
0'
#12076200
b10111110 S
b1000101 2
1'
#12078000
0'
#12079800
b1000110 2
b10111111 S
1'
#12081600
0'
#12083400
b11000000 S
b1000111 2
1'
#12085200
0'
#12087000
b1001000 2
b11000001 S
1'
#12088800
0'
#12090600
b11000010 S
b1001001 2
1'
#12092400
0'
#12094200
b1001010 2
b11000011 S
1'
#12096000
0'
#12097800
b11000100 S
b1001011 2
1'
#12099600
0'
#12101400
b1001100 2
b11000101 S
1'
#12103200
0'
#12105000
b11000110 S
b1001101 2
1'
#12106800
0'
#12108600
b1001110 2
b11000111 S
1'
#12110400
0'
#12112200
b11001000 S
b1001111 2
1'
#12114000
0'
#12115800
b1010000 2
b11001001 S
1'
#12117600
0'
#12119400
b11001010 S
b1010001 2
1'
#12121200
0'
#12123000
b1010010 2
b11001011 S
1'
#12124800
0'
#12126600
b11001100 S
b1010011 2
1'
#12128400
0'
#12130200
b1010100 2
b11001101 S
1'
#12132000
0'
#12133800
b11001110 S
b1010101 2
1'
#12135600
0'
#12137400
b1010110 2
b11001111 S
1'
#12139200
0'
#12141000
b11010000 S
b1010111 2
1'
#12142800
0'
#12144600
b1011000 2
b11010001 S
1'
#12146400
0'
#12148200
b11010010 S
b1011001 2
1'
#12150000
0'
#12151800
b1011010 2
b11010011 S
1'
#12153600
0'
#12155400
b11010100 S
b1011011 2
1'
#12157200
0'
#12159000
b1011100 2
b11010101 S
1'
#12160800
0'
#12162600
b11010110 S
b1011101 2
1'
#12164400
0'
#12166200
b1011110 2
b11010111 S
1'
#12168000
0'
#12169800
b11011000 S
b1011111 2
1'
#12171600
0'
#12173400
b1100000 2
b11011001 S
1'
#12175200
0'
#12177000
b11011010 S
b1100001 2
1'
#12178800
0'
#12180600
b1100010 2
b11011011 S
1'
#12182400
0'
#12184200
b11011100 S
b1100011 2
1'
#12186000
0'
#12187800
b1100100 2
b11011101 S
1'
#12189600
0'
#12191400
b11011110 S
b1100101 2
1'
#12193200
0'
#12195000
b1100110 2
b11011111 S
1'
#12196800
0'
#12198600
b11100000 S
b1100111 2
1'
#12200400
0'
#12202200
b1101000 2
b11100001 S
1'
#12204000
0'
#12205800
b11100010 S
b1101001 2
1'
#12207600
0'
#12209400
b1101010 2
b11100011 S
1'
#12211200
0'
#12213000
b11100100 S
b1101011 2
1'
#12214800
0'
#12216600
b1101100 2
b11100101 S
1'
#12218400
0'
#12220200
b11100110 S
b1101101 2
1'
#12222000
0'
#12223800
b1101110 2
b11100111 S
1'
#12225600
0'
#12227400
b11101000 S
b1101111 2
1'
#12229200
0'
#12231000
b1110000 2
b11101001 S
1'
#12232800
0'
#12234600
b100 R
b0 S
b1110001 2
1'
#12236400
0'
#12238200
b1110010 2
b1 S
1'
#12240000
0'
#12241800
b10 S
b1110011 2
1'
#12243600
0'
#12245400
b1110100 2
b11 S
1'
#12247200
0'
#12249000
b100 S
b1110101 2
1'
#12250800
0'
#12252600
b1110110 2
b101 S
1'
#12254400
0'
#12256200
b110 S
b1110111 2
1'
#12258000
0'
#12259800
b1111000 2
b111 S
1'
#12261600
0'
#12263400
b1000 S
b1111001 2
1'
#12265200
0'
#12267000
b1111010 2
b1001 S
1'
#12268800
0'
#12270600
b1010 S
b1111011 2
1'
#12272400
0'
#12274200
b1111100 2
b1011 S
1'
#12276000
0'
#12277800
b1100 S
b1111101 2
1'
#12279600
0'
#12281400
b1111110 2
b1101 S
1'
#12283200
0'
#12285000
b1110 S
b1111111 2
1'
#12286800
0'
#12288600
b10000000 2
b1111 S
1'
#12290400
0'
#12292200
b10000 S
b10000001 2
1'
#12294000
0'
#12295800
b10000010 2
b10001 S
1'
#12297600
0'
#12299400
b10010 S
b10000011 2
1'
#12301200
0'
#12303000
b10000100 2
b10011 S
1'
#12304800
0'
#12306600
b10100 S
b10000101 2
1'
#12308400
0'
#12310200
b10000110 2
b10101 S
1'
#12312000
0'
#12313800
b10110 S
b10000111 2
1'
#12315600
0'
#12317400
b10001000 2
b10111 S
1'
#12319200
0'
#12321000
b11000 S
b10001001 2
1'
#12322800
0'
#12324600
b10001010 2
b11001 S
1'
#12326400
0'
#12328200
b11010 S
b10001011 2
1'
#12330000
0'
#12331800
b10001100 2
b11011 S
1'
#12333600
0'
#12335400
b11100 S
b10001101 2
1'
#12337200
0'
#12339000
b10001110 2
b11101 S
1'
#12340800
0'
#12342600
b11110 S
b10001111 2
1'
#12344400
0'
#12346200
b10010000 2
b11111 S
1'
#12348000
0'
#12349800
b100000 S
b10010001 2
1'
#12351600
0'
#12353400
b10010010 2
b100001 S
1'
#12355200
0'
#12357000
b100010 S
b10010011 2
1'
#12358800
0'
#12360600
b10010100 2
b100011 S
1'
#12362400
0'
#12364200
b100100 S
b10010101 2
1'
#12366000
0'
#12367800
b10010110 2
b100101 S
1'
#12369600
0'
#12371400
b100110 S
b10010111 2
1'
#12373200
0'
#12375000
b10011000 2
b100111 S
1'
#12376800
0'
#12378600
b101000 S
b10011001 2
1'
#12380400
0'
#12382200
b10011010 2
b101001 S
1'
#12384000
0'
#12385800
b101010 S
b10011011 2
1'
#12387600
0'
#12389400
b10011100 2
b101011 S
1'
#12391200
0'
#12393000
b101100 S
b10011101 2
1'
#12394800
0'
#12396600
b10011110 2
b101101 S
1'
#12398400
0'
#12400200
b101110 S
b10011111 2
1'
#12402000
0'
#12403800
b10100000 2
b101111 S
1'
#12405600
0'
#12407400
b110000 S
b10100001 2
1'
#12409200
0'
#12411000
b10100010 2
b110001 S
1'
#12412800
0'
#12414600
b110010 S
b10100011 2
1'
#12416400
0'
#12418200
b10100100 2
b110011 S
1'
#12420000
0'
#12421800
b110100 S
b10100101 2
1'
#12423600
0'
#12425400
b10100110 2
b110101 S
1'
#12427200
0'
#12429000
b110110 S
b10100111 2
1'
#12430800
0'
#12432600
b10101000 2
b110111 S
1'
#12434400
0'
#12436200
b111000 S
b10101001 2
1'
#12438000
0'
#12439800
b10101010 2
b111001 S
1'
#12441600
0'
#12443400
b111010 S
b10101011 2
1'
#12445200
0'
#12447000
b10101100 2
b111011 S
1'
#12448800
0'
#12450600
b111100 S
b10101101 2
1'
#12452400
0'
#12454200
b10101110 2
b111101 S
1'
#12456000
0'
#12457800
b111110 S
b10101111 2
1'
#12459600
0'
#12461400
b10110000 2
b111111 S
1'
#12463200
0'
#12465000
b1000000 S
b10110001 2
1'
#12466800
0'
#12468600
b10110010 2
b1000001 S
1'
#12470400
0'
#12472200
b1000010 S
b10110011 2
1'
#12474000
0'
#12475800
b10110100 2
b1000011 S
1'
#12477600
0'
#12479400
b1000100 S
b10110101 2
1'
#12481200
0'
#12483000
b10110110 2
b1000101 S
1'
#12484800
0'
#12486600
b1000110 S
b10110111 2
1'
#12488400
0'
#12490200
b10111000 2
b1000111 S
1'
#12492000
0'
#12493800
b1001000 S
b10111001 2
1'
#12495600
0'
#12497400
b10111010 2
b1001001 S
1'
#12499200
0'
#12501000
b1001010 S
b10111011 2
1'
#12502800
0'
#12504600
b10111100 2
b1001011 S
1'
#12506400
0'
#12508200
b1001100 S
b10111101 2
1'
#12510000
0'
#12511800
b10111110 2
b1001101 S
1'
#12513600
0'
#12515400
b1001110 S
b10111111 2
1'
#12517200
0'
#12519000
b11000000 2
b1001111 S
1'
#12520800
0'
#12522600
b1010000 S
b11000001 2
1'
#12524400
0'
#12526200
b11000010 2
b1010001 S
1'
#12528000
0'
#12529800
b1010010 S
b11000011 2
1'
#12531600
0'
#12533400
b11000100 2
b1010011 S
1'
#12535200
0'
#12537000
b1010100 S
b11000101 2
1'
#12538800
0'
#12540600
b11000110 2
b1010101 S
1'
#12542400
0'
#12544200
b1010110 S
b11000111 2
1'
#12546000
0'
#12547800
b11001000 2
b1010111 S
1'
#12549600
0'
#12551400
b1011000 S
b11001001 2
1'
#12553200
0'
#12555000
b11001010 2
b1011001 S
1'
#12556800
0'
#12558600
b1011010 S
b11001011 2
1'
#12560400
0'
#12562200
b11001100 2
b1011011 S
1'
#12564000
0'
#12565800
b1011100 S
b11001101 2
1'
#12567600
0'
#12569400
b11001110 2
b1011101 S
1'
#12571200
0'
#12573000
b1011110 S
b11001111 2
1'
#12574800
0'
#12576600
b11010000 2
b1011111 S
1'
#12578400
0'
#12580200
b1100000 S
b11010001 2
1'
#12582000
0'
#12583800
b11010010 2
b1100001 S
1'
#12585600
0'
#12587400
b1100010 S
b11010011 2
1'
#12589200
0'
#12591000
b11010100 2
b1100011 S
1'
#12592800
0'
#12594600
b1100100 S
b11010101 2
1'
#12596400
0'
#12598200
b11010110 2
b1100101 S
1'
#12600000
0'
#12601800
b1100110 S
b11010111 2
1'
#12603600
0'
#12605400
b11011000 2
b1100111 S
1'
#12607200
0'
#12609000
b1101000 S
b11011001 2
1'
#12610800
0'
#12612600
b11011010 2
b1101001 S
1'
#12614400
0'
#12616200
b1101010 S
b11011011 2
1'
#12618000
0'
#12619800
b11011100 2
b1101011 S
1'
#12621600
0'
#12623400
b1101100 S
b11011101 2
1'
#12625200
0'
#12627000
b11011110 2
b1101101 S
1'
#12628800
0'
#12630600
b1101110 S
b11011111 2
1'
#12632400
0'
#12634200
b11100000 2
b1101111 S
1'
#12636000
0'
#12637800
b1110000 S
b11100001 2
1'
#12639600
0'
#12641400
b11100010 2
b1110001 S
1'
#12643200
0'
#12645000
b1110010 S
b11100011 2
1'
#12646800
0'
#12648600
b11100100 2
b1110011 S
1'
#12650400
0'
#12652200
b1110100 S
b11100101 2
1'
#12654000
0'
#12655800
b11100110 2
b1110101 S
1'
#12657600
0'
#12659400
b1110110 S
b11100111 2
1'
#12661200
0'
#12663000
b11101000 2
b1110111 S
1'
#12664800
0'
#12666600
b1111000 S
b11101001 2
1'
#12668400
0'
#12670200
b101 1
b11111 #
b11111 *
b11111 3
b0 2
b1111001 S
1'
#12672000
0'
#12673800
b1111010 S
b1 2
1'
#12675600
0'
#12677400
b10 2
b1111011 S
1'
#12679200
0'
#12681000
b1111100 S
b11 2
1'
#12682800
0'
#12684600
b100 2
b1111101 S
1'
#12686400
0'
#12688200
b1111110 S
b101 2
1'
#12690000
0'
#12691800
b110 2
b1111111 S
1'
#12693600
0'
#12695400
b10000000 S
b111 2
1'
#12697200
0'
#12699000
b1000 2
b10000001 S
1'
#12700800
0'
#12702600
b10000010 S
b1001 2
1'
#12704400
0'
#12706200
b1010 2
b10000011 S
1'
#12708000
0'
#12709800
b10000100 S
b1011 2
1'
#12711600
0'
#12713400
b1100 2
b10000101 S
1'
#12715200
0'
#12717000
b10000110 S
b1101 2
1'
#12718800
0'
#12720600
b1110 2
b10000111 S
1'
#12722400
0'
#12724200
b10001000 S
b1111 2
1'
#12726000
0'
#12727800
b10000 2
b10001001 S
1'
#12729600
0'
#12731400
b10001010 S
b10001 2
1'
#12733200
0'
#12735000
b10010 2
b10001011 S
1'
#12736800
0'
#12738600
b10001100 S
b10011 2
1'
#12740400
0'
#12742200
b10100 2
b10001101 S
1'
#12744000
0'
#12745800
b10001110 S
b10101 2
1'
#12747600
0'
#12749400
b10110 2
b10001111 S
1'
#12751200
0'
#12753000
b10010000 S
b10111 2
1'
#12754800
0'
#12756600
b11000 2
b10010001 S
1'
#12758400
0'
#12760200
b10010010 S
b11001 2
1'
#12762000
0'
#12763800
b11010 2
b10010011 S
1'
#12765600
0'
#12767400
b10010100 S
b11011 2
1'
#12769200
0'
#12771000
b11100 2
b10010101 S
1'
#12772800
0'
#12774600
b10010110 S
b11101 2
1'
#12776400
0'
#12778200
b11110 2
b10010111 S
1'
#12780000
0'
#12781800
b10011000 S
b11111 2
1'
#12783600
0'
#12785400
b100000 2
b10011001 S
1'
#12787200
0'
#12789000
b10011010 S
b100001 2
1'
#12790800
0'
#12792600
b100010 2
b10011011 S
1'
#12794400
0'
#12796200
b10011100 S
b100011 2
1'
#12798000
0'
#12799800
b100100 2
b10011101 S
1'
#12801600
0'
#12803400
b10011110 S
b100101 2
1'
#12805200
0'
#12807000
b100110 2
b10011111 S
1'
#12808800
0'
#12810600
b10100000 S
b100111 2
1'
#12812400
0'
#12814200
b101000 2
b10100001 S
1'
#12816000
0'
#12817800
b10100010 S
b101001 2
1'
#12819600
0'
#12821400
b101010 2
b10100011 S
1'
#12823200
0'
#12825000
b10100100 S
b101011 2
1'
#12826800
0'
#12828600
b101100 2
b10100101 S
1'
#12830400
0'
#12832200
b10100110 S
b101101 2
1'
#12834000
0'
#12835800
b101110 2
b10100111 S
1'
#12837600
0'
#12839400
b10101000 S
b101111 2
1'
#12841200
0'
#12843000
b110000 2
b10101001 S
1'
#12844800
0'
#12846600
b10101010 S
b110001 2
1'
#12848400
0'
#12850200
b110010 2
b10101011 S
1'
#12852000
0'
#12853800
b10101100 S
b110011 2
1'
#12855600
0'
#12857400
b110100 2
b10101101 S
1'
#12859200
0'
#12861000
b10101110 S
b110101 2
1'
#12862800
0'
#12864600
b110110 2
b10101111 S
1'
#12866400
0'
#12868200
b10110000 S
b110111 2
1'
#12870000
0'
#12871800
b111000 2
b10110001 S
1'
#12873600
0'
#12875400
b10110010 S
b111001 2
1'
#12877200
0'
#12879000
b111010 2
b10110011 S
1'
#12880800
0'
#12882600
b10110100 S
b111011 2
1'
#12884400
0'
#12886200
b111100 2
b10110101 S
1'
#12888000
0'
#12889800
b10110110 S
b111101 2
1'
#12891600
0'
#12893400
b111110 2
b10110111 S
1'
#12895200
0'
#12897000
b10111000 S
b111111 2
1'
#12898800
0'
#12900600
b1000000 2
b10111001 S
1'
#12902400
0'
#12904200
b10111010 S
b1000001 2
1'
#12906000
0'
#12907800
b1000010 2
b10111011 S
1'
#12909600
0'
#12911400
b10111100 S
b1000011 2
1'
#12913200
0'
#12915000
b1000100 2
b10111101 S
1'
#12916800
0'
#12918600
b10111110 S
b1000101 2
1'
#12920400
0'
#12922200
b1000110 2
b10111111 S
1'
#12924000
0'
#12925800
b11000000 S
b1000111 2
1'
#12927600
0'
#12929400
b1001000 2
b11000001 S
1'
#12931200
0'
#12933000
b11000010 S
b1001001 2
1'
#12934800
0'
#12936600
b1001010 2
b11000011 S
1'
#12938400
0'
#12940200
b11000100 S
b1001011 2
1'
#12942000
0'
#12943800
b1001100 2
b11000101 S
1'
#12945600
0'
#12947400
b11000110 S
b1001101 2
1'
#12949200
0'
#12951000
b1001110 2
b11000111 S
1'
#12952800
0'
#12954600
b11001000 S
b1001111 2
1'
#12956400
0'
#12958200
b1010000 2
b11001001 S
1'
#12960000
0'
#12961800
b11001010 S
b1010001 2
1'
#12963600
0'
#12965400
b1010010 2
b11001011 S
1'
#12967200
0'
#12969000
b11001100 S
b1010011 2
1'
#12970800
0'
#12972600
b1010100 2
b11001101 S
1'
#12974400
0'
#12976200
b11001110 S
b1010101 2
1'
#12978000
0'
#12979800
b1010110 2
b11001111 S
1'
#12981600
0'
#12983400
b11010000 S
b1010111 2
1'
#12985200
0'
#12987000
b1011000 2
b11010001 S
1'
#12988800
0'
#12990600
b11010010 S
b1011001 2
1'
#12992400
0'
#12994200
b1011010 2
b11010011 S
1'
#12996000
0'
#12997800
b11010100 S
b1011011 2
1'
#12999600
0'
#13001400
b1011100 2
b11010101 S
1'
#13003200
0'
#13005000
b11010110 S
b1011101 2
1'
#13006800
0'
#13008600
b1011110 2
b11010111 S
1'
#13010400
0'
#13012200
b11011000 S
b1011111 2
1'
#13014000
0'
#13015800
b1100000 2
b11011001 S
1'
#13017600
0'
#13019400
b11011010 S
b1100001 2
1'
#13021200
0'
#13023000
b1100010 2
b11011011 S
1'
#13024800
0'
#13026600
b11011100 S
b1100011 2
1'
#13028400
0'
#13030200
b1100100 2
b11011101 S
1'
#13032000
0'
#13033800
b11011110 S
b1100101 2
1'
#13035600
0'
#13037400
b1100110 2
b11011111 S
1'
#13039200
0'
#13041000
b11100000 S
b1100111 2
1'
#13042800
0'
#13044600
b1101000 2
b11100001 S
1'
#13046400
0'
#13048200
b11100010 S
b1101001 2
1'
#13050000
0'
#13051800
b1101010 2
b11100011 S
1'
#13053600
0'
#13055400
b11100100 S
b1101011 2
1'
#13057200
0'
#13059000
b1101100 2
b11100101 S
1'
#13060800
0'
#13062600
b11100110 S
b1101101 2
1'
#13064400
0'
#13066200
b1101110 2
b11100111 S
1'
#13068000
0'
#13069800
b11101000 S
b1101111 2
1'
#13071600
0'
#13073400
b1110000 2
b11101001 S
1'
#13075200
0'
#13077000
b101 R
b0 S
b1110001 2
1'
#13078800
0'
#13080600
b1110010 2
b1 S
1'
#13082400
0'
#13084200
b10 S
b1110011 2
1'
#13086000
0'
#13087800
b1110100 2
b11 S
1'
#13089600
0'
#13091400
b100 S
b1110101 2
1'
#13093200
0'
#13095000
b1110110 2
b101 S
1'
#13096800
0'
#13098600
b110 S
b1110111 2
1'
#13100400
0'
#13102200
b1111000 2
b111 S
1'
#13104000
0'
#13105800
b1000 S
b1111001 2
1'
#13107600
0'
#13109400
b1111010 2
b1001 S
1'
#13111200
0'
#13113000
b1010 S
b1111011 2
1'
#13114800
0'
#13116600
b1111100 2
b1011 S
1'
#13118400
0'
#13120200
b1100 S
b1111101 2
1'
#13122000
0'
#13123800
b1111110 2
b1101 S
1'
#13125600
0'
#13127400
b1110 S
b1111111 2
1'
#13129200
0'
#13131000
b10000000 2
b1111 S
1'
#13132800
0'
#13134600
b10000 S
b10000001 2
1'
#13136400
0'
#13138200
b10000010 2
b10001 S
1'
#13140000
0'
#13141800
b10010 S
b10000011 2
1'
#13143600
0'
#13145400
b10000100 2
b10011 S
1'
#13147200
0'
#13149000
b10100 S
b10000101 2
1'
#13150800
0'
#13152600
b10000110 2
b10101 S
1'
#13154400
0'
#13156200
b10110 S
b10000111 2
1'
#13158000
0'
#13159800
b10001000 2
b10111 S
1'
#13161600
0'
#13163400
b11000 S
b10001001 2
1'
#13165200
0'
#13167000
b10001010 2
b11001 S
1'
#13168800
0'
#13170600
b11010 S
b10001011 2
1'
#13172400
0'
#13174200
b10001100 2
b11011 S
1'
#13176000
0'
#13177800
b11100 S
b10001101 2
1'
#13179600
0'
#13181400
b10001110 2
b11101 S
1'
#13183200
0'
#13185000
b11110 S
b10001111 2
1'
#13186800
0'
#13188600
b10010000 2
b11111 S
1'
#13190400
0'
#13192200
b100000 S
b10010001 2
1'
#13194000
0'
#13195800
b10010010 2
b100001 S
1'
#13197600
0'
#13199400
b100010 S
b10010011 2
1'
#13201200
0'
#13203000
b10010100 2
b100011 S
1'
#13204800
0'
#13206600
b100100 S
b10010101 2
1'
#13208400
0'
#13210200
b10010110 2
b100101 S
1'
#13212000
0'
#13213800
b100110 S
b10010111 2
1'
#13215600
0'
#13217400
b10011000 2
b100111 S
1'
#13219200
0'
#13221000
b101000 S
b10011001 2
1'
#13222800
0'
#13224600
b10011010 2
b101001 S
1'
#13226400
0'
#13228200
b101010 S
b10011011 2
1'
#13230000
0'
#13231800
b10011100 2
b101011 S
1'
#13233600
0'
#13235400
b101100 S
b10011101 2
1'
#13237200
0'
#13239000
b10011110 2
b101101 S
1'
#13240800
0'
#13242600
b101110 S
b10011111 2
1'
#13244400
0'
#13246200
b10100000 2
b101111 S
1'
#13248000
0'
#13249800
b110000 S
b10100001 2
1'
#13251600
0'
#13253400
b10100010 2
b110001 S
1'
#13255200
0'
#13257000
b110010 S
b10100011 2
1'
#13258800
0'
#13260600
b10100100 2
b110011 S
1'
#13262400
0'
#13264200
b110100 S
b10100101 2
1'
#13266000
0'
#13267800
b10100110 2
b110101 S
1'
#13269600
0'
#13271400
b110110 S
b10100111 2
1'
#13273200
0'
#13275000
b10101000 2
b110111 S
1'
#13276800
0'
#13278600
b111000 S
b10101001 2
1'
#13280400
0'
#13282200
b10101010 2
b111001 S
1'
#13284000
0'
#13285800
b111010 S
b10101011 2
1'
#13287600
0'
#13289400
b10101100 2
b111011 S
1'
#13291200
0'
#13293000
b111100 S
b10101101 2
1'
#13294800
0'
#13296600
b10101110 2
b111101 S
1'
#13298400
0'
#13300200
b111110 S
b10101111 2
1'
#13302000
0'
#13303800
b10110000 2
b111111 S
1'
#13305600
0'
#13307400
b1000000 S
b10110001 2
1'
#13309200
0'
#13311000
b10110010 2
b1000001 S
1'
#13312800
0'
#13314600
b1000010 S
b10110011 2
1'
#13316400
0'
#13318200
b10110100 2
b1000011 S
1'
#13320000
0'
#13321800
b1000100 S
b10110101 2
1'
#13323600
0'
#13325400
b10110110 2
b1000101 S
1'
#13327200
0'
#13329000
b1000110 S
b10110111 2
1'
#13330800
0'
#13332600
b10111000 2
b1000111 S
1'
#13334400
0'
#13336200
b1001000 S
b10111001 2
1'
#13338000
0'
#13339800
b10111010 2
b1001001 S
1'
#13341600
0'
#13343400
b1001010 S
b10111011 2
1'
#13345200
0'
#13347000
b10111100 2
b1001011 S
1'
#13348800
0'
#13350600
b1001100 S
b10111101 2
1'
#13352400
0'
#13354200
b10111110 2
b1001101 S
1'
#13356000
0'
#13357800
b1001110 S
b10111111 2
1'
#13359600
0'
#13361400
b11000000 2
b1001111 S
1'
#13363200
0'
#13365000
b1010000 S
b11000001 2
1'
#13366800
0'
#13368600
b11000010 2
b1010001 S
1'
#13370400
0'
#13372200
b1010010 S
b11000011 2
1'
#13374000
0'
#13375800
b11000100 2
b1010011 S
1'
#13377600
0'
#13379400
b1010100 S
b11000101 2
1'
#13381200
0'
#13383000
b11000110 2
b1010101 S
1'
#13384800
0'
#13386600
b1010110 S
b11000111 2
1'
#13388400
0'
#13390200
b11001000 2
b1010111 S
1'
#13392000
0'
#13393800
b1011000 S
b11001001 2
1'
#13395600
0'
#13397400
b11001010 2
b1011001 S
1'
#13399200
0'
#13401000
b1011010 S
b11001011 2
1'
#13402800
0'
#13404600
b11001100 2
b1011011 S
1'
#13406400
0'
#13408200
b1011100 S
b11001101 2
1'
#13410000
0'
#13411800
b11001110 2
b1011101 S
1'
#13413600
0'
#13415400
b1011110 S
b11001111 2
1'
#13417200
0'
#13419000
b11010000 2
b1011111 S
1'
#13420800
0'
#13422600
b1100000 S
b11010001 2
1'
#13424400
0'
#13426200
b11010010 2
b1100001 S
1'
#13428000
0'
#13429800
b1100010 S
b11010011 2
1'
#13431600
0'
#13433400
b11010100 2
b1100011 S
1'
#13435200
0'
#13437000
b1100100 S
b11010101 2
1'
#13438800
0'
#13440600
b11010110 2
b1100101 S
1'
#13442400
0'
#13444200
b1100110 S
b11010111 2
1'
#13446000
0'
#13447800
b11011000 2
b1100111 S
1'
#13449600
0'
#13451400
b1101000 S
b11011001 2
1'
#13453200
0'
#13455000
b11011010 2
b1101001 S
1'
#13456800
0'
#13458600
b1101010 S
b11011011 2
1'
#13460400
0'
#13462200
b11011100 2
b1101011 S
1'
#13464000
0'
#13465800
b1101100 S
b11011101 2
1'
#13467600
0'
#13469400
b11011110 2
b1101101 S
1'
#13471200
0'
#13473000
b1101110 S
b11011111 2
1'
#13474800
0'
#13476600
b11100000 2
b1101111 S
1'
#13478400
0'
#13480200
b1110000 S
b11100001 2
1'
#13482000
0'
#13483800
b11100010 2
b1110001 S
1'
#13485600
0'
#13487400
b1110010 S
b11100011 2
1'
#13489200
0'
#13491000
b11100100 2
b1110011 S
1'
#13492800
0'
#13494600
b1110100 S
b11100101 2
1'
#13496400
0'
#13498200
b11100110 2
b1110101 S
1'
#13500000
0'
#13501800
b1110110 S
b11100111 2
1'
#13503600
0'
#13505400
b11101000 2
b1110111 S
1'
#13507200
0'
#13509000
b1111000 S
b11101001 2
1'
#13510800
0'
#13512600
b110 1
b111111 #
b111111 *
b111111 3
b0 2
b1111001 S
1'
#13514400
0'
#13516200
b1111010 S
b1 2
1'
#13518000
0'
#13519800
b10 2
b1111011 S
1'
#13521600
0'
#13523400
b1111100 S
b11 2
1'
#13525200
0'
#13527000
b100 2
b1111101 S
1'
#13528800
0'
#13530600
b1111110 S
b101 2
1'
#13532400
0'
#13534200
b110 2
b1111111 S
1'
#13536000
0'
#13537800
b10000000 S
b111 2
1'
#13539600
0'
#13541400
b1000 2
b10000001 S
1'
#13543200
0'
#13545000
b10000010 S
b1001 2
1'
#13546800
0'
#13548600
b1010 2
b10000011 S
1'
#13550400
0'
#13552200
b10000100 S
b1011 2
1'
#13554000
0'
#13555800
b1100 2
b10000101 S
1'
#13557600
0'
#13559400
b10000110 S
b1101 2
1'
#13561200
0'
#13563000
b1110 2
b10000111 S
1'
#13564800
0'
#13566600
b10001000 S
b1111 2
1'
#13568400
0'
#13570200
b10000 2
b10001001 S
1'
#13572000
0'
#13573800
b10001010 S
b10001 2
1'
#13575600
0'
#13577400
b10010 2
b10001011 S
1'
#13579200
0'
#13581000
b10001100 S
b10011 2
1'
#13582800
0'
#13584600
b10100 2
b10001101 S
1'
#13586400
0'
#13588200
b10001110 S
b10101 2
1'
#13590000
0'
#13591800
b10110 2
b10001111 S
1'
#13593600
0'
#13595400
b10010000 S
b10111 2
1'
#13597200
0'
#13599000
b11000 2
b10010001 S
1'
#13600800
0'
#13602600
b10010010 S
b11001 2
1'
#13604400
0'
#13606200
b11010 2
b10010011 S
1'
#13608000
0'
#13609800
b10010100 S
b11011 2
1'
#13611600
0'
#13613400
b11100 2
b10010101 S
1'
#13615200
0'
#13617000
b10010110 S
b11101 2
1'
#13618800
0'
#13620600
b11110 2
b10010111 S
1'
#13622400
0'
#13624200
b10011000 S
b11111 2
1'
#13626000
0'
#13627800
b100000 2
b10011001 S
1'
#13629600
0'
#13631400
b10011010 S
b100001 2
1'
#13633200
0'
#13635000
b100010 2
b10011011 S
1'
#13636800
0'
#13638600
b10011100 S
b100011 2
1'
#13640400
0'
#13642200
b100100 2
b10011101 S
1'
#13644000
0'
#13645800
b10011110 S
b100101 2
1'
#13647600
0'
#13649400
b100110 2
b10011111 S
1'
#13651200
0'
#13653000
b10100000 S
b100111 2
1'
#13654800
0'
#13656600
b101000 2
b10100001 S
1'
#13658400
0'
#13660200
b10100010 S
b101001 2
1'
#13662000
0'
#13663800
b101010 2
b10100011 S
1'
#13665600
0'
#13667400
b10100100 S
b101011 2
1'
#13669200
0'
#13671000
b101100 2
b10100101 S
1'
#13672800
0'
#13674600
b10100110 S
b101101 2
1'
#13676400
0'
#13678200
b101110 2
b10100111 S
1'
#13680000
0'
#13681800
b10101000 S
b101111 2
1'
#13683600
0'
#13685400
b110000 2
b10101001 S
1'
#13687200
0'
#13689000
b10101010 S
b110001 2
1'
#13690800
0'
#13692600
b110010 2
b10101011 S
1'
#13694400
0'
#13696200
b10101100 S
b110011 2
1'
#13698000
0'
#13699800
b110100 2
b10101101 S
1'
#13701600
0'
#13703400
b10101110 S
b110101 2
1'
#13705200
0'
#13707000
b110110 2
b10101111 S
1'
#13708800
0'
#13710600
b10110000 S
b110111 2
1'
#13712400
0'
#13714200
b111000 2
b10110001 S
1'
#13716000
0'
#13717800
b10110010 S
b111001 2
1'
#13719600
0'
#13721400
b111010 2
b10110011 S
1'
#13723200
0'
#13725000
b10110100 S
b111011 2
1'
#13726800
0'
#13728600
b111100 2
b10110101 S
1'
#13730400
0'
#13732200
b10110110 S
b111101 2
1'
#13734000
0'
#13735800
b111110 2
b10110111 S
1'
#13737600
0'
#13739400
b10111000 S
b111111 2
1'
#13741200
0'
#13743000
b1000000 2
b10111001 S
1'
#13744800
0'
#13746600
b10111010 S
b1000001 2
1'
#13748400
0'
#13750200
b1000010 2
b10111011 S
1'
#13752000
0'
#13753800
b10111100 S
b1000011 2
1'
#13755600
0'
#13757400
b1000100 2
b10111101 S
1'
#13759200
0'
#13761000
b10111110 S
b1000101 2
1'
#13762800
0'
#13764600
b1000110 2
b10111111 S
1'
#13766400
0'
#13768200
b11000000 S
b1000111 2
1'
#13770000
0'
#13771800
b1001000 2
b11000001 S
1'
#13773600
0'
#13775400
b11000010 S
b1001001 2
1'
#13777200
0'
#13779000
b1001010 2
b11000011 S
1'
#13780800
0'
#13782600
b11000100 S
b1001011 2
1'
#13784400
0'
#13786200
b1001100 2
b11000101 S
1'
#13788000
0'
#13789800
b11000110 S
b1001101 2
1'
#13791600
0'
#13793400
b1001110 2
b11000111 S
1'
#13795200
0'
#13797000
b11001000 S
b1001111 2
1'
#13798800
0'
#13800600
b1010000 2
b11001001 S
1'
#13802400
0'
#13804200
b11001010 S
b1010001 2
1'
#13806000
0'
#13807800
b1010010 2
b11001011 S
1'
#13809600
0'
#13811400
b11001100 S
b1010011 2
1'
#13813200
0'
#13815000
b1010100 2
b11001101 S
1'
#13816800
0'
#13818600
b11001110 S
b1010101 2
1'
#13820400
0'
#13822200
b1010110 2
b11001111 S
1'
#13824000
0'
#13825800
b11010000 S
b1010111 2
1'
#13827600
0'
#13829400
b1011000 2
b11010001 S
1'
#13831200
0'
#13833000
b11010010 S
b1011001 2
1'
#13834800
0'
#13836600
b1011010 2
b11010011 S
1'
#13838400
0'
#13840200
b11010100 S
b1011011 2
1'
#13842000
0'
#13843800
b1011100 2
b11010101 S
1'
#13845600
0'
#13847400
b11010110 S
b1011101 2
1'
#13849200
0'
#13851000
b1011110 2
b11010111 S
1'
#13852800
0'
#13854600
b11011000 S
b1011111 2
1'
#13856400
0'
#13858200
b1100000 2
b11011001 S
1'
#13860000
0'
#13861800
b11011010 S
b1100001 2
1'
#13863600
0'
#13865400
b1100010 2
b11011011 S
1'
#13867200
0'
#13869000
b11011100 S
b1100011 2
1'
#13870800
0'
#13872600
b1100100 2
b11011101 S
1'
#13874400
0'
#13876200
b11011110 S
b1100101 2
1'
#13878000
0'
#13879800
b1100110 2
b11011111 S
1'
#13881600
0'
#13883400
b11100000 S
b1100111 2
1'
#13885200
0'
#13887000
b1101000 2
b11100001 S
1'
#13888800
0'
#13890600
b11100010 S
b1101001 2
1'
#13892400
0'
#13894200
b1101010 2
b11100011 S
1'
#13896000
0'
#13897800
b11100100 S
b1101011 2
1'
#13899600
0'
#13901400
b1101100 2
b11100101 S
1'
#13903200
0'
#13905000
b11100110 S
b1101101 2
1'
#13906800
0'
#13908600
b1101110 2
b11100111 S
1'
#13910400
0'
#13912200
b11101000 S
b1101111 2
1'
#13914000
0'
#13915800
b1110000 2
b11101001 S
1'
#13917600
0'
#13919400
b110 R
b0 S
b1110001 2
1'
#13921200
0'
#13923000
b1110010 2
b1 S
1'
#13924800
0'
#13926600
b10 S
b1110011 2
1'
#13928400
0'
#13930200
b1110100 2
b11 S
1'
#13932000
0'
#13933800
b100 S
b1110101 2
1'
#13935600
0'
#13937400
b1110110 2
b101 S
1'
#13939200
0'
#13941000
b110 S
b1110111 2
1'
#13942800
0'
#13944600
b1111000 2
b111 S
1'
#13946400
0'
#13948200
b1000 S
b1111001 2
1'
#13950000
0'
#13951800
b1111010 2
b1001 S
1'
#13953600
0'
#13955400
b1010 S
b1111011 2
1'
#13957200
0'
#13959000
b1111100 2
b1011 S
1'
#13960800
0'
#13962600
b1100 S
b1111101 2
1'
#13964400
0'
#13966200
b1111110 2
b1101 S
1'
#13968000
0'
#13969800
b1110 S
b1111111 2
1'
#13971600
0'
#13973400
b10000000 2
b1111 S
1'
#13975200
0'
#13977000
b10000 S
b10000001 2
1'
#13978800
0'
#13980600
b10000010 2
b10001 S
1'
#13982400
0'
#13984200
b10010 S
b10000011 2
1'
#13986000
0'
#13987800
b10000100 2
b10011 S
1'
#13989600
0'
#13991400
b10100 S
b10000101 2
1'
#13993200
0'
#13995000
b10000110 2
b10101 S
1'
#13996800
0'
#13998600
b10110 S
b10000111 2
1'
#14000400
0'
#14002200
b10001000 2
b10111 S
1'
#14004000
0'
#14005800
b11000 S
b10001001 2
1'
#14007600
0'
#14009400
b10001010 2
b11001 S
1'
#14011200
0'
#14013000
b11010 S
b10001011 2
1'
#14014800
0'
#14016600
b10001100 2
b11011 S
1'
#14018400
0'
#14020200
b11100 S
b10001101 2
1'
#14022000
0'
#14023800
b10001110 2
b11101 S
1'
#14025600
0'
#14027400
b11110 S
b10001111 2
1'
#14029200
0'
#14031000
b10010000 2
b11111 S
1'
#14032800
0'
#14034600
b100000 S
b10010001 2
1'
#14036400
0'
#14038200
b10010010 2
b100001 S
1'
#14040000
0'
#14041800
b100010 S
b10010011 2
1'
#14043600
0'
#14045400
b10010100 2
b100011 S
1'
#14047200
0'
#14049000
b100100 S
b10010101 2
1'
#14050800
0'
#14052600
b10010110 2
b100101 S
1'
#14054400
0'
#14056200
b100110 S
b10010111 2
1'
#14058000
0'
#14059800
b10011000 2
b100111 S
1'
#14061600
0'
#14063400
b101000 S
b10011001 2
1'
#14065200
0'
#14067000
b10011010 2
b101001 S
1'
#14068800
0'
#14070600
b101010 S
b10011011 2
1'
#14072400
0'
#14074200
b10011100 2
b101011 S
1'
#14076000
0'
#14077800
b101100 S
b10011101 2
1'
#14079600
0'
#14081400
b10011110 2
b101101 S
1'
#14083200
0'
#14085000
b101110 S
b10011111 2
1'
#14086800
0'
#14088600
b10100000 2
b101111 S
1'
#14090400
0'
#14092200
b110000 S
b10100001 2
1'
#14094000
0'
#14095800
b10100010 2
b110001 S
1'
#14097600
0'
#14099400
b110010 S
b10100011 2
1'
#14101200
0'
#14103000
b10100100 2
b110011 S
1'
#14104800
0'
#14106600
b110100 S
b10100101 2
1'
#14108400
0'
#14110200
b10100110 2
b110101 S
1'
#14112000
0'
#14113800
b110110 S
b10100111 2
1'
#14115600
0'
#14117400
b10101000 2
b110111 S
1'
#14119200
0'
#14121000
b111000 S
b10101001 2
1'
#14122800
0'
#14124600
b10101010 2
b111001 S
1'
#14126400
0'
#14128200
b111010 S
b10101011 2
1'
#14130000
0'
#14131800
b10101100 2
b111011 S
1'
#14133600
0'
#14135400
b111100 S
b10101101 2
1'
#14137200
0'
#14139000
b10101110 2
b111101 S
1'
#14140800
0'
#14142600
b111110 S
b10101111 2
1'
#14144400
0'
#14146200
b10110000 2
b111111 S
1'
#14148000
0'
#14149800
b1000000 S
b10110001 2
1'
#14151600
0'
#14153400
b10110010 2
b1000001 S
1'
#14155200
0'
#14157000
b1000010 S
b10110011 2
1'
#14158800
0'
#14160600
b10110100 2
b1000011 S
1'
#14162400
0'
#14164200
b1000100 S
b10110101 2
1'
#14166000
0'
#14167800
b10110110 2
b1000101 S
1'
#14169600
0'
#14171400
b1000110 S
b10110111 2
1'
#14173200
0'
#14175000
b10111000 2
b1000111 S
1'
#14176800
0'
#14178600
b1001000 S
b10111001 2
1'
#14180400
0'
#14182200
b10111010 2
b1001001 S
1'
#14184000
0'
#14185800
b1001010 S
b10111011 2
1'
#14187600
0'
#14189400
b10111100 2
b1001011 S
1'
#14191200
0'
#14193000
b1001100 S
b10111101 2
1'
#14194800
0'
#14196600
b10111110 2
b1001101 S
1'
#14198400
0'
#14200200
b1001110 S
b10111111 2
1'
#14202000
0'
#14203800
b11000000 2
b1001111 S
1'
#14205600
0'
#14207400
b1010000 S
b11000001 2
1'
#14209200
0'
#14211000
b11000010 2
b1010001 S
1'
#14212800
0'
#14214600
b1010010 S
b11000011 2
1'
#14216400
0'
#14218200
b11000100 2
b1010011 S
1'
#14220000
0'
#14221800
b1010100 S
b11000101 2
1'
#14223600
0'
#14225400
b11000110 2
b1010101 S
1'
#14227200
0'
#14229000
b1010110 S
b11000111 2
1'
#14230800
0'
#14232600
b11001000 2
b1010111 S
1'
#14234400
0'
#14236200
b1011000 S
b11001001 2
1'
#14238000
0'
#14239800
b11001010 2
b1011001 S
1'
#14241600
0'
#14243400
b1011010 S
b11001011 2
1'
#14245200
0'
#14247000
b11001100 2
b1011011 S
1'
#14248800
0'
#14250600
b1011100 S
b11001101 2
1'
#14252400
0'
#14254200
b11001110 2
b1011101 S
1'
#14256000
0'
#14257800
b1011110 S
b11001111 2
1'
#14259600
0'
#14261400
b11010000 2
b1011111 S
1'
#14263200
0'
#14265000
b1100000 S
b11010001 2
1'
#14266800
0'
#14268600
b11010010 2
b1100001 S
1'
#14270400
0'
#14272200
b1100010 S
b11010011 2
1'
#14274000
0'
#14275800
b11010100 2
b1100011 S
1'
#14277600
0'
#14279400
b1100100 S
b11010101 2
1'
#14281200
0'
#14283000
b11010110 2
b1100101 S
1'
#14284800
0'
#14286600
b1100110 S
b11010111 2
1'
#14288400
0'
#14290200
b11011000 2
b1100111 S
1'
#14292000
0'
#14293800
b1101000 S
b11011001 2
1'
#14295600
0'
#14297400
b11011010 2
b1101001 S
1'
#14299200
0'
#14301000
b1101010 S
b11011011 2
1'
#14302800
0'
#14304600
b11011100 2
b1101011 S
1'
#14306400
0'
#14308200
b1101100 S
b11011101 2
1'
#14310000
0'
#14311800
b11011110 2
b1101101 S
1'
#14313600
0'
#14315400
b1101110 S
b11011111 2
1'
#14317200
0'
#14319000
b11100000 2
b1101111 S
1'
#14320800
0'
#14322600
b1110000 S
b11100001 2
1'
#14324400
0'
#14326200
b11100010 2
b1110001 S
1'
#14328000
0'
#14329800
b1110010 S
b11100011 2
1'
#14331600
0'
#14333400
b11100100 2
b1110011 S
1'
#14335200
0'
#14337000
b1110100 S
b11100101 2
1'
#14338800
0'
#14340600
b11100110 2
b1110101 S
1'
#14342400
0'
#14344200
b1110110 S
b11100111 2
1'
#14346000
0'
#14347800
b11101000 2
b1110111 S
1'
#14349600
0'
#14351400
b1111000 S
b11101001 2
1'
#14353200
0'
#14355000
b111 1
b1111111 #
b1111111 *
b1111111 3
b0 2
b1111001 S
1'
#14356800
0'
#14358600
b1111010 S
b1 2
1'
#14360400
0'
#14362200
b10 2
b1111011 S
1'
#14364000
0'
#14365800
b1111100 S
b11 2
1'
#14367600
0'
#14369400
b100 2
b1111101 S
1'
#14371200
0'
#14373000
b1111110 S
b101 2
1'
#14374800
0'
#14376600
b110 2
b1111111 S
1'
#14378400
0'
#14380200
b10000000 S
b111 2
1'
#14382000
0'
#14383800
b1000 2
b10000001 S
1'
#14385600
0'
#14387400
b10000010 S
b1001 2
1'
#14389200
0'
#14391000
b1010 2
b10000011 S
1'
#14392800
0'
#14394600
b10000100 S
b1011 2
1'
#14396400
0'
#14398200
b1100 2
b10000101 S
1'
#14400000
0'
#14401800
b10000110 S
b1101 2
1'
#14403600
0'
#14405400
b1110 2
b10000111 S
1'
#14407200
0'
#14409000
b10001000 S
b1111 2
1'
#14410800
0'
#14412600
b10000 2
b10001001 S
1'
#14414400
0'
#14416200
b10001010 S
b10001 2
1'
#14418000
0'
#14419800
b10010 2
b10001011 S
1'
#14421600
0'
#14423400
b10001100 S
b10011 2
1'
#14425200
0'
#14427000
b10100 2
b10001101 S
1'
#14428800
0'
#14430600
b10001110 S
b10101 2
1'
#14432400
0'
#14434200
b10110 2
b10001111 S
1'
#14436000
0'
#14437800
b10010000 S
b10111 2
1'
#14439600
0'
#14441400
b11000 2
b10010001 S
1'
#14443200
0'
#14445000
b10010010 S
b11001 2
1'
#14446800
0'
#14448600
b11010 2
b10010011 S
1'
#14450400
0'
#14452200
b10010100 S
b11011 2
1'
#14454000
0'
#14455800
b11100 2
b10010101 S
1'
#14457600
0'
#14459400
b10010110 S
b11101 2
1'
#14461200
0'
#14463000
b11110 2
b10010111 S
1'
#14464800
0'
#14466600
b10011000 S
b11111 2
1'
#14468400
0'
#14470200
b100000 2
b10011001 S
1'
#14472000
0'
#14473800
b10011010 S
b100001 2
1'
#14475600
0'
#14477400
b100010 2
b10011011 S
1'
#14479200
0'
#14481000
b10011100 S
b100011 2
1'
#14482800
0'
#14484600
b100100 2
b10011101 S
1'
#14486400
0'
#14488200
b10011110 S
b100101 2
1'
#14490000
0'
#14491800
b100110 2
b10011111 S
1'
#14493600
0'
#14495400
b10100000 S
b100111 2
1'
#14497200
0'
#14499000
b101000 2
b10100001 S
1'
#14500800
0'
#14502600
b10100010 S
b101001 2
1'
#14504400
0'
#14506200
b101010 2
b10100011 S
1'
#14508000
0'
#14509800
b10100100 S
b101011 2
1'
#14511600
0'
#14513400
b101100 2
b10100101 S
1'
#14515200
0'
#14517000
b10100110 S
b101101 2
1'
#14518800
0'
#14520600
b101110 2
b10100111 S
1'
#14522400
0'
#14524200
b10101000 S
b101111 2
1'
#14526000
0'
#14527800
b110000 2
b10101001 S
1'
#14529600
0'
#14531400
b10101010 S
b110001 2
1'
#14533200
0'
#14535000
b110010 2
b10101011 S
1'
#14536800
0'
#14538600
b10101100 S
b110011 2
1'
#14540400
0'
#14542200
b110100 2
b10101101 S
1'
#14544000
0'
#14545800
b10101110 S
b110101 2
1'
#14547600
0'
#14549400
b110110 2
b10101111 S
1'
#14551200
0'
#14553000
b10110000 S
b110111 2
1'
#14554800
0'
#14556600
b111000 2
b10110001 S
1'
#14558400
0'
#14560200
b10110010 S
b111001 2
1'
#14562000
0'
#14563800
b111010 2
b10110011 S
1'
#14565600
0'
#14567400
b10110100 S
b111011 2
1'
#14569200
0'
#14571000
b111100 2
b10110101 S
1'
#14572800
0'
#14574600
b10110110 S
b111101 2
1'
#14576400
0'
#14578200
b111110 2
b10110111 S
1'
#14580000
0'
#14581800
b10111000 S
b111111 2
1'
#14583600
0'
#14585400
b1000000 2
b10111001 S
1'
#14587200
0'
#14589000
b10111010 S
b1000001 2
1'
#14590800
0'
#14592600
b1000010 2
b10111011 S
1'
#14594400
0'
#14596200
b10111100 S
b1000011 2
1'
#14598000
0'
#14599800
b1000100 2
b10111101 S
1'
#14601600
0'
#14603400
b10111110 S
b1000101 2
1'
#14605200
0'
#14607000
b1000110 2
b10111111 S
1'
#14608800
0'
#14610600
b11000000 S
b1000111 2
1'
#14612400
0'
#14614200
b1001000 2
b11000001 S
1'
#14616000
0'
#14617800
b11000010 S
b1001001 2
1'
#14619600
0'
#14621400
b1001010 2
b11000011 S
1'
#14623200
0'
#14625000
b11000100 S
b1001011 2
1'
#14626800
0'
#14628600
b1001100 2
b11000101 S
1'
#14630400
0'
#14632200
b11000110 S
b1001101 2
1'
#14634000
0'
#14635800
b1001110 2
b11000111 S
1'
#14637600
0'
#14639400
b11001000 S
b1001111 2
1'
#14641200
0'
#14643000
b1010000 2
b11001001 S
1'
#14644800
0'
#14646600
b11001010 S
b1010001 2
1'
#14648400
0'
#14650200
b1010010 2
b11001011 S
1'
#14652000
0'
#14653800
b11001100 S
b1010011 2
1'
#14655600
0'
#14657400
b1010100 2
b11001101 S
1'
#14659200
0'
#14661000
b11001110 S
b1010101 2
1'
#14662800
0'
#14664600
b1010110 2
b11001111 S
1'
#14666400
0'
#14668200
b11010000 S
b1010111 2
1'
#14670000
0'
#14671800
b1011000 2
b11010001 S
1'
#14673600
0'
#14675400
b11010010 S
b1011001 2
1'
#14677200
0'
#14679000
b1011010 2
b11010011 S
1'
#14680800
0'
#14682600
b11010100 S
b1011011 2
1'
#14684400
0'
#14686200
b1011100 2
b11010101 S
1'
#14688000
0'
#14689800
b11010110 S
b1011101 2
1'
#14691600
0'
#14693400
b1011110 2
b11010111 S
1'
#14695200
0'
#14697000
b11011000 S
b1011111 2
1'
#14698800
0'
#14700600
b1100000 2
b11011001 S
1'
#14702400
0'
#14704200
b11011010 S
b1100001 2
1'
#14706000
0'
#14707800
b1100010 2
b11011011 S
1'
#14709600
0'
#14711400
b11011100 S
b1100011 2
1'
#14713200
0'
#14715000
b1100100 2
b11011101 S
1'
#14716800
0'
#14718600
b11011110 S
b1100101 2
1'
#14720400
0'
#14722200
b1100110 2
b11011111 S
1'
#14724000
0'
#14725800
b11100000 S
b1100111 2
1'
#14727600
0'
#14729400
b1101000 2
b11100001 S
1'
#14731200
0'
#14733000
b11100010 S
b1101001 2
1'
#14734800
0'
#14736600
b1101010 2
b11100011 S
1'
#14738400
0'
#14740200
b11100100 S
b1101011 2
1'
#14742000
0'
#14743800
b1101100 2
b11100101 S
1'
#14745600
0'
#14747400
b11100110 S
b1101101 2
1'
#14749200
0'
#14751000
b1101110 2
b11100111 S
1'
#14752800
0'
#14754600
b11101000 S
b1101111 2
1'
#14756400
0'
#14758200
b1110000 2
b11101001 S
1'
#14760000
0'
#14761800
b111 R
b0 S
b1110001 2
1'
#14763600
0'
#14765400
b1110010 2
b1 S
1'
#14767200
0'
#14769000
b10 S
b1110011 2
1'
#14770800
0'
#14772600
b1110100 2
b11 S
1'
#14774400
0'
#14776200
b100 S
b1110101 2
1'
#14778000
0'
#14779800
b1110110 2
b101 S
1'
#14781600
0'
#14783400
b110 S
b1110111 2
1'
#14785200
0'
#14787000
b1111000 2
b111 S
1'
#14788800
0'
#14790600
b1000 S
b1111001 2
1'
#14792400
0'
#14794200
b1111010 2
b1001 S
1'
#14796000
0'
#14797800
b1010 S
b1111011 2
1'
#14799600
0'
#14801400
b1111100 2
b1011 S
1'
#14803200
0'
#14805000
b1100 S
b1111101 2
1'
#14806800
0'
#14808600
b1111110 2
b1101 S
1'
#14810400
0'
#14812200
b1110 S
b1111111 2
1'
#14814000
0'
#14815800
b10000000 2
b1111 S
1'
#14817600
0'
#14819400
b10000 S
b10000001 2
1'
#14821200
0'
#14823000
b10000010 2
b10001 S
1'
#14824800
0'
#14826600
b10010 S
b10000011 2
1'
#14828400
0'
#14830200
b10000100 2
b10011 S
1'
#14832000
0'
#14833800
b10100 S
b10000101 2
1'
#14835600
0'
#14837400
b10000110 2
b10101 S
1'
#14839200
0'
#14841000
b10110 S
b10000111 2
1'
#14842800
0'
#14844600
b10001000 2
b10111 S
1'
#14846400
0'
#14848200
b11000 S
b10001001 2
1'
#14850000
0'
#14851800
b10001010 2
b11001 S
1'
#14853600
0'
#14855400
b11010 S
b10001011 2
1'
#14857200
0'
#14859000
b10001100 2
b11011 S
1'
#14860800
0'
#14862600
b11100 S
b10001101 2
1'
#14864400
0'
#14866200
b10001110 2
b11101 S
1'
#14868000
0'
#14869800
b11110 S
b10001111 2
1'
#14871600
0'
#14873400
b10010000 2
b11111 S
1'
#14875200
0'
#14877000
b100000 S
b10010001 2
1'
#14878800
0'
#14880600
b10010010 2
b100001 S
1'
#14882400
0'
#14884200
b100010 S
b10010011 2
1'
#14886000
0'
#14887800
b10010100 2
b100011 S
1'
#14889600
0'
#14891400
b100100 S
b10010101 2
1'
#14893200
0'
#14895000
b10010110 2
b100101 S
1'
#14896800
0'
#14898600
b100110 S
b10010111 2
1'
#14900400
0'
#14902200
b10011000 2
b100111 S
1'
#14904000
0'
#14905800
b101000 S
b10011001 2
1'
#14907600
0'
#14909400
b10011010 2
b101001 S
1'
#14911200
0'
#14913000
b101010 S
b10011011 2
1'
#14914800
0'
#14916600
b10011100 2
b101011 S
1'
#14918400
0'
#14920200
b101100 S
b10011101 2
1'
#14922000
0'
#14923800
b10011110 2
b101101 S
1'
#14925600
0'
#14927400
b101110 S
b10011111 2
1'
#14929200
0'
#14931000
b10100000 2
b101111 S
1'
#14932800
0'
#14934600
b110000 S
b10100001 2
1'
#14936400
0'
#14938200
b10100010 2
b110001 S
1'
#14940000
0'
#14941800
b110010 S
b10100011 2
1'
#14943600
0'
#14945400
b10100100 2
b110011 S
1'
#14947200
0'
#14949000
b110100 S
b10100101 2
1'
#14950800
0'
#14952600
b10100110 2
b110101 S
1'
#14954400
0'
#14956200
b110110 S
b10100111 2
1'
#14958000
0'
#14959800
b10101000 2
b110111 S
1'
#14961600
0'
#14963400
b111000 S
b10101001 2
1'
#14965200
0'
#14967000
b10101010 2
b111001 S
1'
#14968800
0'
#14970600
b111010 S
b10101011 2
1'
#14972400
0'
#14974200
b10101100 2
b111011 S
1'
#14976000
0'
#14977800
b111100 S
b10101101 2
1'
#14979600
0'
#14981400
b10101110 2
b111101 S
1'
#14983200
0'
#14985000
b111110 S
b10101111 2
1'
#14986800
0'
#14988600
b10110000 2
b111111 S
1'
#14990400
0'
#14992200
b1000000 S
b10110001 2
1'
#14994000
0'
#14995800
b10110010 2
b1000001 S
1'
#14997600
0'
#14999400
b1000010 S
b10110011 2
1'
#15001200
0'
#15003000
b10110100 2
b1000011 S
1'
#15004800
0'
#15006600
b1000100 S
b10110101 2
1'
#15008400
0'
#15010200
b10110110 2
b1000101 S
1'
#15012000
0'
#15013800
b1000110 S
b10110111 2
1'
#15015600
0'
#15017400
b10111000 2
b1000111 S
1'
#15019200
0'
#15021000
b1001000 S
b10111001 2
1'
#15022800
0'
#15024600
b10111010 2
b1001001 S
1'
#15026400
0'
#15028200
b1001010 S
b10111011 2
1'
#15030000
0'
#15031800
b10111100 2
b1001011 S
1'
#15033600
0'
#15035400
b1001100 S
b10111101 2
1'
#15037200
0'
#15039000
b10111110 2
b1001101 S
1'
#15040800
0'
#15042600
b1001110 S
b10111111 2
1'
#15044400
0'
#15046200
b11000000 2
b1001111 S
1'
#15048000
0'
#15049800
b1010000 S
b11000001 2
1'
#15051600
0'
#15053400
b11000010 2
b1010001 S
1'
#15055200
0'
#15057000
b1010010 S
b11000011 2
1'
#15058800
0'
#15060600
b11000100 2
b1010011 S
1'
#15062400
0'
#15064200
b1010100 S
b11000101 2
1'
#15066000
0'
#15067800
b11000110 2
b1010101 S
1'
#15069600
0'
#15071400
b1010110 S
b11000111 2
1'
#15073200
0'
#15075000
b11001000 2
b1010111 S
1'
#15076800
0'
#15078600
b1011000 S
b11001001 2
1'
#15080400
0'
#15082200
b11001010 2
b1011001 S
1'
#15084000
0'
#15085800
b1011010 S
b11001011 2
1'
#15087600
0'
#15089400
b11001100 2
b1011011 S
1'
#15091200
0'
#15093000
b1011100 S
b11001101 2
1'
#15094800
0'
#15096600
b11001110 2
b1011101 S
1'
#15098400
0'
#15100200
b1011110 S
b11001111 2
1'
#15102000
0'
#15103800
b11010000 2
b1011111 S
1'
#15105600
0'
#15107400
b1100000 S
b11010001 2
1'
#15109200
0'
#15111000
b11010010 2
b1100001 S
1'
#15112800
0'
#15114600
b1100010 S
b11010011 2
1'
#15116400
0'
#15118200
b11010100 2
b1100011 S
1'
#15120000
0'
#15121800
b1100100 S
b11010101 2
1'
#15123600
0'
#15125400
b11010110 2
b1100101 S
1'
#15127200
0'
#15129000
b1100110 S
b11010111 2
1'
#15130800
0'
#15132600
b11011000 2
b1100111 S
1'
#15134400
0'
#15136200
b1101000 S
b11011001 2
1'
#15138000
0'
#15139800
b11011010 2
b1101001 S
1'
#15141600
0'
#15143400
b1101010 S
b11011011 2
1'
#15145200
0'
#15147000
b11011100 2
b1101011 S
1'
#15148800
0'
#15150600
b1101100 S
b11011101 2
1'
#15152400
0'
#15154200
b11011110 2
b1101101 S
1'
#15156000
0'
#15157800
b1101110 S
b11011111 2
1'
#15159600
0'
#15161400
b11100000 2
b1101111 S
1'
#15163200
0'
#15165000
b1110000 S
b11100001 2
1'
#15166800
0'
#15168600
b11100010 2
b1110001 S
1'
#15170400
0'
#15172200
b1110010 S
b11100011 2
1'
#15174000
0'
#15175800
b11100100 2
b1110011 S
1'
#15177600
0'
#15179400
b1110100 S
b11100101 2
1'
#15181200
0'
#15183000
b11100110 2
b1110101 S
1'
#15184800
0'
#15186600
b1110110 S
b11100111 2
1'
#15188400
0'
#15190200
b11101000 2
b1110111 S
1'
#15192000
0'
#15193800
b1111000 S
b11101001 2
1'
#15195600
0'
#15197400
b11 7
b0 1
b11111111 #
b11111111 *
b11111111 3
b0 2
b1111001 S
1'
#15199200
0'
#15201000
b1111010 S
b1 2
1'
#15202800
0'
#15204600
b10 2
b1111011 S
1'
#15206400
0'
#15208200
b1111100 S
b11 2
1'
#15210000
0'
#15211800
b100 2
b1111101 S
1'
#15213600
0'
#15215400
b1111110 S
b101 2
1'
#15217200
0'
#15219000
b110 2
b1111111 S
1'
#15220800
0'
#15222600
b10000000 S
b111 2
1'
#15224400
0'
#15226200
b1000 2
b10000001 S
1'
#15228000
0'
#15229800
b10000010 S
b1001 2
1'
#15231600
0'
#15233400
b1010 2
b10000011 S
1'
#15235200
0'
#15237000
b10000100 S
b1011 2
1'
#15238800
0'
#15240600
b1100 2
b10000101 S
1'
#15242400
0'
#15244200
b10000110 S
b1101 2
1'
#15246000
0'
#15247800
b1110 2
b10000111 S
1'
#15249600
0'
#15251400
b10001000 S
b1111 2
1'
#15253200
0'
#15255000
b10000 2
b10001001 S
1'
#15256800
0'
#15258600
b10001010 S
b10001 2
1'
#15260400
0'
#15262200
b10010 2
b10001011 S
1'
#15264000
0'
#15265800
b10001100 S
b10011 2
1'
#15267600
0'
#15269400
b10100 2
b10001101 S
1'
#15271200
0'
#15273000
b10001110 S
b10101 2
1'
#15274800
0'
#15276600
b10110 2
b10001111 S
1'
#15278400
0'
#15280200
b10010000 S
b10111 2
1'
#15282000
0'
#15283800
b11000 2
b10010001 S
1'
#15285600
0'
#15287400
b10010010 S
b11001 2
1'
#15289200
0'
#15291000
b11010 2
b10010011 S
1'
#15292800
0'
#15294600
b10010100 S
b11011 2
1'
#15296400
0'
#15298200
b11100 2
b10010101 S
1'
#15300000
0'
#15301800
b10010110 S
b11101 2
1'
#15303600
0'
#15305400
b11110 2
b10010111 S
1'
#15307200
0'
#15309000
b10011000 S
b11111 2
1'
#15310800
0'
#15312600
b100000 2
b10011001 S
1'
#15314400
0'
#15316200
b10011010 S
b100001 2
1'
#15318000
0'
#15319800
b100010 2
b10011011 S
1'
#15321600
0'
#15323400
b10011100 S
b100011 2
1'
#15325200
0'
#15327000
b100100 2
b10011101 S
1'
#15328800
0'
#15330600
b10011110 S
b100101 2
1'
#15332400
0'
#15334200
b100110 2
b10011111 S
1'
#15336000
0'
#15337800
b10100000 S
b100111 2
1'
#15339600
0'
#15341400
b101000 2
b10100001 S
1'
#15343200
0'
#15345000
b10100010 S
b101001 2
1'
#15346800
0'
#15348600
b101010 2
b10100011 S
1'
#15350400
0'
#15352200
b10100100 S
b101011 2
1'
#15354000
0'
#15355800
b101100 2
b10100101 S
1'
#15357600
0'
#15359400
b10100110 S
b101101 2
1'
#15361200
0'
#15363000
b101110 2
b10100111 S
1'
#15364800
0'
#15366600
b10101000 S
b101111 2
1'
#15368400
0'
#15370200
b110000 2
b10101001 S
1'
#15372000
0'
#15373800
b10101010 S
b110001 2
1'
#15375600
0'
#15377400
b110010 2
b10101011 S
1'
#15379200
0'
#15381000
b10101100 S
b110011 2
1'
#15382800
0'
#15384600
b110100 2
b10101101 S
1'
#15386400
0'
#15388200
b10101110 S
b110101 2
1'
#15390000
0'
#15391800
b110110 2
b10101111 S
1'
#15393600
0'
#15395400
b10110000 S
b110111 2
1'
#15397200
0'
#15399000
b111000 2
b10110001 S
1'
#15400800
0'
#15402600
b10110010 S
b111001 2
1'
#15404400
0'
#15406200
b111010 2
b10110011 S
1'
#15408000
0'
#15409800
b10110100 S
b111011 2
1'
#15411600
0'
#15413400
b111100 2
b10110101 S
1'
#15415200
0'
#15417000
b10110110 S
b111101 2
1'
#15418800
0'
#15420600
b111110 2
b10110111 S
1'
#15422400
0'
#15424200
b10111000 S
b111111 2
1'
#15426000
0'
#15427800
b1000000 2
b10111001 S
1'
#15429600
0'
#15431400
b10111010 S
b1000001 2
1'
#15433200
0'
#15435000
b1000010 2
b10111011 S
1'
#15436800
0'
#15438600
b10111100 S
b1000011 2
1'
#15440400
0'
#15442200
b1000100 2
b10111101 S
1'
#15444000
0'
#15445800
b10111110 S
b1000101 2
1'
#15447600
0'
#15449400
b1000110 2
b10111111 S
1'
#15451200
0'
#15453000
b11000000 S
b1000111 2
1'
#15454800
0'
#15456600
b1001000 2
b11000001 S
1'
#15458400
0'
#15460200
b11000010 S
b1001001 2
1'
#15462000
0'
#15463800
b1001010 2
b11000011 S
1'
#15465600
0'
#15467400
b11000100 S
b1001011 2
1'
#15469200
0'
#15471000
b1001100 2
b11000101 S
1'
#15472800
0'
#15474600
b11000110 S
b1001101 2
1'
#15476400
0'
#15478200
b1001110 2
b11000111 S
1'
#15480000
0'
#15481800
b11001000 S
b1001111 2
1'
#15483600
0'
#15485400
b1010000 2
b11001001 S
1'
#15487200
0'
#15489000
b11001010 S
b1010001 2
1'
#15490800
0'
#15492600
b1010010 2
b11001011 S
1'
#15494400
0'
#15496200
b11001100 S
b1010011 2
1'
#15498000
0'
#15499800
b1010100 2
b11001101 S
1'
#15501600
0'
#15503400
b11001110 S
b1010101 2
1'
#15505200
0'
#15507000
b1010110 2
b11001111 S
1'
#15508800
0'
#15510600
b11010000 S
b1010111 2
1'
#15512400
0'
#15514200
b1011000 2
b11010001 S
1'
#15516000
0'
#15517800
b11010010 S
b1011001 2
1'
#15519600
0'
#15521400
b1011010 2
b11010011 S
1'
#15523200
0'
#15525000
b11010100 S
b1011011 2
1'
#15526800
0'
#15528600
b1011100 2
b11010101 S
1'
#15530400
0'
#15532200
b11010110 S
b1011101 2
1'
#15534000
0'
#15535800
b1011110 2
b11010111 S
1'
#15537600
0'
#15539400
b11011000 S
b1011111 2
1'
#15541200
0'
#15543000
b1100000 2
b11011001 S
1'
#15544800
0'
#15546600
b11011010 S
b1100001 2
1'
#15548400
0'
#15550200
b1100010 2
b11011011 S
1'
#15552000
0'
#15553800
b11011100 S
b1100011 2
1'
#15555600
0'
#15557400
b1100100 2
b11011101 S
1'
#15559200
0'
#15561000
b11011110 S
b1100101 2
1'
#15562800
0'
#15564600
b1100110 2
b11011111 S
1'
#15566400
0'
#15568200
b11100000 S
b1100111 2
1'
#15570000
0'
#15571800
b1101000 2
b11100001 S
1'
#15573600
0'
#15575400
b11100010 S
b1101001 2
1'
#15577200
0'
#15579000
b1101010 2
b11100011 S
1'
#15580800
0'
#15582600
b11100100 S
b1101011 2
1'
#15584400
0'
#15586200
b1101100 2
b11100101 S
1'
#15588000
0'
#15589800
b11100110 S
b1101101 2
1'
#15591600
0'
#15593400
b1101110 2
b11100111 S
1'
#15595200
0'
#15597000
b11101000 S
b1101111 2
1'
#15598800
0'
#15600600
b1110000 2
b11101001 S
1'
#15602400
0'
#15604200
b11 T
b0 R
b0 S
b1110001 2
1'
#15606000
0'
#15607800
b1110010 2
b1 S
1'
#15609600
0'
#15611400
b10 S
b1110011 2
1'
#15613200
0'
#15615000
b1110100 2
b11 S
1'
#15616800
0'
#15618600
b100 S
b1110101 2
1'
#15620400
0'
#15622200
b1110110 2
b101 S
1'
#15624000
0'
#15625800
b110 S
b1110111 2
1'
#15627600
0'
#15629400
b1111000 2
b111 S
1'
#15631200
0'
#15633000
b1000 S
b1111001 2
1'
#15634800
0'
#15636600
b1111010 2
b1001 S
1'
#15638400
0'
#15640200
b1010 S
b1111011 2
1'
#15642000
0'
#15643800
b1111100 2
b1011 S
1'
#15645600
0'
#15647400
b1100 S
b1111101 2
1'
#15649200
0'
#15651000
b1111110 2
b1101 S
1'
#15652800
0'
#15654600
b1110 S
b1111111 2
1'
#15656400
0'
#15658200
b10000000 2
b1111 S
1'
#15660000
0'
#15661800
b10000 S
b10000001 2
1'
#15663600
0'
#15665400
b10000010 2
b10001 S
1'
#15667200
0'
#15669000
b10010 S
b10000011 2
1'
#15670800
0'
#15672600
b10000100 2
b10011 S
1'
#15674400
0'
#15676200
b10100 S
b10000101 2
1'
#15678000
0'
#15679800
b10000110 2
b10101 S
1'
#15681600
0'
#15683400
b10110 S
b10000111 2
1'
#15685200
0'
#15687000
b10001000 2
b10111 S
1'
#15688800
0'
#15690600
b11000 S
b10001001 2
1'
#15692400
0'
#15694200
b10001010 2
b11001 S
1'
#15696000
0'
#15697800
b11010 S
b10001011 2
1'
#15699600
0'
#15701400
b10001100 2
b11011 S
1'
#15703200
0'
#15705000
b11100 S
b10001101 2
1'
#15706800
0'
#15708600
b10001110 2
b11101 S
1'
#15710400
0'
#15712200
b11110 S
b10001111 2
1'
#15714000
0'
#15715800
b10010000 2
b11111 S
1'
#15717600
0'
#15719400
b100000 S
b10010001 2
1'
#15721200
0'
#15723000
b10010010 2
b100001 S
1'
#15724800
0'
#15726600
b100010 S
b10010011 2
1'
#15728400
0'
#15730200
b10010100 2
b100011 S
1'
#15732000
0'
#15733800
b100100 S
b10010101 2
1'
#15735600
0'
#15737400
b10010110 2
b100101 S
1'
#15739200
0'
#15741000
b100110 S
b10010111 2
1'
#15742800
0'
#15744600
b10011000 2
b100111 S
1'
#15746400
0'
#15748200
b101000 S
b10011001 2
1'
#15750000
0'
#15751800
b10011010 2
b101001 S
1'
#15753600
0'
#15755400
b101010 S
b10011011 2
1'
#15757200
0'
#15759000
b10011100 2
b101011 S
1'
#15760800
0'
#15762600
b101100 S
b10011101 2
1'
#15764400
0'
#15766200
b10011110 2
b101101 S
1'
#15768000
0'
#15769800
b101110 S
b10011111 2
1'
#15771600
0'
#15773400
b10100000 2
b101111 S
1'
#15775200
0'
#15777000
b110000 S
b10100001 2
1'
#15778800
0'
#15780600
b10100010 2
b110001 S
1'
#15782400
0'
#15784200
b110010 S
b10100011 2
1'
#15786000
0'
#15787800
b10100100 2
b110011 S
1'
#15789600
0'
#15791400
b110100 S
b10100101 2
1'
#15793200
0'
#15795000
b10100110 2
b110101 S
1'
#15796800
0'
#15798600
b110110 S
b10100111 2
1'
#15800400
0'
#15802200
b10101000 2
b110111 S
1'
#15804000
0'
#15805800
b111000 S
b10101001 2
1'
#15807600
0'
#15809400
b10101010 2
b111001 S
1'
#15811200
0'
#15813000
b111010 S
b10101011 2
1'
#15814800
0'
#15816600
b10101100 2
b111011 S
1'
#15818400
0'
#15820200
b111100 S
b10101101 2
1'
#15822000
0'
#15823800
b10101110 2
b111101 S
1'
#15825600
0'
#15827400
b111110 S
b10101111 2
1'
#15829200
0'
#15831000
b10110000 2
b111111 S
1'
#15832800
0'
#15834600
b1000000 S
b10110001 2
1'
#15836400
0'
#15838200
b10110010 2
b1000001 S
1'
#15840000
0'
#15841800
b1000010 S
b10110011 2
1'
#15843600
0'
#15845400
b10110100 2
b1000011 S
1'
#15847200
0'
#15849000
b1000100 S
b10110101 2
1'
#15850800
0'
#15852600
b10110110 2
b1000101 S
1'
#15854400
0'
#15856200
b1000110 S
b10110111 2
1'
#15858000
0'
#15859800
b10111000 2
b1000111 S
1'
#15861600
0'
#15863400
b1001000 S
b10111001 2
1'
#15865200
0'
#15867000
b10111010 2
b1001001 S
1'
#15868800
0'
#15870600
b1001010 S
b10111011 2
1'
#15872400
0'
#15874200
b10111100 2
b1001011 S
1'
#15876000
0'
#15877800
b1001100 S
b10111101 2
1'
#15879600
0'
#15881400
b10111110 2
b1001101 S
1'
#15883200
0'
#15885000
b1001110 S
b10111111 2
1'
#15886800
0'
#15888600
b11000000 2
b1001111 S
1'
#15890400
0'
#15892200
b1010000 S
b11000001 2
1'
#15894000
0'
#15895800
b11000010 2
b1010001 S
1'
#15897600
0'
#15899400
b1010010 S
b11000011 2
1'
#15901200
0'
#15903000
b11000100 2
b1010011 S
1'
#15904800
0'
#15906600
b1010100 S
b11000101 2
1'
#15908400
0'
#15910200
b11000110 2
b1010101 S
1'
#15912000
0'
#15913800
b1010110 S
b11000111 2
1'
#15915600
0'
#15917400
b11001000 2
b1010111 S
1'
#15919200
0'
#15921000
b1011000 S
b11001001 2
1'
#15922800
0'
#15924600
b11001010 2
b1011001 S
1'
#15926400
0'
#15928200
b1011010 S
b11001011 2
1'
#15930000
0'
#15931800
b11001100 2
b1011011 S
1'
#15933600
0'
#15935400
b1011100 S
b11001101 2
1'
#15937200
0'
#15939000
b11001110 2
b1011101 S
1'
#15940800
0'
#15942600
b1011110 S
b11001111 2
1'
#15944400
0'
#15946200
b11010000 2
b1011111 S
1'
#15948000
0'
#15949800
b1100000 S
b11010001 2
1'
#15951600
0'
#15953400
b11010010 2
b1100001 S
1'
#15955200
0'
#15957000
b1100010 S
b11010011 2
1'
#15958800
0'
#15960600
b11010100 2
b1100011 S
1'
#15962400
0'
#15964200
b1100100 S
b11010101 2
1'
#15966000
0'
#15967800
b11010110 2
b1100101 S
1'
#15969600
0'
#15971400
b1100110 S
b11010111 2
1'
#15973200
0'
#15975000
b11011000 2
b1100111 S
1'
#15976800
0'
#15978600
b1101000 S
b11011001 2
1'
#15980400
0'
#15982200
b11011010 2
b1101001 S
1'
#15984000
0'
#15985800
b1101010 S
b11011011 2
1'
#15987600
0'
#15989400
b11011100 2
b1101011 S
1'
#15991200
0'
#15993000
b1101100 S
b11011101 2
1'
#15994800
0'
#15996600
b11011110 2
b1101101 S
1'
#15998400
0'
#16000200
b1101110 S
b11011111 2
1'
#16002000
0'
#16003800
b11100000 2
b1101111 S
1'
#16005600
0'
#16007400
b1110000 S
b11100001 2
1'
#16009200
0'
#16011000
b11100010 2
b1110001 S
1'
#16012800
0'
#16014600
b1110010 S
b11100011 2
1'
#16016400
0'
#16018200
b11100100 2
b1110011 S
1'
#16020000
0'
#16021800
b1110100 S
b11100101 2
1'
#16023600
0'
#16025400
b11100110 2
b1110101 S
1'
#16027200
0'
#16029000
b1110110 S
b11100111 2
1'
#16030800
0'
#16032600
b11101000 2
b1110111 S
1'
#16034400
0'
#16036200
b1111000 S
b11101001 2
1'
#16038000
0'
#16039800
b100 7
b0 2
1"
14
b1111001 S
1'
